planCode,planName,planBudget,branchCode,branchName,l1Code,l1Name,l2Code,l2Name,level,amount,desc,descIdx,descShared,headcount,nameMatched,sumMatched,inheritedSub,orphan,multiSum,inferred,ambiguous
"5120010100","一般行政","1,620,528","01","人員維持","","","","","分支計畫","811307","","","","","","","","","","",""
"5120010100","一般行政","1,620,528","01","人員維持","1000","人事費","","","用途別一級","811307","本項計需經費811,307千元，其內容如下：","0","true","","","","","","","",""
"5120010100","一般行政","1,620,528","01","人員維持","1000","人事費","1010","政務人員待遇","用途別二級","7409","人數未單獨列示，含於「職員494人」內。","","","true","","","","","","",""
"5120010100","一般行政","1,620,528","01","人員維持","1000","人事費","1015","法定編制人員待遇","用途別二級","437669","職員494人（含政務人員）、駐警8人。","","","true","","","","","","",""
"5120010100","一般行政","1,620,528","01","人員維持","1000","人事費","1020","約聘僱人員待遇","用途別二級","43259","聘用人員30人、約僱人員19人。","","","true","","","","","","",""
"5120010100","一般行政","1,620,528","01","人員維持","1000","人事費","1025","技工及工友待遇","用途別二級","3132","技工2人、駕駛2人、工友7人。","","","true","","","","","","",""
"5120010100","一般行政","1,620,528","01","人員維持","1000","人事費","1030","獎金","用途別二級","108819","1.本部人員待遇及獎金，計600,288千元，包括職員494人（本部474人及駐外20人）、技工2人、駕駛2人、工友7人、駐警8人、聘用人員30人及約僱人員19人，編列人事費491,469千元，年終工作獎金、考績獎金及本部優秀員工獎勵金108,819千元。","1","","","true","","","","","",""
"5120010100","一般行政","1,620,528","01","人員維持","1000","人事費","1035","其他給與","用途別二級","9688","2.其他給與及加班費76,277千元，包括其他給與9,688千元，員工超時工作加班費40,613千元，不休假加班費25,976千元。","2","true","","true","","","","","",""
"5120010100","一般行政","1,620,528","01","人員維持","1000","人事費","1040","加班費","用途別二級","66589","2.其他給與及加班費76,277千元，包括其他給與9,688千元，員工超時工作加班費40,613千元，不休假加班費25,976千元。","2","true","","","true","","","","",""
"5120010100","一般行政","1,620,528","01","人員維持","1000","人事費","1045","退休退職給付","用途別二級","7224","3.駐警退休退職給付費等7,224千元。","3","","","true","","","","","",""
"5120010100","一般行政","1,620,528","01","人員維持","1000","人事費","1050","退休離職儲金","用途別二級","62163","4.員工（含駐外人員）退休離職儲金62,163千元，包括：(1)政務人員離職儲金政府負擔部分324千元。(2)公務人員退撫基金政府負擔部分50,871千元。(3)約聘僱人員離職儲金政府負擔部分232千元。(4)勞工退休準備金10,736千元。","4","","","true","","true","","","",""
"5120010100","一般行政","1,620,528","01","人員維持","1000","人事費","1055","保險","用途別二級","65355","5.員工（含駐外人員）保險費65,355千元，包括：(1)全民健康保險保險費政府負擔公務人員部分42,956千元，勞工部分4,536千元，合共47,492千元。(2)公務人員保險保險費政府負擔部分13,651千元。(3)勞工保險保險費政府負擔部分4,212千元。","8","","","true","","true","","","",""
"5120010100","一般行政","1,620,528","02","基本行政工作維持","","","","","分支計畫","165546","","","","","","","","","","",""
"5120010100","一般行政","1,620,528","02","基本行政工作維持","2000","業務費","","","用途別一級","165546","項計需經費165,546千元，其內容如下：","0","true","","","","","","","",""
"5120010100","一般行政","1,620,528","02","基本行政工作維持","2000","業務費","2006","水電費","用途別二級","13493","1.水電費13,493千元：本部辦公廳舍水費282千元，電費13,211千元（含本部、忠孝大樓、徐州路大樓、中央聯合辦公大樓南棟及中和庫房等）。","1","","","true","","","","","",""
"5120010100","一般行政","1,620,528","02","基本行政工作維持","2000","業務費","2009","通訊費","用途別二級","10600","2.通訊費10,600千元。","2","","","true","","","","","",""
"5120010100","一般行政","1,620,528","02","基本行政工作維持","2000","業務費","2021","其他業務租金","用途別二級","9072","3.本部租用複印機（影印、傳真及掃描功能）等其他業務租金9,072千元。","3","","","true","","","","","",""
"5120010100","一般行政","1,620,528","02","基本行政工作維持","2000","業務費","2024","稅捐及規費","用途別二級","340","4.稅捐及規費340千元，包括：(1)本部自有車輛（含機車）13輛所需之燃料使用費121千元及牌照稅158千元。(2)本部經管各辦公大樓房屋稅、地價稅及使用執照61千元。","4","","","true","","true","","","",""
"5120010100","一般行政","1,620,528","02","基本行政工作維持","2000","業務費","2027","保險費","用途別二級","708","5.保險費708千元，包括：(1)法定責任保險54千元，本部自有車輛（含機車）13輛所需之強制險、第三人責任險及乘客險等法定責任保險。(2)對財產保險654千元，本部自有車輛12輛所需之甲、乙式車體險、竊盜險等保險費520千元，及本部辦公廳舍之火災保險、地震險及公共意外責任險等保險費134千元（含本部、忠孝大樓、徐州路大樓、中央聯合辦公大樓南棟及科技大樓等）。","6","","","true","","true","","","",""
"5120010100","一般行政","1,620,528","02","基本行政工作維持","2000","業務費","2033","約用人員酬金","用途別二級","9971","6.辦理事務財管業務（含總務事務、各類所得稅扣繳業務、財產管理）、土地管理、文書管理、檔案管理、會計帳務及處理與主管相關行政業務等所需人力經費9,971千元。","8","","","","","","","","",""
"5120010100","一般行政","1,620,528","02","基本行政工作維持","2000","業務費","2036","按日按件計資酬金","用途別二級","2051","7.按日按件計資酬金2,051千元，係辦理總務相關工作所需仰賴事務勞力以按日按件處理之經費，包括：(1)依採購稽核作業要點及工程品質查核作業要點，辦理採購、工程查核及教育訓練等經費950千元。(2)公共建設計畫委員之審查費、出席費及交通費660千元。(3)依檔案管理考評要點辦理檔案管理考評及輔導所屬參獎之外聘委員考評訪視費、審查費及差旅費等441千元。","9","","","true","","true","","","",""
"5120010100","一般行政","1,620,528","02","基本行政工作維持","2000","業務費","2051","物品","用途別二級","7097","8.物品7,097千元，包括：(1)文具用品及紙張等消耗品購置費4,252千元。(2)非消耗性物品購置費2,336千元。(3)油料費509千元：中型柴油車2輛，每輛月耗柴油190公升，年需116千元；小汽車4輛，每輛月耗95高級汽油139公升，年需188千元；油電混合小汽車3輛，每輛月耗95高級汽油95公升，年需96千元；機車1輛，每輛月耗95高級汽油26公升，年需9千元；貨車1輛，每輛月耗92高級汽油139公升，年需45千元；小客貨兩用車1輛，每輛月耗95高級汽油139公升，年需47千元，另預計115年10月增購油電混合車1輛，每輛月耗95高級汽油95公升，3個月計需8千元，合共509千元。","12","","","true","","true","","","",""
"5120010100","一般行政","1,620,528","02","基本行政工作維持","2000","業務費","2054","一般事務費","用途別二級","96377","9.一般事務費96,377千元，包括：(1)按本部員額編列事務費及按本部僱用之員工人數編列文康活動費等2,658千元。(2)分擔中央聯合辦公大樓管理委員會所需經費8,034千元。(3)分擔科技大樓管理委員會所需經費11,040千元。(4)環境布置費720千元。(5)檔案鑑定審選、公職人員財產申報及會計資料登錄、報稅處理、事務財管、總務出納、部次長室、參事督學室等所需人力經費7,139千元。(6)總機話務、公務車駕駛所需人力經費9,864千元。(7)警衛勤務所需人力經費6,975千元。(8)辦理公文傳遞及資料登錄所需人力經費7,525千元。(9)本部總收發文等作業所需經費10,769千元。(10)本部環境清潔等所需人力經費9,790千元（含本部、忠孝大樓、徐州路大樓、中央聯合辦公大樓南棟及科技大樓等）。(11)本部檔案點收、立案、編目、掃描、整卷、上架、清理（查）、移交（轉）、銷毀、檔案庫房安全管理與設施維護及檔案調還卷作業等所需人力經費18,157千元。(12)本部檔案清理、鑑定及國家檔案審選等作業所需經費380千元。(13)徐州及中和檔案庫房消毒、天然災害之復原及清運、檔案卷夾清潔經費234千元。(14)駐警人員服裝與執勤人員夜點費及協勤單位慰問金658千元。(15)駐警安全維護設備更新經費134千元。(16)國有公用財產管理系統維護及所需人力經費2,300千元。","15","","","true","","true","","","",""
"5120010100","一般行政","1,620,528","02","基本行政工作維持","2000","業務費","2063","房屋建築養護費","用途別二級","2534","10.房屋建築養護費2,534千元，包括：(1)本部辦公房舍面積19,721.28平方公尺：本部聯合辦公大樓面積4,577.34平方公尺、本部忠孝大樓面積2,377.11平方公尺、本部徐州路大樓面積2,133.89平方公尺、無償借用之本部建物面積7,873.2平方公尺、科技大樓辦公房舍面積2,759.74平方公尺，上開辦公房屋均為鋼筋構造，年需1,680千元。(2)本部自有中和檔案庫面積7,425平方公尺、首長宿舍、承德宿舍、合作社等面積1,036.59平方公尺，為鋼筋構造，年需854千元。","31","","","true","","true","","","",""
"5120010100","一般行政","1,620,528","02","基本行政工作維持","2000","業務費","2066","器具養護費","用途別二級","948","11.車輛及辦公器具養護費948千元，包括：(1)車輛養護費463千元，其中：<1>汽車未滿2年3輛，每輛每年9千元，計27千元。<2>汽車滿2年未滿4年1輛，每輛每年26千元，計26千元。<3>汽車滿6年以上者8輛，每輛每年51千元，計408千元。<4>公務用機車1輛，每輛每年2千元，計2千元。(2)辦公器具養護費485千元：按預算員額每人每年1,048元。","33","","","true","","true","","","",""
"5120010100","一般行政","1,620,528","02","基本行政工作維持","2000","業務費","2069","設施及機械設備養護費","用途別二級","9183","12.設施及機械設備養護費9,183千元，包括：(1)本部辦公廳舍（含徐州路大樓）高壓、發電機、空調、電梯、給排水及機電設備維護費6,963千元。(2)本部徐州、中和檔案庫房空調、消防設備保養維護費、庫房耐震補強先期規劃設計2,220千元。","35","","","true","","true","","","",""
"5120010100","一般行政","1,620,528","02","基本行政工作維持","2000","業務費","2072","國內旅費","用途別二級","1843","13.國內旅費1,843千元。","37","","","true","","","","","",""
"5120010100","一般行政","1,620,528","02","基本行政工作維持","2000","業務費","2081","運費","用途別二級","150","14.運費150千元，係公物搬運費。","38","","","true","","","","","",""
"5120010100","一般行政","1,620,528","02","基本行政工作維持","2000","業務費","2093","特別費","用途別二級","1179","15.特別費1,179千元，係依規定標準編列之正、副首長特別費。","39","","","true","","","","","",""
"5120010100","一般行政","1,620,528","03","推展一般教育及編印文教書刊","","","","","分支計畫","532659","","","","","","","","","","",""
"5120010100","一般行政","1,620,528","03","推展一般教育及編印文教書刊","","","","","未歸戶說明","","2.依本部獎補助所屬機關（構）學校檔案管理經費使用要點，針對考評成效優良、榮獲金檔獎或積極改善檔案管理之機關（構）學校辦理獎勵及補助，以充實所屬機關（構）學校檔案相關軟硬體設備及促進檔案管理制度化與標準化等所需經費1,427千元（秘書處）。","","","","","","","true","","",""
"5120010100","一般行政","1,620,528","03","推展一般教育及編印文教書刊","","","","","未歸戶說明","","3.辦理廉政教育、社會參與及研習活動、預防措施、機關公務機密與安全維護及所需人力等經費1,757千元（政風處）。","","","","","","","true","","",""
"5120010100","一般行政","1,620,528","03","推展一般教育及編印文教書刊","","","","","未歸戶說明","","4.本部及所屬機關（構）學校概算、預算、決算、預算籌編重點報告、立法院審議預算案收支報告、解凍報告、審查期間各階段提案說明等相關資料編印所需文具紙張、雜支等經費957千元（會計處）。","","","","","","","true","","",""
"5120010100","一般行政","1,620,528","03","推展一般教育及編印文教書刊","","","","","未歸戶說明","","5.本部教育經費分配審議委員會會務經費900千元（會計處），包括聘請學者與專家擔任委員之出席費、交通費及辦理會務所需文具紙張、雜支等。","","","","","","","true","","",""
"5120010100","一般行政","1,620,528","03","推展一般教育及編印文教書刊","","","","","未歸戶說明","","6.辦理教育統計資料蒐集及結果產製等經費15,066千元（統計處），包括：(1)辦理教育統計調查（含性別調查）等經費2,000千元，包括調查費、資料整理費、印刷費、郵費、雜費及所需人力經費。","","","","","","","true","","",""
"5120010100","一般行政","1,620,528","03","推展一般教育及編印文教書刊","","","","","未歸戶說明","","(2)辦理各級學校公務統計電腦網路報送系統等經費5,622千元，包括各級學校填報實務講習會、程式設計費、報表設計費、各縣市政府辦理公務統計網路報送系統講習會、行政院重要性別統計資料庫資料交換共通格式作業及所需人力等經費。","","","","","","","true","","",""
"5120010100","一般行政","1,620,528","03","推展一般教育及編印文教書刊","","","","","未歸戶說明","","(3)彙整並出版教育概況，另編製各教育階段學生數預測報告、國民中小學校概況統計、高級中等學校概況統計、大專校院概況統計、教育統計指標之國際比較及中華民國教育統計等電子書，並上載網站供各界參考，綜計編製及所需人力經費1,900千元、差旅費554千元。","","","","","","","true","","",""
"5120010100","一般行政","1,620,528","03","推展一般教育及編印文教書刊","","","","","未歸戶說明","","(4)辦理學生人數預測模型優化、教育統計動態視覺化平臺建置及維護、性別統計專區資訊圖表維護、教育統計作業系統功能增修及維護、學科標準分類科系歸類、教育統計國際資料趨勢研究、大專校院STEM學生人數預測，以及辦理「消除一切形式種族歧視國際公約」（ICERD）國家報告等相關教育統計，包括相關參考書刊購買及所需人力經費4,722千元。","","","","","","","true","","",""
"5120010100","一般行政","1,620,528","03","推展一般教育及編印文教書刊","","","","","未歸戶說明","","(5)與行政院主計總處、大專校院等合辦統計教育推廣活動（如統計學術研討會或統計圖競賽等）經費268千元。","","","","","","","true","","",""
"5120010100","一般行政","1,620,528","03","推展一般教育及編印文教書刊","","","","","未歸戶說明","","7.辦理本部法規疑義之研議闡釋、教師申訴案件與國家賠償業務及訴願業務等經費12,792千元（法制處），包括：(1)辦理本部法規疑義之研議闡釋，法規資料之蒐集、研議、編纂、統計及法規草案整理編印等經費1,058千元，其中：<1>按日按件計資酬金911千元，包含本部法律諮詢委員之費用36千元，以及召開法規會會議委員出席費875千元。<2>法規會委員出席會議之國內旅費87千元。<3>購置法律書籍及期刊等經費60千元。","","","","","","","true","","",""
"5120010100","一般行政","1,620,528","03","推展一般教育及編印文教書刊","","","","","未歸戶說明","","(2)辦理教師申訴及國家賠償業務等經費1,694千元，其中：<1>辦理教師申訴及國家賠償案件，召開相關會議所需經費1,478千元。<2>教師申訴評議委員會及國家賠償小組委員出席會議之國內旅費216千元。","","","","","","","true","","",""
"5120010100","一般行政","1,620,528","03","推展一般教育及編印文教書刊","2000","業務費","","","用途別一級","90012","","","","","","","","","","",""
"5120010100","一般行政","1,620,528","03","推展一般教育及編印文教書刊","2000","業務費","2018","資訊服務費","用途別二級","760","","","","","","","","","","",""
"5120010100","一般行政","1,620,528","03","推展一般教育及編印文教書刊","2000","業務費","2021","其他業務租金","用途別二級","320","","","","","","","","","","",""
"5120010100","一般行政","1,620,528","03","推展一般教育及編印文教書刊","2000","業務費","2030","兼職費","用途別二級","462","(3)辦理訴願業務等經費992千元，其中：<1>辦理訴願案件預審或專案審查所需稿費216元。<2>聘請訴願委員所需兼職費462千元。<3>訴願會委員出席會議之國內旅費90千元。<4>辦理訴願業務會議費用224千元。","16","","","true","","","","","",""
"5120010100","一般行政","1,620,528","03","推展一般教育及編印文教書刊","","","","","未歸戶說明","","(4)辦理法規審議、教師申訴、訴願審議與國家賠償業務相關行政事務及所需人力等經費9,048千元。","","","","","","","true","","",""
"5120010100","一般行政","1,620,528","03","推展一般教育及編印文教書刊","2000","業務費","2033","約用人員酬金","用途別二級","37326","","","","","","","","","","",""
"5120010100","一般行政","1,620,528","03","推展一般教育及編印文教書刊","2000","業務費","2036","按日按件計資酬金","用途別二級","5780","","","","","","","","","","",""
"5120010100","一般行政","1,620,528","03","推展一般教育及編印文教書刊","2000","業務費","2039","委辦費","用途別二級","23532","","","","","","","","","","",""
"5120010100","一般行政","1,620,528","03","推展一般教育及編印文教書刊","2000","業務費","2051","物品","用途別二級","470","","","","","","","","","","",""
"5120010100","一般行政","1,620,528","03","推展一般教育及編印文教書刊","2000","業務費","2054","一般事務費","用途別二級","17990","","","","","","","","","","",""
"5120010100","一般行政","1,620,528","03","推展一般教育及編印文教書刊","2000","業務費","2072","國內旅費","用途別二級","3182","","","","","","","","","","",""
"5120010100","一般行政","1,620,528","03","推展一般教育及編印文教書刊","2000","業務費","2084","短程車資","用途別二級","190","","","","","","","","","","",""
"5120010100","一般行政","1,620,528","03","推展一般教育及編印文教書刊","3000","設備及投資","","","用途別一級","7002","","","","","","","","","","",""
"5120010100","一般行政","1,620,528","03","推展一般教育及編印文教書刊","3000","設備及投資","3030","資訊軟硬體設備費","用途別二級","750","","","","","","","","","","",""
"5120010100","一般行政","1,620,528","03","推展一般教育及編印文教書刊","3000","設備及投資","3045","投資","用途別二級","6252","","","","","","","","","","",""
"5120010100","一般行政","1,620,528","03","推展一般教育及編印文教書刊","4000","獎補助費","","","用途別一級","435645","","","","","","","","","","",""
"5120010100","一般行政","1,620,528","03","推展一般教育及編印文教書刊","4000","獎補助費","4025","政府機關間之補助","用途別二級","2227","","","","","","","","","","",""
"5120010100","一般行政","1,620,528","03","推展一般教育及編印文教書刊","4000","獎補助費","4030","對特種基金之補助","用途別二級","132158","","","","","","","","","","",""
"5120010100","一般行政","1,620,528","03","推展一般教育及編印文教書刊","4000","獎補助費","4040","對國內團體之捐助","用途別二級","2025","","","","","","","","","","",""
"5120010100","一般行政","1,620,528","03","推展一般教育及編印文教書刊","4000","獎補助費","4045","對私校之獎助","用途別二級","299235","","","","","","","","","","",""
"5120010100","一般行政","1,620,528","04","人事行政管理與財務輔導","","","","","分支計畫","102769","","","","","","","","","","",""
"5120010100","一般行政","1,620,528","04","人事行政管理與財務輔導","","","","","未歸戶說明","","1.精進教育人事制度、法規，辦理人員訓練、研習等經費16,869千元（人事處），包括：(1)本部暨所屬機關（構）學校人事人員訓練、本部人員業務研習等經費11,392千元，其中：<1>為提高本部人員暨所屬機關（構）學校人事人員素質，增進行政效能，規劃辦理本部人員研習、本部暨所屬機關（構）學校人事人員訓練及辦理人事資訊系統應用推廣與種子教師培訓計畫所需協助人力等經費4,148千元。<2>補助本部人員參加國內外進修費用800千元。<3>依據公務人員訓練進修法規定，提供本部暨所屬機關（構）公務人員終身學習之機會，辦理學者專家專題演講、創新觀摩會議、標竿學習、環境教育，性別平權及人權法治觀念推廣等經費531千元。<4>因應環境變遷，精進教育人事制度及實務，持續檢討現行教育人員進用、兼職、獎懲、請假及退撫待遇等規範，盤點相關應配合修正之法規，召開研討會、學者專家諮詢會、委請相關單位進行政策評估及相關教育訓練等經費5,913千元。","","","","","","","true","","",""
"5120010100","一般行政","1,620,528","04","人事行政管理與財務輔導","","","","","未歸戶說明","","(2)為輔導私立學校建立人事制度，辦理私立學校人事人員業務講習會等經費700千元。","","","","","","","true","","",""
"5120010100","一般行政","1,620,528","04","人事行政管理與財務輔導","","","","","未歸戶說明","","(3)為增進人事業務意見交流，輔導部屬機關（構）學校人事法制，辦理人事主管會報及人事人員業務研習會等經費463千元。","","","","","","","true","","",""
"5120010100","一般行政","1,620,528","04","人事行政管理與財務輔導","","","","","未歸戶說明","","(4)為增進同仁身心健康，辦理本部員工健康檢查費1,501千元及員工協助方案經費618千元，合共2,119千元。","","","","","","","true","","",""
"5120010100","一般行政","1,620,528","04","人事行政管理與財務輔導","","","","","未歸戶說明","","(5)辦理大學校長聯合交接、新設立之國立大學首任校長遴選及國立專科學校新任校長遴選相關費用300千元。","","","","","","","true","","",""
"5120010100","一般行政","1,620,528","04","人事行政管理與財務輔導","","","","","未歸戶說明","","(6)模範公務人員獎金950千元，以及舉行頒獎典禮相關費用約150千元，合共1,100千元。","","","","","","","true","","",""
"5120010100","一般行政","1,620,528","04","人事行政管理與財務輔導","","","","","未歸戶說明","","(7)製作本部與所屬機關（構）學校及私立學校服務獎章等經費690千元。","","","","","","","true","","",""
"5120010100","一般行政","1,620,528","04","人事行政管理與財務輔導","","","","","未歸戶說明","","(8)辦理本部優秀員工頒獎典禮及製作獎牌等經費105千元。","","","","","","","true","","",""
"5120010100","一般行政","1,620,528","04","人事行政管理與財務輔導","2000","業務費","","","用途別一級","23870","","","","","","","","","","",""
"5120010100","一般行政","1,620,528","04","人事行政管理與財務輔導","2000","業務費","2003","教育訓練費","用途別二級","1185","","","","","","","","","","",""
"5120010100","一般行政","1,620,528","04","人事行政管理與財務輔導","2000","業務費","2009","通訊費","用途別二級","60","","","","","","","","","","",""
"5120010100","一般行政","1,620,528","04","人事行政管理與財務輔導","2000","業務費","2027","保險費","用途別二級","70","","","","","","","","","","",""
"5120010100","一般行政","1,620,528","04","人事行政管理與財務輔導","2000","業務費","2033","約用人員酬金","用途別二級","7890","","","","","","","","","","",""
"5120010100","一般行政","1,620,528","04","人事行政管理與財務輔導","2000","業務費","2036","按日按件計資酬金","用途別二級","892","","","","","","","","","","",""
"5120010100","一般行政","1,620,528","04","人事行政管理與財務輔導","2000","業務費","2039","委辦費","用途別二級","8494","","","","","","","","","","",""
"5120010100","一般行政","1,620,528","04","人事行政管理與財務輔導","2000","業務費","2045","國內組織會費","用途別二級","20","","","","","","","","","","",""
"5120010100","一般行政","1,620,528","04","人事行政管理與財務輔導","2000","業務費","2051","物品","用途別二級","100","","","","","","","","","","",""
"5120010100","一般行政","1,620,528","04","人事行政管理與財務輔導","2000","業務費","2054","一般事務費","用途別二級","4497","","","","","","","","","","",""
"5120010100","一般行政","1,620,528","04","人事行政管理與財務輔導","2000","業務費","2072","國內旅費","用途別二級","662","","","","","","","","","","",""
"5120010100","一般行政","1,620,528","04","人事行政管理與財務輔導","4000","獎補助費","","","用途別一級","78899","","","","","","","","","","",""
"5120010100","一般行政","1,620,528","04","人事行政管理與財務輔導","4000","獎補助費","4030","對特種基金之補助","用途別二級","32916","","","","","","","","","","",""
"5120010100","一般行政","1,620,528","04","人事行政管理與財務輔導","4000","獎補助費","4040","對國內團體之捐助","用途別二級","47","2.補助本部公務人員協會等運作經費47千元。","9","","","","","","","","",""
"5120010100","一般行政","1,620,528","04","人事行政管理與財務輔導","4000","獎補助費","4045","對私校之獎助","用途別二級","41076","","","","","","","","","","",""
"5120010100","一般行政","1,620,528","04","人事行政管理與財務輔導","4000","獎補助費","4085","獎勵及慰問","用途別二級","4860","3.本部退休人員三節慰問金360千元：依每人每節發給2千元年節慰問金標準計，每年發給退休人員三節慰問金所需經費計360千元（人事處）。4.每年三節發給對教育具有貢獻，且生活困苦或罹患重病急需濟助之退休教師慰問金，每節1,500千元，三節計4,500千元。","10","","","","","","","true","",""
"5120010100","一般行政","1,620,528","04","人事行政管理與財務輔導","","","","","未歸戶說明","","5.補助轄管公私立大專校院依專科以上學校兼任教師聘任辦法第20條規定，提繳未具本職兼任教師之勞工退休金所需經費73,992千元（人事處）。","","","","","","","true","","",""
"5120010100","一般行政","1,620,528","04","人事行政管理與財務輔導","","","","","未歸戶說明","","6.輔導強化財務計畫經費7,001千元（會計處），包括：(1)為加強本部所屬機關（構）學校財務管理及內部審核作業，舉辦相關會計事務研討會等經費801千元。","","","","","","","true","","",""
"5120010100","一般行政","1,620,528","04","人事行政管理與財務輔導","","","","","未歸戶說明","","(2)為增進所屬機關（構）學校健全財務秩序與會計作業品質、不定期派員實地查核、協助彙整本部及所屬機關（構）學校概預算與立法院審議相關資料等所需人力經費6,200千元。","","","","","","","true","","",""
"5120010100","一般行政","1,620,528","05","辦公房屋整修及購置事務機具","","","","","分支計畫","8247","","","","","","","","","","",""
"5120010100","一般行政","1,620,528","05","辦公房屋整修及購置事務機具","3000","設備及投資","","","用途別一級","8247","本項計需經費8,247千元，其內容如下：","0","true","","","","","","","",""
"5120010100","一般行政","1,620,528","05","辦公房屋整修及購置事務機具","3000","設備及投資","3010","房屋建築及設備費","用途別二級","4616","1.本部各辦公大樓高壓電變壓器、發電機及空調系統等老舊設備汰換更新2,616千元。2.忠孝、徐州大樓漏水、壁癌等防水及維修工程2,000千元。","1","","","","","","","true","",""
"5120010100","一般行政","1,620,528","05","辦公房屋整修及購置事務機具","3000","設備及投資","3035","雜項設備費","用途別二級","3631","3.汰換辦公桌椅與事務櫃等設備及各式自動化辦公室事務機具3,631千元。","3","","","","","","","","",""
"5120010201","高等教育行政及督導","26,218,737","01","學術審議著作審查、設置國家講座與學術獎及改善高教人才","","","","","分支計畫","2438468","","","","","","","","","","",""
"5120010201","高等教育行政及督導","26,218,737","01","學術審議著作審查、設置國家講座與學術獎及改善高教人才","","","","","未歸戶說明","","1.辦理大專以上學校教師資格著作、國家講座、學術獎及專案會議等審查業務經費11,032千元，包括：(1)大專校院教師著作送審審查費5,184千元。","","","","","","","true","","",""
"5120010201","高等教育行政及督導","26,218,737","01","學術審議著作審查、設置國家講座與學術獎及改善高教人才","","","","","未歸戶說明","","(2)聘請專家學者協助審閱相關資料後推薦著作審查人選經費370千元。","","","","","","","true","","",""
"5120010201","高等教育行政及督導","26,218,737","01","學術審議著作審查、設置國家講座與學術獎及改善高教人才","","","","","未歸戶說明","","(3)邀請專家學者審查學術獎、國家講座、召開學審會專案委員會議及研議改進教師資格送審相關法規等會議出席費650千元。","","","","","","","true","","",""
"5120010201","高等教育行政及督導","26,218,737","01","學術審議著作審查、設置國家講座與學術獎及改善高教人才","","","","","未歸戶說明","","(4)辦理國家講座及學術獎等書面審查作業經費2,170千元。","","","","","","","true","","",""
"5120010201","高等教育行政及督導","26,218,737","01","學術審議著作審查、設置國家講座與學術獎及改善高教人才","","","","","未歸戶說明","","(5)郵資（含教師資格審查國內郵資、國家講座及學術獎國外郵資）、教師資格審查制度訪視差旅費及雜費等458千元。","","","","","","","true","","",""
"5120010201","高等教育行政及督導","26,218,737","01","學術審議著作審查、設置國家講座與學術獎及改善高教人才","","","","","未歸戶說明","","(6)教師資格審查及證書核發作業數位化等相關措施經費2,200千元。","","","","","","","true","","",""
"5120010201","高等教育行政及督導","26,218,737","01","學術審議著作審查、設置國家講座與學術獎及改善高教人才","2000","業務費","","","用途別一級","70894","","","","","","","","","","",""
"5120010201","高等教育行政及督導","26,218,737","01","學術審議著作審查、設置國家講座與學術獎及改善高教人才","2000","業務費","2009","通訊費","用途別二級","507","","","","","","","","","","",""
"5120010201","高等教育行政及督導","26,218,737","01","學術審議著作審查、設置國家講座與學術獎及改善高教人才","2000","業務費","2036","按日按件計資酬金","用途別二級","9090","","","","","","","","","","",""
"5120010201","高等教育行政及督導","26,218,737","01","學術審議著作審查、設置國家講座與學術獎及改善高教人才","2000","業務費","2039","委辦費","用途別二級","60977","","","","","","","","","","",""
"5120010201","高等教育行政及督導","26,218,737","01","學術審議著作審查、設置國家講座與學術獎及改善高教人才","2000","業務費","2072","國內旅費","用途別二級","320","","","","","","","","","","",""
"5120010201","高等教育行政及督導","26,218,737","01","學術審議著作審查、設置國家講座與學術獎及改善高教人才","3000","設備及投資","","","用途別一級","213418","","","","","","","","","","",""
"5120010201","高等教育行政及督導","26,218,737","01","學術審議著作審查、設置國家講座與學術獎及改善高教人才","3000","設備及投資","3045","投資","用途別二級","213418","","","","","","","","","","",""
"5120010201","高等教育行政及督導","26,218,737","01","學術審議著作審查、設置國家講座與學術獎及改善高教人才","4000","獎補助費","","","用途別一級","2154156","","","","","","","","","","",""
"5120010201","高等教育行政及督導","26,218,737","01","學術審議著作審查、設置國家講座與學術獎及改善高教人才","4000","獎補助費","4030","對特種基金之補助","用途別二級","943863","","","","","","","","","","",""
"5120010201","高等教育行政及督導","26,218,737","01","學術審議著作審查、設置國家講座與學術獎及改善高教人才","4000","獎補助費","4045","對私校之獎助","用途別二級","190093","","","","","","","","","","",""
"5120010201","高等教育行政及督導","26,218,737","01","學術審議著作審查、設置國家講座與學術獎及改善高教人才","4000","獎補助費","4050","對學生之獎助","用途別二級","954000","(2)厚植高等教育能量，擴大推動博士生培育措施，支持人才延攬，補助博士生獎學金等經費954,000千元。","16","","","","","","","","",""
"5120010201","高等教育行政及督導","26,218,737","01","學術審議著作審查、設置國家講座與學術獎及改善高教人才","4000","獎補助費","4085","獎勵及慰問","用途別二級","66200","2.辦理國家講座之遴聘，以提升國內大學之學術水準，分人文及藝術、社會科學、數學及自然科學、生物及醫農科學、工程及應用科學等5大類科，每名補助3年，每名每年教學研究經費2,000千元，每學年度25人，計50,000千元。3.設置學術獎項，分人文及藝術、社會科學、數學及自然科學、生物及醫農科學、工程及應用科學等5大類科，共計18名，每名獎金900千元，計16,200千元。","7","","","","","","","true","",""
"5120010201","高等教育行政及督導","26,218,737","01","學術審議著作審查、設置國家講座與學術獎及改善高教人才","","","","","未歸戶說明","","4.辦理國家講座暨學術獎頒獎典禮經費2,300千元（含媒體政策及業務宣導費850千元）。","","","","","","","true","","",""
"5120010201","高等教育行政及督導","26,218,737","01","學術審議著作審查、設置國家講座與學術獎及改善高教人才","","","","","未歸戶說明","","5.推動教師教學實踐研究計畫、多元升等分流機制及推動建立學術倫理發展改進機制等經費447,609千元，包括：(1)補助公私立大學校院教師教學實踐研究計畫，以鼓勵教師透過研究改進教學品質，提升學生的學習成效等經費385,009千元。","","","","","","","true","","",""
"5120010201","高等教育行政及督導","26,218,737","01","學術審議著作審查、設置國家講座與學術獎及改善高教人才","","","","","未歸戶說明","","(2)建立及營運教師教學實踐研究計畫網站、研究計畫區域基地、多元升等分流機制及支持教師研究社群等相關措施經費35,300千元。","","","","","","","true","","",""
"5120010201","高等教育行政及督導","26,218,737","01","學術審議著作審查、設置國家講座與學術獎及改善高教人才","","","","","未歸戶說明","","(3)建立校園學術倫理教育與機制發展、建置學術論文檢測系統、查察學位論文代寫廣告、建置學倫案件平臺及專案辦公室等相關措施經費24,300千元。","","","","","","","true","","",""
"5120010201","高等教育行政及督導","26,218,737","01","學術審議著作審查、設置國家講座與學術獎及改善高教人才","","","","","未歸戶說明","","(4)建立學校自審教師資格認可及輔導等相關措施經費3,000千元。","","","","","","","true","","",""
"5120010201","高等教育行政及督導","26,218,737","01","學術審議著作審查、設置國家講座與學術獎及改善高教人才","","","","","未歸戶說明","","6.推動延攬及留住大專校院特殊優秀人才實施彈性薪資方案，協助各大學留住國內優秀教師，補助學校所需彈性薪資經費，引導各校依校內支給規定，核給優秀教師彈性薪資並拉開級距，達到留才效果經費197,327千元。","","","","","","","true","","",""
"5120010201","高等教育行政及督導","26,218,737","02","推動及改進大學招生制度","","","","","分支計畫","681422","","","","","","","","","","",""
"5120010201","高等教育行政及督導","26,218,737","02","推動及改進大學招生制度","","","","","未歸戶說明","","1.大學多元入學制度研究改進經費378,382千元，包括：(1)配合十二年國教課綱推動大學多元入學方案及銜接配套經費319,999千元，其中：<1>辦理相關諮詢會或說明會，並進行考招相關精進議題、考試招生設計、題庫建置及強化素養導向命題等研究經費204,999千元。<2>為協助高中育才及大學選才，建置學群、學類檢索資料之選育系統及相關考招配套等措施經費115,000千元。","","","","","","","true","","",""
"5120010201","高等教育行政及督導","26,218,737","02","推動及改進大學招生制度","","","","","未歸戶說明","","(2)進行學科能力測驗與分科測驗考試試題分析、辦理大學多元入學方案高中種子教師研習營、印製宣導手冊及媒體文宣等經費3,303千元（含媒體政策及業務宣導費78千元）。","","","","","","","true","","",""
"5120010201","高等教育行政及督導","26,218,737","02","推動及改進大學招生制度","","","","","未歸戶說明","","(3)補助大學入學各項考試低收入戶與中低收入戶考生報名費、身障考生特殊試場及冷氣、試場清潔消毒、試務支持經費55,080千元。","","","","","","","true","","",""
"5120010201","高等教育行政及督導","26,218,737","02","推動及改進大學招生制度","","","","","未歸戶說明","","2.加強大學系所增設調整之審查經費5,910千元，包括：(1)大學校院系所調整之後續審查及考核經費3,204千元。","","","","","","","true","","",""
"5120010201","高等教育行政及督導","26,218,737","02","推動及改進大學招生制度","","","","","未歸戶說明","","(2)大學校院系所增設相關事宜審核及申請填報系統維護作業經費2,706千元。","","","","","","","true","","",""
"5120010201","高等教育行政及督導","26,218,737","02","推動及改進大學招生制度","","","","","未歸戶說明","","3.補助大學海外聯合招生委員會辦理海外僑生（含港澳生）招生試務及宣導工作經費（含訂定簡章、辦理學科測驗、試卷命題及閱卷、分發作業、海外招生宣傳、媒體宣傳及建置官網資訊等）19,912千元（含媒體政策及業務宣導費350千元）。","","","","","","","true","","",""
"5120010201","高等教育行政及督導","26,218,737","02","推動及改進大學招生制度","","","","","未歸戶說明","","4.推動高中銜接大學課程及學習歷程檔案資料庫建置經費7,553千元：(1)補助大學發展高中銜接大學課程，鼓勵大學納入招生參採或學分抵免等方案。","","","","","","","true","","",""
"5120010201","高等教育行政及督導","26,218,737","02","推動及改進大學招生制度","","","","","未歸戶說明","","5.推動大學招生專業化發展、命題精進等專案經費：透過專業培訓機制協助大學辦理招生專業化，建立從校級到系級的選才標準作業流程，落實選才機制及對高中學習歷程的重視，並推動學習歷程審議計畫及試辦視訊面試計畫；建立招生反饋機制，結合校務研究，精進選才條件與標準，提升大學選才及育才效能並優化簡化招生等措施經費219,665千元。","","","","","","","true","","",""
"5120010201","高等教育行政及督導","26,218,737","02","推動及改進大學招生制度","","","","","未歸戶說明","","6.推動提升原住民族專班學生學習成效，補助大學用於專班開辦費、課程教學、學習輔導及就業或實習、人事費等經費50,000千元（原住民族教育經費）。","","","","","","","true","","",""
"5120010201","高等教育行政及督導","26,218,737","02","推動及改進大學招生制度","2000","業務費","","","用途別一級","46810","","","","","","","","","","",""
"5120010201","高等教育行政及督導","26,218,737","02","推動及改進大學招生制度","2000","業務費","2036","按日按件計資酬金","用途別二級","2500","","","","","","","","","","",""
"5120010201","高等教育行政及督導","26,218,737","02","推動及改進大學招生制度","2000","業務費","2039","委辦費","用途別二級","44037","","","","","","","","","","",""
"5120010201","高等教育行政及督導","26,218,737","02","推動及改進大學招生制度","2000","業務費","2072","國內旅費","用途別二級","225","","","","","","","","","","",""
"5120010201","高等教育行政及督導","26,218,737","02","推動及改進大學招生制度","2000","業務費","2081","運費","用途別二級","23","","","","","","","","","","",""
"5120010201","高等教育行政及督導","26,218,737","02","推動及改進大學招生制度","2000","業務費","2084","短程車資","用途別二級","25","","","","","","","","","","",""
"5120010201","高等教育行政及督導","26,218,737","02","推動及改進大學招生制度","3000","設備及投資","","","用途別一級","1500","","","","","","","","","","",""
"5120010201","高等教育行政及督導","26,218,737","02","推動及改進大學招生制度","3000","設備及投資","3045","投資","用途別二級","1500","","","","","","","","","","",""
"5120010201","高等教育行政及督導","26,218,737","02","推動及改進大學招生制度","4000","獎補助費","","","用途別一級","633112","","","","","","","","","","",""
"5120010201","高等教育行政及督導","26,218,737","02","推動及改進大學招生制度","4000","獎補助費","4030","對特種基金之補助","用途別二級","283837","","","","","","","","","","",""
"5120010201","高等教育行政及督導","26,218,737","02","推動及改進大學招生制度","4000","獎補助費","4040","對國內團體之捐助","用途別二級","171668","","","","","","","","","","",""
"5120010201","高等教育行政及督導","26,218,737","02","推動及改進大學招生制度","4000","獎補助費","4045","對私校之獎助","用途別二級","168107","","","","","","","","","","",""
"5120010201","高等教育行政及督導","26,218,737","02","推動及改進大學招生制度","4000","獎補助費","4050","對學生之獎助","用途別二級","9500","","","","","","","","","","",""
"5120010201","高等教育行政及督導","26,218,737","03","強化人才培育及產學合作機制","","","","","分支計畫","555026","","","","","","","","","","",""
"5120010201","高等教育行政及督導","26,218,737","03","強化人才培育及產學合作機制","","","","","未歸戶說明","","1.推動大學校院藝術與設計人才養成計畫及鼓勵藝術大學推廣藝術教育經費140,540千元，包括：(1)辦理「藝術與設計菁英海外培訓計畫」（含暑期研習營），選送相關領域優秀且具發展潛力之學生赴國外著名大學、機構或公司進修、實習或訓練，以培養具國際水準之藝術與設計人才，建立國際合作長期培訓機制等經費82,668千元（含媒體政策及業務宣導費150千元）。","","","","","","","true","","",""
"5120010201","高等教育行政及督導","26,218,737","03","強化人才培育及產學合作機制","","","","","未歸戶說明","","(2)辦理「鼓勵學生參加藝術與設計類國際競賽計畫」，加強藝術與設計領域人才培育國際化，鼓勵全國大學校院藝術與設計科系學生踴躍參加國際比賽，藉由參與競賽作品之準備，提升學生創作國際水準，並透過參賽作品之觀摩學習，擴展學生視野及提升相關人力素質等經費25,000千元。","","","","","","","true","","",""
"5120010201","高等教育行政及督導","26,218,737","03","強化人才培育及產學合作機制","","","","","未歸戶說明","","(3)辦理「鼓勵學生參加國際技藝能競賽」，強化學生專業新知、技藝能發展，鼓勵學生赴國外參加各類競賽等經費7,000千元。","","","","","","","true","","",""
"5120010201","高等教育行政及督導","26,218,737","03","強化人才培育及產學合作機制","","","","","未歸戶說明","","(4)辦理「臺灣國際學生創意設計大賽」，強化臺灣設計人才與國際接軌，吸引全世界學生來臺參加由我國主辦的國際競賽，讓世界看到臺灣，並促進交流等經費25,872千元（含媒體政策及業務宣導費400千元）。","","","","","","","true","","",""
"5120010201","高等教育行政及督導","26,218,737","03","強化人才培育及產學合作機制","","","","","未歸戶說明","","2.為深化博士產業研發能力，由大學與企業共同培育高階研發人才，推動產學合作培育博士級研發人才、大學產業碩士專班（含強化產業資安人才培育專案補助）計畫等經費130,000千元。","","","","","","","true","","",""
"5120010201","高等教育行政及督導","26,218,737","03","強化人才培育及產學合作機制","","","","","未歸戶說明","","3.為應數位國家及產業創新之需求，大學配合本部人才培育計畫設立太空系統工程研究所、擴增資通訊相關系所招生名額等計畫，以加速大學配合國家重要策略所需培育重點領域人才相關經費284,486千元，包括：(1)補助大學鼓勵STEM領域與跨領域之學生及教研人員投入STEM領域研究，並加強建立女性友善學習研發環境，培育產業發展所需之研發人才等經費241,917千元。","","","","","","","true","","",""
"5120010201","高等教育行政及督導","26,218,737","03","強化人才培育及產學合作機制","","","","","未歸戶說明","","(2)補助大學設立太空系統工程研究所，以落實高階太空人才培育政策等經費42,569千元。","","","","","","","true","","",""
"5120010201","高等教育行政及督導","26,218,737","03","強化人才培育及產學合作機制","2000","業務費","","","用途別一級","119273","","","","","","","","","","",""
"5120010201","高等教育行政及督導","26,218,737","03","強化人才培育及產學合作機制","2000","業務費","2036","按日按件計資酬金","用途別二級","2200","","","","","","","","","","",""
"5120010201","高等教育行政及督導","26,218,737","03","強化人才培育及產學合作機制","2000","業務費","2039","委辦費","用途別二級","116450","","","","","","","","","","",""
"5120010201","高等教育行政及督導","26,218,737","03","強化人才培育及產學合作機制","2000","業務費","2072","國內旅費","用途別二級","473","","","","","","","","","","",""
"5120010201","高等教育行政及督導","26,218,737","03","強化人才培育及產學合作機制","2000","業務費","2081","運費","用途別二級","100","","","","","","","","","","",""
"5120010201","高等教育行政及督導","26,218,737","03","強化人才培育及產學合作機制","2000","業務費","2084","短程車資","用途別二級","50","","","","","","","","","","",""
"5120010201","高等教育行政及督導","26,218,737","03","強化人才培育及產學合作機制","3000","設備及投資","","","用途別一級","60085","","","","","","","","","","",""
"5120010201","高等教育行政及督導","26,218,737","03","強化人才培育及產學合作機制","3000","設備及投資","3045","投資","用途別二級","60085","","","","","","","","","","",""
"5120010201","高等教育行政及督導","26,218,737","03","強化人才培育及產學合作機制","4000","獎補助費","","","用途別一級","375668","","","","","","","","","","",""
"5120010201","高等教育行政及督導","26,218,737","03","強化人才培育及產學合作機制","4000","獎補助費","4030","對特種基金之補助","用途別二級","132398","","","","","","","","","","",""
"5120010201","高等教育行政及督導","26,218,737","03","強化人才培育及產學合作機制","4000","獎補助費","4045","對私校之獎助","用途別二級","103179","","","","","","","","","","",""
"5120010201","高等教育行政及督導","26,218,737","03","強化人才培育及產學合作機制","4000","獎補助費","4050","對學生之獎助","用途別二級","128091","","","","","","","","","","",""
"5120010201","高等教育行政及督導","26,218,737","03","強化人才培育及產學合作機制","4000","獎補助費","4085","獎勵及慰問","用途別二級","12000","","","","","","","","","","",""
"5120010201","高等教育行政及督導","26,218,737","04","改善教學研究環境及提升高等教育行政服務品質","","","","","分支計畫","6013470","","","","","","","","","","",""
"5120010201","高等教育行政及督導","26,218,737","04","改善教學研究環境及提升高等教育行政服務品質","","","","","未歸戶說明","","1.對於新設、改制或偏遠地區資源較不足之國立學校，補助可提升教學研究效益之圖書儀器設備及基礎設施、提升節能設備與減碳措施、改善原住民族教育等；對於遭遇天然災害等突發事故之國立學校，補助相關緊急救災經費；配合本部教育政策之需要，補助亟需增設急迫性相關設備之國立學校相關經費307,318千元（含原住民族教育經費30,000千元）。","","","","","","","true","","",""
"5120010201","高等教育行政及督導","26,218,737","04","改善教學研究環境及提升高等教育行政服務品質","","","","","未歸戶說明","","2.推動「新世代學生住宿環境提升計畫」經費708,000千元，包括：(1)推動「校外學生社會住宅空床補助」策略措施，部分補助國私立大專校院承租校外合法住宅興辦校外學生社會住宅時，遇一定比率之臨時空床所產生營運缺口之經費5,000千元。","","","","","","","true","","",""
"5120010201","高等教育行政及督導","26,218,737","04","改善教學研究環境及提升高等教育行政服務品質","","","","","未歸戶說明","","(2)推動「校內學生宿舍建築貸款利息補助」（國立大學校院）67,000千元及「校內學生宿舍規劃設計整體改善補助」兩項策略措施，部分補助國私立大專校院興建、整修校內宿舍，以及改建既有校舍為學生宿舍，提升基本設施與學習教學等公共空間品質等經費636,000千元。","","","","","","","true","","",""
"5120010201","高等教育行政及督導","26,218,737","04","改善教學研究環境及提升高等教育行政服務品質","","","","","未歸戶說明","","3.辦理境外學歷甄試相關作業，以確保境外高等學歷之教育品質，能夠與國內同級同類學校相當等經費11,521千元，包括：(1)辦理國外大學醫牙學歷甄試經費5,021千元。","","","","","","","true","","",""
"5120010201","高等教育行政及督導","26,218,737","04","改善教學研究環境及提升高等教育行政服務品質","","","","","未歸戶說明","","(2)辦理大陸地區學歷甄試作業、研議採認名冊調整及蒐集相關學制資料等經費6,500千元。","","","","","","","true","","",""
"5120010201","高等教育行政及督導","26,218,737","04","改善教學研究環境及提升高等教育行政服務品質","","","","","未歸戶說明","","4.鼓勵並補助大學校院辦理人權、性別平等、智慧財產權保護、海事教育等議題之全國性研討會及為改善各類醫學教育問題，辦理醫學相關領域（醫學教育、中醫及藥學教育、護理教育、醫事教育及法醫教育等）改進計畫、依人體研究法規定查核大學設立人體研究倫理審查組織等，以提升醫護教育教學品質等經費16,100千元。","","","","","","","true","","",""
"5120010201","高等教育行政及督導","26,218,737","04","改善教學研究環境及提升高等教育行政服務品質","","","","","未歸戶說明","","5.為高等教育發展及規劃，蒐集大學各類校務資訊、簡化學校重複提報作業，建置大學校院校務資料庫系統，與各類高等教育數據資料庫進行資料統計與教育決策運用，以及公開大學校院辦學資訊；另建置大學校院一覽表資訊整合系統，提供社會大眾、考生及家長查詢各大學校院校務、學（院）系簡介、系所師資與相關聯絡資訊等經費14,412千元。","","","","","","","true","","",""
"5120010201","高等教育行政及督導","26,218,737","04","改善教學研究環境及提升高等教育行政服務品質","","","","","未歸戶說明","","6.為提升高等教育行政品質、強化大學校院營運與管理及辦理相關政策宣導等經費33,319千元，包括：(1)提升高等教育行政品質、強化行政事務處理績效、審查與修訂相關法規、辦理高等教育相關宣導及所需人力等經費23,553千元（含媒體政策及業務宣導費6,300千元）。","","","","","","","true","","",""
"5120010201","高等教育行政及督導","26,218,737","04","改善教學研究環境及提升高等教育行政服務品質","","","","","未歸戶說明","","(2)蒐集及定期編印高教創新、高教法規彙編等書刊經費4,500千元（含媒體政策及業務宣導費984千元）。","","","","","","","true","","",""
"5120010201","高等教育行政及督導","26,218,737","04","改善教學研究環境及提升高等教育行政服務品質","","","","","未歸戶說明","","(3)辦理學年度大學校長、教務與校務（含總務與主任秘書等）主管聯席會議及業務座談經費2,260千元。","","","","","","","true","","",""
"5120010201","高等教育行政及督導","26,218,737","04","改善教學研究環境及提升高等教育行政服務品質","2000","業務費","","","用途別一級","112340","","","","","","","","","","",""
"5120010201","高等教育行政及督導","26,218,737","04","改善教學研究環境及提升高等教育行政服務品質","2000","業務費","2033","約用人員酬金","用途別二級","21249","","","","","","","","","","",""
"5120010201","高等教育行政及督導","26,218,737","04","改善教學研究環境及提升高等教育行政服務品質","2000","業務費","2036","按日按件計資酬金","用途別二級","3000","","","","","","","","","","",""
"5120010201","高等教育行政及督導","26,218,737","04","改善教學研究環境及提升高等教育行政服務品質","2000","業務費","2039","委辦費","用途別二級","82010","","","","","","","","","","",""
"5120010201","高等教育行政及督導","26,218,737","04","改善教學研究環境及提升高等教育行政服務品質","2000","業務費","2051","物品","用途別二級","1500","","","","","","","","","","",""
"5120010201","高等教育行政及督導","26,218,737","04","改善教學研究環境及提升高等教育行政服務品質","2000","業務費","2054","一般事務費","用途別二級","1905","","","","","","","","","","",""
"5120010201","高等教育行政及督導","26,218,737","04","改善教學研究環境及提升高等教育行政服務品質","2000","業務費","2072","國內旅費","用途別二級","2000","","","","","","","","","","",""
"5120010201","高等教育行政及督導","26,218,737","04","改善教學研究環境及提升高等教育行政服務品質","2000","業務費","2078","國外旅費","用途別二級","676","(4)辦理學術聯盟國際交流、考察英國建置學生宿舍規劃及考察日本入學考試制度變革及招生適性選才機制等國外考察經費676千元。","11","","","","","","","","",""
"5120010201","高等教育行政及督導","26,218,737","04","改善教學研究環境及提升高等教育行政服務品質","3000","設備及投資","","","用途別一級","3551523","(5)辦理各級學校申請外籍教師聘僱許可申審整合系統之維護及擴充經費2,330千元。7.推動大學合併，協助國立大學合併後行政與教學單位搬遷、資訊及公文系統整合、硬體修繕建設及合併後競爭力提升等相關經費65,000千元。8.辦理獎助生危險活動等投保相關經費14,800千元。9.補助公私立大學辦理教學助理全面納保及衍生身心障礙者與原住民族雇用所需相關經費230,000千元。","","","","","","","","","false","true"
"5120010201","高等教育行政及督導","26,218,737","04","改善教學研究環境及提升高等教育行政服務品質","3000","設備及投資","3010","房屋建築及設備費","用途別二級","1263000","10.「國家重點領域校際研教園區公共建設計畫」，115年度賡續辦理產學一館、產學二館、產學三館、研教大樓、園區第二會館及基地之整地與基礎建設工程等硬體建設工程所需經費1,263,000千元。","16","","","","","","","","",""
"5120010201","高等教育行政及督導","26,218,737","04","改善教學研究環境及提升高等教育行政服務品質","","","","","未歸戶說明","","11.為全面減輕學生住宿負擔，規劃「大專校院學生校內住宿補貼」補貼約183,000床次，以「一般身分收費」約178,000床，每名每學期補助5,000元為原則，及「低收、中低收之經濟弱勢身分收費」約5,000床，每名每學期補助7,000元為原則，所需經費1,850,000千元。","","","","","","","true","","",""
"5120010201","高等教育行政及督導","26,218,737","04","改善教學研究環境及提升高等教育行政服務品質","","","","","未歸戶說明","","12.為提升國立大專校院建築物安全並加速改善老舊校舍整修、耐震補強及文資修繕等，所需經費1,500,000千元。","","","","","","","true","","",""
"5120010201","高等教育行政及督導","26,218,737","04","改善教學研究環境及提升高等教育行政服務品質","3000","設備及投資","3045","投資","用途別二級","2288523","","","","","","","","","","",""
"5120010201","高等教育行政及督導","26,218,737","04","改善教學研究環境及提升高等教育行政服務品質","4000","獎補助費","","","用途別一級","2349607","","","","","","","","","","",""
"5120010201","高等教育行政及督導","26,218,737","04","改善教學研究環境及提升高等教育行政服務品質","4000","獎補助費","4030","對特種基金之補助","用途別二級","178807","","","","","","","","","","",""
"5120010201","高等教育行政及督導","26,218,737","04","改善教學研究環境及提升高等教育行政服務品質","4000","獎補助費","4045","對私校之獎助","用途別二級","216000","","","","","","","","","","",""
"5120010201","高等教育行政及督導","26,218,737","04","改善教學研究環境及提升高等教育行政服務品質","4000","獎補助費","4050","對學生之獎助","用途別二級","1954800","","","","","","","","","","",""
"5120010201","高等教育行政及督導","26,218,737","05","推動大學評鑑制度","","","","","分支計畫","61891","","","","","","","","","","",""
"5120010201","高等教育行政及督導","26,218,737","05","推動大學評鑑制度","2000","業務費","","","用途別一級","8748","1.辦理第3週期校務評鑑之追蹤評鑑、再評鑑經費，以及實地評鑑委員之評鑑費、出席費、旅運費、雜支及業務費等7,460千元。2.辦理提升我國高等教育評鑑品質相關研究計畫、自主性系所品保研究、國際品質保證制度研究等經費1,288千元。","1","","","","","","","true","",""
"5120010201","高等教育行政及督導","26,218,737","05","推動大學評鑑制度","2000","業務費","2039","委辦費","用途別二級","8748","","","","","","","","","","",""
"5120010201","高等教育行政及督導","26,218,737","05","推動大學評鑑制度","4000","獎補助費","","","用途別一級","53143","","","","","","","","","","",""
"5120010201","高等教育行政及督導","26,218,737","05","推動大學評鑑制度","4000","獎補助費","4030","對特種基金之補助","用途別二級","3000","","","","","","","","","","",""
"5120010201","高等教育行政及督導","26,218,737","05","推動大學評鑑制度","4000","獎補助費","4040","對國內團體之捐助","用途別二級","47583","3.補助評鑑中心推動評鑑相關事務、國際交流及認可等經費47,583千元，包括：(1)評鑑中心人事費、營運費及設備費等42,875千元。(2)建立校務評鑑人才資料庫、推動校務評鑑委員培訓與研習、推動高等教育評鑑國際交流與合作、出版評鑑雙月刊及高教評鑑與發展期刊、資訊安全維護等經費4,708千元。","3","","","","","true","","","",""
"5120010201","高等教育行政及督導","26,218,737","05","推動大學評鑑制度","","","","","未歸戶說明","","4.補助學校自主辦理系所品保經費5,560千元。","","","","","","","true","","",""
"5120010201","高等教育行政及督導","26,218,737","05","推動大學評鑑制度","4000","獎補助費","4045","對私校之獎助","用途別二級","2560","","","","","","","","","","",""
"5120010201","高等教育行政及督導","26,218,737","06","引導學校多元發展及提升教學品質","","","","","分支計畫","16051960","","","","","","","","","","",""
"5120010201","高等教育行政及督導","26,218,737","06","引導學校多元發展及提升教學品質","","","","","未歸戶說明","","2.推動擴大招收僑外生政策及國際化相關方案經費259,658千元，包括：(1)重點產業領域擴大招收僑生港澳學生及外國學生實施計畫：配合國家發展委員會移民政策規劃，提供學校國際招生彈性措施，以擴充僑外生生源，促進優秀人才留臺就業，計畫內容包含核定重點產業系所及補助學校成立國際專修部（含開辦費及學生華語先修費用）等所需經費120,038千元。","","","","","","","true","","",""
"5120010201","高等教育行政及督導","26,218,737","06","引導學校多元發展及提升教學品質","","","","","未歸戶說明","","(2)國際經貿談判人才培育、臺奧學研合作計畫、非洲專案計畫、擴大辦理人文社會科學學術人才跨國培育計畫培力等經費139,620千元。","","","","","","","true","","",""
"5120010201","高等教育行政及督導","26,218,737","06","引導學校多元發展及提升教學品質","","","","","未歸戶說明","","3.引導並鼓勵公立大學招收經濟及文化不利學生，強化公私立學校建立完整就學扶助及輔導機制等經費200,000千元。","","","","","","","true","","",""
"5120010201","高等教育行政及督導","26,218,737","06","引導學校多元發展及提升教學品質","","","","","未歸戶說明","","4.推動大學校院延攬國際頂尖人才計畫（玉山學者或玉山青年學者），除法定本薪待遇由大學提供之外，經由學校申請獲審查通過之學者，玉山學者每年最多補助外加薪資5,000千元，一次核給3年、玉山青年學者每年最多補助外加薪資1,500千元，一次核給5年；前述學者每年再核給學術交流暨工作費，最多1,500千元，以及建置及營運中英文玉山（青年）學者資訊網站、計畫審查等經費，所需經費660,000千元。","","","","","","","true","","",""
"5120010201","高等教育行政及督導","26,218,737","06","引導學校多元發展及提升教學品質","","","","","未歸戶說明","","5.補助本部於108至111年度已核定之臺灣重點領域獎學金計畫，選送國內優秀學生攻讀世界百大名校博士班，透過獎助學金的補助栽培，發展尖端技術與能力，並吸引獲選學生於畢業後返國服務，所需經費79,465千元。","","","","","","","true","","",""
"5120010201","高等教育行政及督導","26,218,737","06","引導學校多元發展及提升教學品質","","","","","未歸戶說明","","7.推動大專校院學生雙語化學習計畫第二期，強化學生英語力、落實全英語授課（EMI）課程品保、促進整體大學國際化，所需經費1,578,000千元。","","","","","","","true","","",""
"5120010201","高等教育行政及督導","26,218,737","06","引導學校多元發展及提升教學品質","2000","業務費","","","用途別一級","233629","","","","","","","","","","",""
"5120010201","高等教育行政及督導","26,218,737","06","引導學校多元發展及提升教學品質","2000","業務費","2036","按日按件計資酬金","用途別二級","4000","","","","","","","","","","",""
"5120010201","高等教育行政及督導","26,218,737","06","引導學校多元發展及提升教學品質","2000","業務費","2039","委辦費","用途別二級","228502","","","","","","","","","","",""
"5120010201","高等教育行政及督導","26,218,737","06","引導學校多元發展及提升教學品質","2000","業務費","2054","一般事務費","用途別二級","327","","","","","","","","","","",""
"5120010201","高等教育行政及督導","26,218,737","06","引導學校多元發展及提升教學品質","2000","業務費","2072","國內旅費","用途別二級","800","","","","","","","","","","",""
"5120010201","高等教育行政及督導","26,218,737","06","引導學校多元發展及提升教學品質","3000","設備及投資","","","用途別一級","1272744","","","","","","","","","","",""
"5120010201","高等教育行政及督導","26,218,737","06","引導學校多元發展及提升教學品質","3000","設備及投資","3045","投資","用途別二級","1272744","","","","","","","","","","",""
"5120010201","高等教育行政及督導","26,218,737","06","引導學校多元發展及提升教學品質","4000","獎補助費","","","用途別一級","14545587","","","","","","","","","","",""
"5120010201","高等教育行政及督導","26,218,737","06","引導學校多元發展及提升教學品質","4000","獎補助費","4030","對特種基金之補助","用途別二級","11462626","","","","","","","","","","",""
"5120010201","高等教育行政及督導","26,218,737","06","引導學校多元發展及提升教學品質","4000","獎補助費","4045","對私校之獎助","用途別二級","2512353","","","","","","","","","","",""
"5120010201","高等教育行政及督導","26,218,737","06","引導學校多元發展及提升教學品質","4000","獎補助費","4050","對學生之獎助","用途別二級","570608","","","","","","","","","","",""
"5120010201","高等教育行政及督導","26,218,737","07","拉近公私立學校學雜費差距專案減免","","","","","分支計畫","416500","","","","","","","","","","",""
"5120010201","高等教育行政及督導","26,218,737","07","拉近公私立學校學雜費差距專案減免","4000","獎補助費","","","用途別一級","416500","本項計需經費416,500千元，係辦理拉近公私立學校學雜費差距及其配套措施方案，其內容如下：為擴大對經濟弱勢學生照顧，加碼減免大專弱勢學生學雜費，辦理大專校院弱勢學生助學計畫，補助公立大學校院弱勢學生助學金416,500千元。","0","true","","","","","","","",""
"5120010201","高等教育行政及督導","26,218,737","07","拉近公私立學校學雜費差距專案減免","4000","獎補助費","4050","對學生之獎助","用途別二級","416500","本項計需經費416,500千元，係辦理拉近公私立學校學雜費差距及其配套措施方案，其內容如下：為擴大對經濟弱勢學生照顧，加碼減免大專弱勢學生學雜費，辦理大專校院弱勢學生助學計畫，補助公立大學校院弱勢學生助學金416,500千元。","0","true","","","","","","","",""
"5120010202","技術職業教育行政及督導","10,823,723","01","強化技職教育學制及特色","","","","","分支計畫","771297","","","","","","","","","","",""
"5120010202","技術職業教育行政及督導","10,823,723","01","強化技職教育學制及特色","","","","","未歸戶說明","","1.為支持十二年國民基本教育適性分流，辦理包括技專校院與社教館所合作策劃農林漁牧工領域職業試探、體驗活動，以及與國立社教館所合作進行技職教育宣導等，並規劃支持與整合性活動及說明會，以及五專三區招生宣導計畫等相關經費43,620千元（含媒體政策及業務宣導費8,389千元）。","","","","","","","true","","",""
"5120010202","技術職業教育行政及督導","10,823,723","01","強化技職教育學制及特色","","","","","未歸戶說明","","2.編修技專校院一覽表、中華民國技職教育簡介手冊、技職教育法規選輯、業務參考手冊等經費1,722千元。","","","","","","","true","","",""
"5120010202","技術職業教育行政及督導","10,823,723","01","強化技職教育學制及特色","","","","","未歸戶說明","","3.鼓勵技職校院師生取得產業所需專業證照，辦理技職類科與職業證照盤點作業、專業證照考照輔導見習、推動國手專業技術能力提升、強化技職學生專業技術能力，以及提供自學進修者參與專科學力鑑定考試等經費14,534千元。","","","","","","","true","","",""
"5120010202","技術職業教育行政及督導","10,823,723","01","強化技職教育學制及特色","","","","","未歸戶說明","","4.補助技專校院辦理全國性或國際性技藝能競賽、培訓或補助學生出國參加著名國際性技藝能競賽，並辦理表揚活動等經費17,545千元。","","","","","","","true","","",""
"5120010202","技術職業教育行政及督導","10,823,723","01","強化技職教育學制及特色","","","","","未歸戶說明","","5.推動產學攜手合作計畫，鼓勵高職與技專校院及業界合作開設人才培育專班，並補助低收入戶、中低收入戶及經濟弱勢學生（家庭年所得70萬元以下）就讀獎助學金等經費171,630千元。","","","","","","","true","","",""
"5120010202","技術職業教育行政及督導","10,823,723","01","強化技職教育學制及特色","","","","","未歸戶說明","","6.提升技專校院原住民族學生學習成就及就業能力，同時促進原住民族文化發展，補助技專校院推展原住民族技職教育等經費20,837千元（原住民族教育經費）。","","","","","","","true","","",""
"5120010202","技術職業教育行政及督導","10,823,723","01","強化技職教育學制及特色","","","","","未歸戶說明","","7.辦理新設系科規劃與增調系科總量發展規模及資源條件標準審核經費6,500千元。","","","","","","","true","","",""
"5120010202","技術職業教育行政及督導","10,823,723","01","強化技職教育學制及特色","","","","","未歸戶說明","","8.因應產業發展趨勢，推動多元產業技術人才培育相關計畫及3+2新五專模式專班等經費91,910千元。","","","","","","","true","","",""
"5120010202","技術職業教育行政及督導","10,823,723","01","強化技職教育學制及特色","","","","","未歸戶說明","","10.規劃及改進技專校院多元入學制度、入學測驗方式及配套措施、補助技專校院招生相關單位辦理招生試務工作，建立統一入學測驗題庫與提升閱卷試務作業，以及採民主審議方式建構技高、技專學習歷程溝通平臺等招生專業化措施等經費307,256千元。","","","","","","","true","","",""
"5120010202","技術職業教育行政及督導","10,823,723","01","強化技職教育學制及特色","","","","","未歸戶說明","","11.補助低收入戶及中低收入戶子女參加技專校院統一入學測驗及各聯合招生委員會所需報名費，以保障弱勢學生升學權益相關經費10,800千元。","","","","","","","true","","",""
"5120010202","技術職業教育行政及督導","10,823,723","01","強化技職教育學制及特色","","","","","未歸戶說明","","12.補助技專校院海事類科海上實習及提升教學品質改進方案12,943千元。","","","","","","","true","","",""
"5120010202","技術職業教育行政及督導","10,823,723","01","強化技職教育學制及特色","2000","業務費","","","用途別一級","110626","","","","","","","","","","",""
"5120010202","技術職業教育行政及督導","10,823,723","01","強化技職教育學制及特色","2000","業務費","2036","按日按件計資酬金","用途別二級","1616","","","","","","","","","","",""
"5120010202","技術職業教育行政及督導","10,823,723","01","強化技職教育學制及特色","2000","業務費","2039","委辦費","用途別二級","99636","","","","","","","","","","",""
"5120010202","技術職業教育行政及督導","10,823,723","01","強化技職教育學制及特色","2000","業務費","2051","物品","用途別二級","1000","","","","","","","","","","",""
"5120010202","技術職業教育行政及督導","10,823,723","01","強化技職教育學制及特色","2000","業務費","2054","一般事務費","用途別二級","7403","","","","","","","","","","",""
"5120010202","技術職業教育行政及督導","10,823,723","01","強化技職教育學制及特色","2000","業務費","2072","國內旅費","用途別二級","701","","","","","","","","","","",""
"5120010202","技術職業教育行政及督導","10,823,723","01","強化技職教育學制及特色","2000","業務費","2084","短程車資","用途別二級","270","","","","","","","","","","",""
"5120010202","技術職業教育行政及督導","10,823,723","01","強化技職教育學制及特色","3000","設備及投資","","","用途別一級","13600","","","","","","","","","","",""
"5120010202","技術職業教育行政及督導","10,823,723","01","強化技職教育學制及特色","3000","設備及投資","3045","投資","用途別二級","13600","","","","","","","","","","",""
"5120010202","技術職業教育行政及督導","10,823,723","01","強化技職教育學制及特色","4000","獎補助費","","","用途別一級","647071","","","","","","","","","","",""
"5120010202","技術職業教育行政及督導","10,823,723","01","強化技職教育學制及特色","4000","獎補助費","4030","對特種基金之補助","用途別二級","163218","","","","","","","","","","",""
"5120010202","技術職業教育行政及督導","10,823,723","01","強化技職教育學制及特色","4000","獎補助費","4040","對國內團體之捐助","用途別二級","165226","","","","","","","","","","",""
"5120010202","技術職業教育行政及督導","10,823,723","01","強化技職教育學制及特色","4000","獎補助費","4045","對私校之獎助","用途別二級","133627","","","","","","","","","","",""
"5120010202","技術職業教育行政及督導","10,823,723","01","強化技職教育學制及特色","4000","獎補助費","4050","對學生之獎助","用途別二級","185000","","","","","","","","","","",""
"5120010202","技術職業教育行政及督導","10,823,723","02","輔導改進技專校院之管理發展","","","","","分支計畫","313776","","","","","","","","","","",""
"5120010202","技術職業教育行政及督導","10,823,723","02","輔導改進技專校院之管理發展","2000","業務費","","","用途別一級","42985","1.為提升整體技職教育辦學品質，辦理全國技專校院校長會議、總務相關人員之業務檢討研習、跨部會整合會議、董事會運作輔導、內部控制督導、技專校院改制、私立學校專案輔導及退場、大專校院轉型輔導等業務及推動技職教育業務處理人力等所需經費42,985千元。","1","","","","","","","","",""
"5120010202","技術職業教育行政及督導","10,823,723","02","輔導改進技專校院之管理發展","","","","","未歸戶說明","","2.推動大學合併，協助國立技專校院合併後行政與教學單位搬遷、資訊系統整合、軟硬體建設；補助國立技專校院因應產業需求，對焦區域產業聚落中階以上專業技術人才需求，改善教學環境與設備；補助技專校院改善校舍建築、公共安全設施與災損復原、提升教學研究效益之圖書儀器設備、推動「新世代學生住宿環境提升計畫」策略措施「校內學生宿舍建築貸款利息補助」（國立技專校院）及推動國立技專校院提升節能設備與減碳措施等經費270,791千元。","","","","","","","true","","",""
"5120010202","技術職業教育行政及督導","10,823,723","02","輔導改進技專校院之管理發展","2000","業務費","2033","約用人員酬金","用途別二級","12120","","","","","","","","","","",""
"5120010202","技術職業教育行政及督導","10,823,723","02","輔導改進技專校院之管理發展","2000","業務費","2036","按日按件計資酬金","用途別二級","9160","","","","","","","","","","",""
"5120010202","技術職業教育行政及督導","10,823,723","02","輔導改進技專校院之管理發展","2000","業務費","2039","委辦費","用途別二級","12900","","","","","","","","","","",""
"5120010202","技術職業教育行政及督導","10,823,723","02","輔導改進技專校院之管理發展","2000","業務費","2054","一般事務費","用途別二級","8005","","","","","","","","","","",""
"5120010202","技術職業教育行政及督導","10,823,723","02","輔導改進技專校院之管理發展","2000","業務費","2072","國內旅費","用途別二級","800","","","","","","","","","","",""
"5120010202","技術職業教育行政及督導","10,823,723","02","輔導改進技專校院之管理發展","3000","設備及投資","","","用途別一級","162475","","","","","","","","","","",""
"5120010202","技術職業教育行政及督導","10,823,723","02","輔導改進技專校院之管理發展","3000","設備及投資","3045","投資","用途別二級","162475","","","","","","","","","","",""
"5120010202","技術職業教育行政及督導","10,823,723","02","輔導改進技專校院之管理發展","4000","獎補助費","","","用途別一級","108316","","","","","","","","","","",""
"5120010202","技術職業教育行政及督導","10,823,723","02","輔導改進技專校院之管理發展","4000","獎補助費","4030","對特種基金之補助","用途別二級","108316","","","","","","","","","","",""
"5120010202","技術職業教育行政及督導","10,823,723","03","推動產學合作人才培育與技術研發","","","","","分支計畫","920995","","","","","","","","","","",""
"5120010202","技術職業教育行政及督導","10,823,723","03","推動產學合作人才培育與技術研發","","","","","未歸戶說明","","1.推動產學合作，加強技專校院應用研究能力；推動建立學術倫理發展改進機制等經費134,761千元，包括：(1)推動產學連結合作育才平臺，加強大專校院與產業共同合作人才培育機制；提升學生創新思考與動手實作能力等經費86,204千元。","","","","","","","true","","",""
"5120010202","技術職業教育行政及督導","10,823,723","03","推動產學合作人才培育與技術研發","","","","","未歸戶說明","","(2)引導技專校院釋放創新能量，辦理技專校院學生實務專題製作競賽及成果展、研發成果與技術交易展示、產學交流座談、檢討會、宣導成果、高教技職刊物等經費8,927千元（含媒體政策及業務宣導費634千元）。","","","","","","","true","","",""
"5120010202","技術職業教育行政及督導","10,823,723","03","推動產學合作人才培育與技術研發","","","","","未歸戶說明","","(3)產學合作及推動建立學術倫理發展改進機制及推動圖書館業務之行政運作、訪視、管考、審查作業等經費39,630千元。","","","","","","","true","","",""
"5120010202","技術職業教育行政及督導","10,823,723","03","推動產學合作人才培育與技術研發","","","","","未歸戶說明","","2.引導大專校院對焦產業需求辦理產業學院，開設契合式產學合作人才培育學程，以客製化模式共同培育人才經費60,000千元。","","","","","","","true","","",""
"5120010202","技術職業教育行政及督導","10,823,723","03","推動產學合作人才培育與技術研發","","","","","未歸戶說明","","3.強化技專校院實習學生權益保障，辦理實習課程績效評量、推動教師至產業研習研究、維運課程資源網、鼓勵開設智慧財產權與社會關切議題等課程及工作坊業務等經費14,000千元。","","","","","","","true","","",""
"5120010202","技術職業教育行政及督導","10,823,723","03","推動產學合作人才培育與技術研發","","","","","未歸戶說明","","4.為表揚技專校院教師專業實務應用研發成果對產業及技職人才培育貢獻，辦理國家產學大師獎推薦、評選及頒獎典禮作業經費18,634千元，包括：(1)組成評選及審議小組訂定評選須知、辦理評選審查作業等所需出席費、審查費等2,650千元。","","","","","","","true","","",""
"5120010202","技術職業教育行政及督導","10,823,723","03","推動產學合作人才培育與技術研發","","","","","未歸戶說明","","(2)辦理國家產學大師獎受理推薦系統及作業網站、製作獲獎事蹟影片及手冊、獎項獎座製作及頒獎典禮事宜等經費6,984千元（含媒體政策及業務宣導費608千元）。","","","","","","","true","","",""
"5120010202","技術職業教育行政及督導","10,823,723","03","推動產學合作人才培育與技術研發","2000","業務費","","","用途別一級","98075","","","","","","","","","","",""
"5120010202","技術職業教育行政及督導","10,823,723","03","推動產學合作人才培育與技術研發","2000","業務費","2036","按日按件計資酬金","用途別二級","1550","","","","","","","","","","",""
"5120010202","技術職業教育行政及督導","10,823,723","03","推動產學合作人才培育與技術研發","2000","業務費","2039","委辦費","用途別二級","95006","","","","","","","","","","",""
"5120010202","技術職業教育行政及督導","10,823,723","03","推動產學合作人才培育與技術研發","2000","業務費","2054","一般事務費","用途別二級","319","","","","","","","","","","",""
"5120010202","技術職業教育行政及督導","10,823,723","03","推動產學合作人才培育與技術研發","2000","業務費","2072","國內旅費","用途別二級","1200","","","","","","","","","","",""
"5120010202","技術職業教育行政及督導","10,823,723","03","推動產學合作人才培育與技術研發","3000","設備及投資","","","用途別一級","281154","","","","","","","","","","",""
"5120010202","技術職業教育行政及督導","10,823,723","03","推動產學合作人才培育與技術研發","3000","設備及投資","3045","投資","用途別二級","281154","","","","","","","","","","",""
"5120010202","技術職業教育行政及督導","10,823,723","03","推動產學合作人才培育與技術研發","4000","獎補助費","","","用途別一級","541766","","","","","","","","","","",""
"5120010202","技術職業教育行政及督導","10,823,723","03","推動產學合作人才培育與技術研發","4000","獎補助費","4030","對特種基金之補助","用途別二級","147095","","","","","","","","","","",""
"5120010202","技術職業教育行政及督導","10,823,723","03","推動產學合作人才培育與技術研發","4000","獎補助費","4045","對私校之獎助","用途別二級","385671","","","","","","","","","","",""
"5120010202","技術職業教育行政及督導","10,823,723","03","推動產學合作人才培育與技術研發","4000","獎補助費","4085","獎勵及慰問","用途別二級","9000","(3)獎勵國家產學大師獎獲獎人獎金9,000千元。","8","","","","","","","","",""
"5120010202","技術職業教育行政及督導","10,823,723","03","推動產學合作人才培育與技術研發","","","","","未歸戶說明","","5.推動實作設備精進計畫，補助技專校院升級現有場域及教學設備，開設產業需求之實務課程等經費535,400千元，包括：(1)教學實作場域建置方案：針對五大信賴產業或重點產業核心能力建置貼近產業實際之教學場域，包括教學設備採購、場域修繕及實作課程開設等經費420,400千元。","","","","","","","true","","",""
"5120010202","技術職業教育行政及督導","10,823,723","03","推動產學合作人才培育與技術研發","","","","","未歸戶說明","","(2)課程師資設備精進方案：針對五大信賴產業或重點產業核心能力，提升現有教學場域軟硬體資源，包括提升教師產業知能、擴充實務教學課程等經費100,000千元。","","","","","","","true","","",""
"5120010202","技術職業教育行政及督導","10,823,723","03","推動產學合作人才培育與技術研發","","","","","未歸戶說明","","(3)計畫之行政運作、訪視、管考、審查作業等經費15,000千元。","","","","","","","true","","",""
"5120010202","技術職業教育行政及督導","10,823,723","03","推動產學合作人才培育與技術研發","","","","","未歸戶說明","","6.配合經濟部推動「無人載具（無人機及水面水下無人船）產業發展統籌型計畫」，補助大專校院採購無人機、建置無人機相關教學系統、發展應用課程，及辦理無人機科普教育推廣等相關經費158,200千元。","","","","","","","true","","",""
"5120010202","技術職業教育行政及督導","10,823,723","04","技職教育行政革新與國際交流及評鑑","","","","","分支計畫","1841255","","","","","","","","","","",""
"5120010202","技術職業教育行政及督導","10,823,723","04","技職教育行政革新與國際交流及評鑑","","","","","未歸戶說明","","1.推動技職教育教務行政制度及工作，整合技職教育資訊傳播網網站及相關網站等經費25,459千元，包括維護技專校院校務資料庫，提供系所總量管制、各類獎補助及評鑑等所需各校校務資料。","","","","","","","true","","",""
"5120010202","技術職業教育行政及督導","10,823,723","04","技職教育行政革新與國際交流及評鑑","","","","","未歸戶說明","","2.推動技專校院國際化相關經費692,206千元，包括：(1)補助技專校院辦理新南向產學合作國際專班等經費472,500千元。","","","","","","","true","","",""
"5120010202","技術職業教育行政及督導","10,823,723","04","技職教育行政革新與國際交流及評鑑","","","","","未歸戶說明","","(2)推動重點領域擴大招收僑生港澳學生及外國學生實施計畫等相關經費193,310千元。","","","","","","","true","","",""
"5120010202","技術職業教育行政及督導","10,823,723","04","技職教育行政革新與國際交流及評鑑","","","","","未歸戶說明","","(3)推動技專校院國際化相關計畫，包括辦理高等技職教育國際論壇或與其他國家高等技職教育國際合作、技專校院雙語教育等相關經費25,899千元。","","","","","","","true","","",""
"5120010202","技術職業教育行政及督導","10,823,723","04","技職教育行政革新與國際交流及評鑑","2000","業務費","","","用途別一級","147833","","","","","","","","","","",""
"5120010202","技術職業教育行政及督導","10,823,723","04","技職教育行政革新與國際交流及評鑑","2000","業務費","2036","按日按件計資酬金","用途別二級","12318","","","","","","","","","","",""
"5120010202","技術職業教育行政及督導","10,823,723","04","技職教育行政革新與國際交流及評鑑","2000","業務費","2039","委辦費","用途別二級","131035","","","","","","","","","","",""
"5120010202","技術職業教育行政及督導","10,823,723","04","技職教育行政革新與國際交流及評鑑","2000","業務費","2054","一般事務費","用途別二級","3391","","","","","","","","","","",""
"5120010202","技術職業教育行政及督導","10,823,723","04","技職教育行政革新與國際交流及評鑑","2000","業務費","2072","國內旅費","用途別二級","592","","","","","","","","","","",""
"5120010202","技術職業教育行政及督導","10,823,723","04","技職教育行政革新與國際交流及評鑑","2000","業務費","2078","國外旅費","用途別二級","497","(4)訪問東南亞國家技職教育相關機構、政府單位與參加國際教育展、日本技職教育體系及升學制度等推動情形等經費497千元。","5","","","","","","","","",""
"5120010202","技術職業教育行政及督導","10,823,723","04","技職教育行政革新與國際交流及評鑑","4000","獎補助費","","","用途別一級","1693422","3.提升技專校院教學品質及精進技專校院評鑑制度，辦理各項評鑑業務經費50,927千元。","6","","","","","","","","false","true"
"5120010202","技術職業教育行政及督導","10,823,723","04","技職教育行政革新與國際交流及評鑑","4000","獎補助費","4030","對特種基金之補助","用途別二級","159314","4.補助國私立技專校院獎助生納保經費、辦理教學助理全面納保及衍生身心障礙者與原住民族雇用所需相關經費35,000千元（國立技專校院5,000千元；私立技專校院30,000千元）。","7","","","","","","","","false","true"
"5120010202","技術職業教育行政及督導","10,823,723","04","技職教育行政革新與國際交流及評鑑","4000","獎補助費","4045","對私校之獎助","用途別二級","784108","5.促進國際生來臺暨留臺中程計畫經行政院114年8月14日院臺教字第1141021063號函核定修正，分4年辦理，總經費3,380,000千元，113至114年度已編列1,597,463千元，本年度續編第3年經費857,463千元，本科目編列組成國際合作聯盟及設立海外基地，擴大招生及交流合作、華語教育推廣等經費287,663千元。","8","","","","","","","","false","true"
"5120010202","技術職業教育行政及督導","10,823,723","04","技職教育行政革新與國際交流及評鑑","4000","獎補助費","4050","對學生之獎助","用途別二級","750000","6.為全面減輕學生住宿負擔，規劃「大專校院學生校內住宿補貼」補貼技專校院約72,800床次，以「一般身分收費」約67,300床，每名每學期補助5,000元為原則，及「低收、中低收之經濟弱勢身分收費」約5,500床，每名每學期補助7,000元為原則，所需經費750,000千元。","9","","","","","","","","",""
"5120010202","技術職業教育行政及督導","10,823,723","05","引導學校發展多元特色及教學創新","","","","","分支計畫","6679658","","","","","","","","","","",""
"5120010202","技術職業教育行政及督導","10,823,723","05","引導學校發展多元特色及教學創新","","","","","未歸戶說明","","1.引導技專校院推動以學生為主體之教學創新，厚植學生基礎、通識、資訊科技及跨領域能力，精進學生實務學習與教師實務經驗、發展創新教學模式、推動教學實踐研究、強化雙語教育、以產業及問題導向學習模式，增強學生學以致用及解決問題之就業力，優化師資質量及改善生師比，並鼓勵產學合作，厚植研發能量，建構創新創業生態環境，強化創新產業人才培育與推動國際交流，精進辦學優勢與特色，協助學校建立國際化的行政支持系統及提升校園資安防護韌性等所需經費4,979,960千元（含媒體政策及業務宣導費450千元）。","","","","","","","true","","",""
"5120010202","技術職業教育行政及督導","10,823,723","05","引導學校發展多元特色及教學創新","","","","","未歸戶說明","","2.鼓勵科技大學立基於研發能量及發展優勢，依據國內外重要發展議題及產業需求進行研究研發計畫，以回應社會及產業需求等所需經費454,888千元。","","","","","","","true","","",""
"5120010202","技術職業教育行政及督導","10,823,723","05","引導學校發展多元特色及教學創新","","","","","未歸戶說明","","3.鼓勵技專校院實踐大學社會責任，發掘在地社區之人文特色及發展需求，聚焦區域產業需求促成關鍵技術開發，協助師生社會參與及在地問題解決，以跨系科、跨領域、跨校合作，促進學生場域實作學習與分享，創造城鄉、產學、文化發展創新價值，推動師生社會創新等所需經費600,000千元。","","","","","","","true","","",""
"5120010202","技術職業教育行政及督導","10,823,723","05","引導學校發展多元特色及教學創新","","","","","未歸戶說明","","4.強化技專校院對經濟及文化不利學生照顧及在學輔導，協助學生投入就業職場，以及透過產官學協助經濟及文化不利學生安心學習等所需經費644,810千元。","","","","","","","true","","",""
"5120010202","技術職業教育行政及督導","10,823,723","05","引導學校發展多元特色及教學創新","2000","業務費","","","用途別一級","132754","","","","","","","","","","",""
"5120010202","技術職業教育行政及督導","10,823,723","05","引導學校發展多元特色及教學創新","2000","業務費","2036","按日按件計資酬金","用途別二級","10000","","","","","","","","","","",""
"5120010202","技術職業教育行政及督導","10,823,723","05","引導學校發展多元特色及教學創新","2000","業務費","2039","委辦費","用途別二級","119074","","","","","","","","","","",""
"5120010202","技術職業教育行政及督導","10,823,723","05","引導學校發展多元特色及教學創新","2000","業務費","2054","一般事務費","用途別二級","2880","","","","","","","","","","",""
"5120010202","技術職業教育行政及督導","10,823,723","05","引導學校發展多元特色及教學創新","2000","業務費","2072","國內旅費","用途別二級","800","","","","","","","","","","",""
"5120010202","技術職業教育行政及督導","10,823,723","05","引導學校發展多元特色及教學創新","3000","設備及投資","","","用途別一級","573120","","","","","","","","","","",""
"5120010202","技術職業教育行政及督導","10,823,723","05","引導學校發展多元特色及教學創新","3000","設備及投資","3045","投資","用途別二級","573120","","","","","","","","","","",""
"5120010202","技術職業教育行政及督導","10,823,723","05","引導學校發展多元特色及教學創新","4000","獎補助費","","","用途別一級","5973784","","","","","","","","","","",""
"5120010202","技術職業教育行政及督導","10,823,723","05","引導學校發展多元特色及教學創新","4000","獎補助費","4030","對特種基金之補助","用途別二級","1950950","","","","","","","","","","",""
"5120010202","技術職業教育行政及督導","10,823,723","05","引導學校發展多元特色及教學創新","4000","獎補助費","4045","對私校之獎助","用途別二級","3378129","","","","","","","","","","",""
"5120010202","技術職業教育行政及督導","10,823,723","05","引導學校發展多元特色及教學創新","4000","獎補助費","4050","對學生之獎助","用途別二級","644705","","","","","","","","","","",""
"5120010202","技術職業教育行政及督導","10,823,723","06","拉近公私立學校學雜費差距專案減免","","","","","分支計畫","296742","","","","","","","","","","",""
"5120010202","技術職業教育行政及督導","10,823,723","06","拉近公私立學校學雜費差距專案減免","4000","獎補助費","","","用途別一級","296742","本項計需經費296,742千元，係辦理拉近公私立學校學雜費差距及其配套措施方案，其內容如下：為擴大對經濟弱勢學生照顧，加碼減免大專弱勢學生學雜費，辦理大專校院弱勢學生助學計畫，補助公立技專校院弱勢學生助學金296,742千元。","0","true","","","","","","","",""
"5120010202","技術職業教育行政及督導","10,823,723","06","拉近公私立學校學雜費差距專案減免","4000","獎補助費","4050","對學生之獎助","用途別二級","296742","本項計需經費296,742千元，係辦理拉近公私立學校學雜費差距及其配套措施方案，其內容如下：為擴大對經濟弱勢學生照顧，加碼減免大專弱勢學生學雜費，辦理大專校院弱勢學生助學計畫，補助公立技專校院弱勢學生助學金296,742千元。","0","true","","","","","","","",""
"5120010203","國立大學校院教學與研究輔助","52,278,002","01","高等教育教學與研究輔助經費","","","","","分支計畫","51148752","","","","","","","","","","",""
"5120010203","國立大學校院教學與研究輔助","52,278,002","01","高等教育教學與研究輔助經費","4000","獎補助費","","","用途別一級","51148752","項計需經費51,148,752千元，係輔助實施國立學校院校務基金（含附設實驗國民小學）之各教學與研究經費（含原住民族教育經費500,199千元），其內容如下：","0","true","","","","","","","",""
"5120010203","國立大學校院教學與研究輔助","52,278,002","01","高等教育教學與研究輔助經費","4000","獎補助費","4030","對特種基金之補助","用途別二級","51148752","項計需經費51,148,752千元，係輔助實施國立學校院校務基金（含附設實驗國民小學）之各教學與研究經費（含原住民族教育經費500,199千元），其內容如下：","0","true","","","","","","","",""
"5120010203","國立大學校院教學與研究輔助","52,278,002","01","高等教育教學與研究輔助經費","","","","","未歸戶說明","","1.輔助國立臺灣大學教學與研究經費5,023,287千元。","","","","","","","true","","",""
"5120010203","國立大學校院教學與研究輔助","52,278,002","01","高等教育教學與研究輔助經費","","","","","未歸戶說明","","2.輔助國立政治大學教學與研究經費1,798,821千元（含附設實驗國民小學65,339千元）。","","","","","","","true","","",""
"5120010203","國立大學校院教學與研究輔助","52,278,002","01","高等教育教學與研究輔助經費","","","","","未歸戶說明","","3.輔助國立清華大學教學與研究經費2,138,600千元（含附設實驗國民小學150,202千元）。","","","","","","","true","","",""
"5120010203","國立大學校院教學與研究輔助","52,278,002","01","高等教育教學與研究輔助經費","","","","","未歸戶說明","","4.輔助國立中興大學教學與研究經費1,770,172千元及國家植物園方舟計畫（第二期）經費8,150千元，合共1,778,322千元。","","","","","","","true","","",""
"5120010203","國立大學校院教學與研究輔助","52,278,002","01","高等教育教學與研究輔助經費","","","","","未歸戶說明","","5.輔助國立成功大學教學與研究經費2,752,101千元。","","","","","","","true","","",""
"5120010203","國立大學校院教學與研究輔助","52,278,002","01","高等教育教學與研究輔助經費","","","","","未歸戶說明","","6.輔助國立中央大學教學與研究經費1,311,845千元。","","","","","","","true","","",""
"5120010203","國立大學校院教學與研究輔助","52,278,002","01","高等教育教學與研究輔助經費","","","","","未歸戶說明","","7.輔助國立中山大學教學與研究經費1,207,580千元。","","","","","","","true","","",""
"5120010203","國立大學校院教學與研究輔助","52,278,002","01","高等教育教學與研究輔助經費","","","","","未歸戶說明","","8.輔助國立中正大學教學與研究經費1,156,602千元。","","","","","","","true","","",""
"5120010203","國立大學校院教學與研究輔助","52,278,002","01","高等教育教學與研究輔助經費","","","","","未歸戶說明","","9.輔助國立臺灣海洋大學教學與研究經費965,912千元。","","","","","","","true","","",""
"5120010203","國立大學校院教學與研究輔助","52,278,002","01","高等教育教學與研究輔助經費","","","","","未歸戶說明","","10.輔助國立東華大學教學與研究經費1,294,117千元（含附設實驗國民小學117,864千元）。","","","","","","","true","","",""
"5120010203","國立大學校院教學與研究輔助","52,278,002","01","高等教育教學與研究輔助經費","","","","","未歸戶說明","","11.輔助國立暨南國際大學教學與研究經費677,208千元。","","","","","","","true","","",""
"5120010203","國立大學校院教學與研究輔助","52,278,002","01","高等教育教學與研究輔助經費","","","","","未歸戶說明","","12.輔助國立臺北大學教學與研究經費836,554千元。","","","","","","","true","","",""
"5120010203","國立大學校院教學與研究輔助","52,278,002","01","高等教育教學與研究輔助經費","","","","","未歸戶說明","","13.輔助國立嘉義大學教學與研究經費1,313,085千元（含附設實驗國民小學126,159千元）。","","","","","","","true","","",""
"5120010203","國立大學校院教學與研究輔助","52,278,002","01","高等教育教學與研究輔助經費","","","","","未歸戶說明","","14.輔助國立高雄大學教學與研究經費528,265千元。","","","","","","","true","","",""
"5120010203","國立大學校院教學與研究輔助","52,278,002","01","高等教育教學與研究輔助經費","","","","","未歸戶說明","","15.輔助國立臺東大學教學與研究經費657,163千元（含附設實驗國民小學139,069千元）。","","","","","","","true","","",""
"5120010203","國立大學校院教學與研究輔助","52,278,002","01","高等教育教學與研究輔助經費","","","","","未歸戶說明","","16.輔助國立宜蘭大學教學與研究經費611,665千元。","","","","","","","true","","",""
"5120010203","國立大學校院教學與研究輔助","52,278,002","01","高等教育教學與研究輔助經費","","","","","未歸戶說明","","17.輔助國立聯合大學教學與研究經費659,304千元。","","","","","","","true","","",""
"5120010203","國立大學校院教學與研究輔助","52,278,002","01","高等教育教學與研究輔助經費","","","","","未歸戶說明","","18.輔助國立臺南大學教學與研究經費716,824千元（含附設實驗國民小學142,322千元）。","","","","","","","true","","",""
"5120010203","國立大學校院教學與研究輔助","52,278,002","01","高等教育教學與研究輔助經費","","","","","未歸戶說明","","19.輔助國立金門大學教學與研究經費424,441千元。","","","","","","","true","","",""
"5120010203","國立大學校院教學與研究輔助","52,278,002","01","高等教育教學與研究輔助經費","","","","","未歸戶說明","","20.輔助國立屏東大學教學與研究經費964,280千元（含附設實驗國民小學90,267千元）。","","","","","","","true","","",""
"5120010203","國立大學校院教學與研究輔助","52,278,002","01","高等教育教學與研究輔助經費","","","","","未歸戶說明","","21.輔助國立陽明交通大學教學與研究經費2,535,886千元。","","","","","","","true","","",""
"5120010203","國立大學校院教學與研究輔助","52,278,002","01","高等教育教學與研究輔助經費","","","","","未歸戶說明","","22.輔助國立臺灣師範大學教學與研究經費2,029,708千元。","","","","","","","true","","",""
"5120010203","國立大學校院教學與研究輔助","52,278,002","01","高等教育教學與研究輔助經費","","","","","未歸戶說明","","23.輔助國立彰化師範大學教學與研究經費810,946千元。","","","","","","","true","","",""
"5120010203","國立大學校院教學與研究輔助","52,278,002","01","高等教育教學與研究輔助經費","","","","","未歸戶說明","","24.輔助國立高雄師範大學教學與研究經費702,281千元。","","","","","","","true","","",""
"5120010203","國立大學校院教學與研究輔助","52,278,002","01","高等教育教學與研究輔助經費","","","","","未歸戶說明","","25.輔助國立臺北教育大學教學與研究經費716,320千元（含附設實驗國民小學150,796千元）。","","","","","","","true","","",""
"5120010203","國立大學校院教學與研究輔助","52,278,002","01","高等教育教學與研究輔助經費","","","","","未歸戶說明","","26.輔助國立臺中教育大學教學與研究經費634,038千元（含附設實驗國民小學128,716千元）。","","","","","","","true","","",""
"5120010203","國立大學校院教學與研究輔助","52,278,002","01","高等教育教學與研究輔助經費","","","","","未歸戶說明","","27.輔助國立臺北藝術大學教學與研究經費541,880千元。","","","","","","","true","","",""
"5120010203","國立大學校院教學與研究輔助","52,278,002","01","高等教育教學與研究輔助經費","","","","","未歸戶說明","","28.輔助國立臺灣藝術大學教學與研究經費617,114千元。","","","","","","","true","","",""
"5120010203","國立大學校院教學與研究輔助","52,278,002","01","高等教育教學與研究輔助經費","","","","","未歸戶說明","","29.輔助國立臺南藝術大學教學與研究經費376,497千元。","","","","","","","true","","",""
"5120010203","國立大學校院教學與研究輔助","52,278,002","01","高等教育教學與研究輔助經費","","","","","未歸戶說明","","30.輔助國立空中大學教學與研究經費295,864千元。","","","","","","","true","","",""
"5120010203","國立大學校院教學與研究輔助","52,278,002","01","高等教育教學與研究輔助經費","","","","","未歸戶說明","","31.輔助國立臺灣科技大學教學與研究經費1,167,700千元。","","","","","","","true","","",""
"5120010203","國立大學校院教學與研究輔助","52,278,002","01","高等教育教學與研究輔助經費","","","","","未歸戶說明","","32.輔助國立臺北科技大學教學與研究經費979,498千元。","","","","","","","true","","",""
"5120010203","國立大學校院教學與研究輔助","52,278,002","01","高等教育教學與研究輔助經費","","","","","未歸戶說明","","33.輔助國立雲林科技大學教學與研究經費970,860千元。","","","","","","","true","","",""
"5120010203","國立大學校院教學與研究輔助","52,278,002","01","高等教育教學與研究輔助經費","","","","","未歸戶說明","","34.輔助國立虎尾科技大學教學與研究經費810,765千元。","","","","","","","true","","",""
"5120010203","國立大學校院教學與研究輔助","52,278,002","01","高等教育教學與研究輔助經費","","","","","未歸戶說明","","35.輔助國立屏東科技大學教學與研究經費1,205,945千元。","","","","","","","true","","",""
"5120010203","國立大學校院教學與研究輔助","52,278,002","01","高等教育教學與研究輔助經費","","","","","未歸戶說明","","36.輔助國立澎湖科技大學教學與研究經費363,315千元。","","","","","","","true","","",""
"5120010203","國立大學校院教學與研究輔助","52,278,002","01","高等教育教學與研究輔助經費","","","","","未歸戶說明","","37.輔助國立勤益科技大學教學與研究經費770,603千元。","","","","","","","true","","",""
"5120010203","國立大學校院教學與研究輔助","52,278,002","01","高等教育教學與研究輔助經費","","","","","未歸戶說明","","38.輔助國立臺北護理健康大學教學與研究經費488,135千元。","","","","","","","true","","",""
"5120010203","國立大學校院教學與研究輔助","52,278,002","01","高等教育教學與研究輔助經費","","","","","未歸戶說明","","39.輔助國立高雄餐旅大學教學與研究經費401,270千元。","","","","","","","true","","",""
"5120010203","國立大學校院教學與研究輔助","52,278,002","01","高等教育教學與研究輔助經費","","","","","未歸戶說明","","40.輔助國立臺中科技大學教學與研究經費1,037,354千元。","","","","","","","true","","",""
"5120010203","國立大學校院教學與研究輔助","52,278,002","01","高等教育教學與研究輔助經費","","","","","未歸戶說明","","41.輔助國立臺北商業大學教學與研究經費671,745千元。","","","","","","","true","","",""
"5120010203","國立大學校院教學與研究輔助","52,278,002","01","高等教育教學與研究輔助經費","","","","","未歸戶說明","","42.輔助國立高雄科技大學教學與研究經費2,286,167千元(含御風實習船維運管理經費147,720千元)。","","","","","","","true","","",""
"5120010203","國立大學校院教學與研究輔助","52,278,002","01","高等教育教學與研究輔助經費","","","","","未歸戶說明","","43.輔助國立體育大學教學與研究經費373,168千元。","","","","","","","true","","",""
"5120010203","國立大學校院教學與研究輔助","52,278,002","01","高等教育教學與研究輔助經費","","","","","未歸戶說明","","44.輔助國立臺灣體育運動大學教學與研究經費414,302千元。","","","","","","","true","","",""
"5120010203","國立大學校院教學與研究輔助","52,278,002","01","高等教育教學與研究輔助經費","","","","","未歸戶說明","","45.輔助國立臺灣戲曲學院教學與研究經費481,243千元。","","","","","","","true","","",""
"5120010203","國立大學校院教學與研究輔助","52,278,002","01","高等教育教學與研究輔助經費","","","","","未歸戶說明","","46.輔助國立臺南護理專科學校教學與研究經費240,402千元。","","","","","","","true","","",""
"5120010203","國立大學校院教學與研究輔助","52,278,002","01","高等教育教學與研究輔助經費","","","","","未歸戶說明","","47.輔助國立臺東專科學校教學與研究經費338,589千元。","","","","","","","true","","",""
"5120010203","國立大學校院教學與研究輔助","52,278,002","02","教學醫院學生臨床教學研究與輔助","","","","","分支計畫","1129250","","","","","","","","","","",""
"5120010203","國立大學校院教學與研究輔助","52,278,002","02","教學醫院學生臨床教學研究與輔助","4000","獎補助費","","","用途別一級","1129250","本項計需經費1,129,250千元，係輔助醫學臨床教學與研究經費，其內容如下：","0","true","","","","","","","",""
"5120010203","國立大學校院教學與研究輔助","52,278,002","02","教學醫院學生臨床教學研究與輔助","4000","獎補助費","4030","對特種基金之補助","用途別二級","1129250","本項計需經費1,129,250千元，係輔助醫學臨床教學與研究經費，其內容如下：","0","true","","","","","","","",""
"5120010203","國立大學校院教學與研究輔助","52,278,002","02","教學醫院學生臨床教學研究與輔助","","","","","未歸戶說明","","1.輔助國立臺灣大學醫學院附設醫院臨床教學與研究經費697,423千元。","","","","","","","true","","",""
"5120010203","國立大學校院教學與研究輔助","52,278,002","02","教學醫院學生臨床教學研究與輔助","","","","","未歸戶說明","","2.輔助國立成功大學醫學院附設醫院臨床教學與研究經費256,611千元。","","","","","","","true","","",""
"5120010203","國立大學校院教學與研究輔助","52,278,002","02","教學醫院學生臨床教學研究與輔助","","","","","未歸戶說明","","3.輔助國立陽明交通大學附設醫院臨床教學與研究經費172,066千元。","","","","","","","true","","",""
"5120010204","私立學校教學獎助","39,757,230","01","輔導私立大專校院整體發展獎助","","","","","分支計畫","10203389","","","","","","","","","","",""
"5120010204","私立學校教學獎助","39,757,230","01","輔導私立大專校院整體發展獎助","","","","","未歸戶說明","","1.為鼓勵私立大學校院健全發展，協助各校進行整體與特色規劃，提升教育品質，將依各校規模、政策績效、校內助學措施、推動節能減碳措施及發展辦學特色等，給予學校補助及獎勵經費計需4,506,757千元（高等教育司），包括：(1)私立大學校院校務發展計畫之獎勵、補助經費，並辦理計畫經費審查、資料查核作業及經費訪視事宜暨協助學校改善教師待遇、兼任教師鐘點費調升補助等經費4,422,627千元，與提升節能設備及減碳措施經費83,130千元，合共4,505,757千元。","","","","","","","true","","",""
"5120010204","私立學校教學獎助","39,757,230","01","輔導私立大專校院整體發展獎助","2000","業務費","","","用途別一級","24623","","","","","","","","","","",""
"5120010204","私立學校教學獎助","39,757,230","01","輔導私立大專校院整體發展獎助","2000","業務費","2039","委辦費","用途別二級","21673","","","","","","","","","","",""
"5120010204","私立學校教學獎助","39,757,230","01","輔導私立大專校院整體發展獎助","2000","業務費","2054","一般事務費","用途別二級","2950","","","","","","","","","","",""
"5120010204","私立學校教學獎助","39,757,230","01","輔導私立大專校院整體發展獎助","4000","獎補助費","","","用途別一級","10178766","","","","","","","","","","",""
"5120010204","私立學校教學獎助","39,757,230","01","輔導私立大專校院整體發展獎助","4000","獎補助費","4040","對國內團體之捐助","用途別二級","1000","(2)補助財團法人私立學校興學基金會之人事經費579千元及營運業務經費421千元，合計1,000千元，俾基金會依據私立學校法第62條之規定，運作並統籌辦理民間對私校捐贈事宜，以促進私校發展及捐贈公開透明。","2","","","","","","","","",""
"5120010204","私立學校教學獎助","39,757,230","01","輔導私立大專校院整體發展獎助","","","","","未歸戶說明","","2.為鼓勵私立技專校院健全發展，提升教學品質、改善基礎設施及推動節能減碳措施，依各校規模、辦學績效及發展辦學績效等，給予學校補助與獎勵經費計需4,335,318千元（技術及職業教育司），包括：(1)辦理私立技專校院獎補助規定修訂、公聽會、維護更新私立技專校院獎補助資訊網、辦理系統填報說明會、受理各校提報基本資料與計畫申請及進行審查、獎補助經費公告、獎補助經費支用績效訪視等經費16,360千元。","","","","","","","true","","",""
"5120010204","私立學校教學獎助","39,757,230","01","輔導私立大專校院整體發展獎助","","","","","未歸戶說明","","(2)協助私立技專校院整體發展，獎勵補助私立技專校院提升教學品質、改善基礎設施與提升節能設備及減碳措施等經費3,109,020千元，暨協助學校改善教師待遇、兼任教師鐘點費調升補助等經費1,209,938千元，合共4,318,958千元。","","","","","","","true","","",""
"5120010204","私立學校教學獎助","39,757,230","01","輔導私立大專校院整體發展獎助","4000","獎補助費","4045","對私校之獎助","用途別二級","10177766","","","","","","","","","","",""
"5120010204","私立學校教學獎助","39,757,230","02","私立大專校院輔導學生事務工作及學生團體保險費","","","","","分支計畫","551276","","","","","","","","","","",""
"5120010204","私立學校教學獎助","39,757,230","02","私立大專校院輔導學生事務工作及學生團體保險費","","","","","未歸戶說明","","1.依據私立學校法第59條、私立高級中等以上學校獎勵補助辦法第3條、第6條及第7條規定，獎補助私立大專校院學生事務與輔導工作經費228,550千元，包括：(1)依據私立大專校院校數補助學校學生事務與輔導工作經費192,206千元。","","","","","","","true","","",""
"5120010204","私立學校教學獎助","39,757,230","02","私立大專校院輔導學生事務工作及學生團體保險費","","","","","未歸戶說明","","(2)依據學校推動學生事務與輔導工作之成果及相關經費編列情形，擇優獎助各校學生事務與輔導工作經費14,200千元。","","","","","","","true","","",""
"5120010204","私立學校教學獎助","39,757,230","02","私立大專校院輔導學生事務工作及學生團體保險費","","","","","未歸戶說明","","(3)辦理私立大專校院學生事務與輔導工作相關會議，提供各大專校院經驗分享與交流，有效運用學生事務與輔導工作經費及辦理查核，持續維護運作私立大專校院學生事務與輔導網站及其他私立大專校院辦理學生事務與輔導相關活動等經費20,644千元。","","","","","","","true","","",""
"5120010204","私立學校教學獎助","39,757,230","02","私立大專校院輔導學生事務工作及學生團體保險費","","","","","未歸戶說明","","(4)補助私立大專校院辦理學生事務與輔導議題研討會等經費1,500千元。","","","","","","","true","","",""
"5120010204","私立學校教學獎助","39,757,230","02","私立大專校院輔導學生事務工作及學生團體保險費","2000","業務費","","","用途別一級","26644","","","","","","","","","","",""
"5120010204","私立學校教學獎助","39,757,230","02","私立大專校院輔導學生事務工作及學生團體保險費","2000","業務費","2039","委辦費","用途別二級","26644","","","","","","","","","","",""
"5120010204","私立學校教學獎助","39,757,230","02","私立大專校院輔導學生事務工作及學生團體保險費","4000","獎補助費","","","用途別一級","524632","","","","","","","","","","",""
"5120010204","私立學校教學獎助","39,757,230","02","私立大專校院輔導學生事務工作及學生團體保險費","4000","獎補助費","4045","對私校之獎助","用途別二級","462632","","","","","","","","","","",""
"5120010204","私立學校教學獎助","39,757,230","02","私立大專校院輔導學生事務工作及學生團體保險費","4000","獎補助費","4050","對學生之獎助","用途別二級","62000","本部部分補助私立大專校院辦理學生團體保險費，每位學生每學年補助100元，計需經費62,000千元。","6","","","","","","","","",""
"5120010204","私立學校教學獎助","39,757,230","02","私立大專校院輔導學生事務工作及學生團體保險費","","","","","未歸戶說明","","3.協助私立大專校院依據學生輔導法第11條完備專業輔導人員配置，並鼓勵學校得依實際需求增加專業輔導人員編制，以充足學校輔導人力經費223,000千元。","","","","","","","true","","",""
"5120010204","私立學校教學獎助","39,757,230","02","私立大專校院輔導學生事務工作及學生團體保險費","","","","","未歸戶說明","","4.補助私立大專校院進行輔導與諮商空間重整及改善規劃經費32,582千元。","","","","","","","true","","",""
"5120010204","私立學校教學獎助","39,757,230","02","私立大專校院輔導學生事務工作及學生團體保險費","","","","","未歸戶說明","","5.依「教育部補助大專校院設立校園安全維護及全民國防教育資源中心原則」，補助大專校院設置校園安全維護及全民國防教育資源中心推展全民國防及校園安全經費5,144千元。","","","","","","","true","","",""
"5120010204","私立學校教學獎助","39,757,230","03","補助私立大專校院建築貸款利息","","","","","分支計畫","11053","","","","","","","","","","",""
"5120010204","私立學校教學獎助","39,757,230","03","補助私立大專校院建築貸款利息","4000","獎補助費","","","用途別一級","11053","項計需經費11,053千元，其內容如下：","0","true","","","","","","","",""
"5120010204","私立學校教學獎助","39,757,230","03","補助私立大專校院建築貸款利息","4000","獎補助費","4045","對私校之獎助","用途別二級","11053","項計需經費11,053千元，其內容如下：","0","true","","","","","","","",""
"5120010204","私立學校教學獎助","39,757,230","03","補助私立大專校院建築貸款利息","","","","","未歸戶說明","","1.協助私立大學校院改善教學建築及學生宿舍生活環境，使學生安心向學，補助建築貸款利息7,053千元（高等教育司），包括：(1)補助私立大學校院於91至107年度已核准興建之學生宿舍等建築貸款利息1,900千元。","","","","","","","true","","",""
"5120010204","私立學校教學獎助","39,757,230","03","補助私立大專校院建築貸款利息","","","","","未歸戶說明","","(2)推動「新世代學生住宿環境提升計畫」策略措施「校內學生宿舍建築貸款利息補助」，補助私立大學校院新建學生宿舍與改建校舍為學生宿舍經費之私立學校，給予貸款之利息補助，新建學生宿舍者最高補助總貸款金額50％之利息，改建校舍為學生宿舍者最高補助總貸款金額100％之利息，計5,153千元。","","","","","","","true","","",""
"5120010204","私立學校教學獎助","39,757,230","03","補助私立大專校院建築貸款利息","","","","","未歸戶說明","","2.補助私立技專校院建築貸款利息，推動「新世代學生住宿環境提升計畫」策略措施「校內學生宿舍建築貸款利息補助」（私立技專校院）計4,000千元（技術及職業教育司）。","","","","","","","true","","",""
"5120010204","私立學校教學獎助","39,757,230","04","學生學雜費減免及助學金補助","","","","","分支計畫","6283763","","","","","","","","","","",""
"5120010204","私立學校教學獎助","39,757,230","04","學生學雜費減免及助學金補助","","","","","未歸戶說明","","1.補助私立大學校院學生學雜費減免優待、助學金、研究生及博士生獎助學金1,879,607千元（高等教育司），包括：(1)補助私立大學校院學生學雜費減免優待經費1,548,500千元，其中：<1>軍公教遺族就學優待經費7,000千元。<2>現役軍人子女就學優待經費100千元。<3>身心障礙人士及其子女學雜費減免913,500千元。<4>低收入戶及中低收入戶子女學雜費減免300,000千元。<5>原住民族（含平埔族）學生學雜費減免286,000千元（原住民族教育經費）。<6>特殊境遇家庭子女或孫子女學雜費減免41,900千元。","","","","","","","true","","",""
"5120010204","私立學校教學獎助","39,757,230","04","學生學雜費減免及助學金補助","2000","業務費","","","用途別一級","307","(2)辦理相關業務座談會議及講習等經費307千元。","2","true","","","","","","","",""
"5120010204","私立學校教學獎助","39,757,230","04","學生學雜費減免及助學金補助","2000","業務費","2054","一般事務費","用途別二級","307","(2)辦理相關業務座談會議及講習等經費307千元。","2","true","","","","","","","",""
"5120010204","私立學校教學獎助","39,757,230","04","學生學雜費減免及助學金補助","","","","","未歸戶說明","","(3)補助私立大學校院學生生活助學金100,800千元。","","","","","","","true","","",""
"5120010204","私立學校教學獎助","39,757,230","04","學生學雜費減免及助學金補助","","","","","未歸戶說明","","(4)補助私立大學校院研究生獎助學金170,000千元。","","","","","","","true","","",""
"5120010204","私立學校教學獎助","39,757,230","04","學生學雜費減免及助學金補助","","","","","未歸戶說明","","(5)十二年國民基本教育高中職（含五專前3年）免學費方案經費60,000千元。","","","","","","","true","","",""
"5120010204","私立學校教學獎助","39,757,230","04","學生學雜費減免及助學金補助","","","","","未歸戶說明","","2.補助私立技專校院學生學雜費減免優待經費及助學金4,404,156千元（技術及職業教育司），包括：(1)補助學生學雜費減免2,942,367千元，其中：<1>軍公教遺族子女公費20,284千元。<2>現役軍人子女就學優待經費139千元。<3>低收入戶及中低收入戶子女學雜費減免1,131,028千元。<4>身心障礙學生學雜費減免481,950千元。<5>身心障礙人士子女學雜費減免702,999千元。<6>原住民族（含平埔族）學生學雜費減免529,101千元（原住民族教育經費）。<7>特殊境遇家庭子女或孫子女學雜費減免76,866千元。","","","","","","","true","","",""
"5120010204","私立學校教學獎助","39,757,230","04","學生學雜費減免及助學金補助","","","","","未歸戶說明","","(2)十二年國民基本教育高中職（含五專前3年）免學費方案經費1,371,789千元。","","","","","","","true","","",""
"5120010204","私立學校教學獎助","39,757,230","04","學生學雜費減免及助學金補助","","","","","未歸戶說明","","(3)補助私立技專校院學生生活助學金90,000千元。","","","","","","","true","","",""
"5120010204","私立學校教學獎助","39,757,230","04","學生學雜費減免及助學金補助","4000","獎補助費","","","用途別一級","6283456","","","","","","","","","","",""
"5120010204","私立學校教學獎助","39,757,230","04","學生學雜費減免及助學金補助","4000","獎補助費","4050","對學生之獎助","用途別二級","6283456","","","","","","","","","","",""
"5120010204","私立學校教學獎助","39,757,230","05","補助私立大專校院學生就學貸款利息","","","","","分支計畫","1909613","","","","","","","","","","",""
"5120010204","私立學校教學獎助","39,757,230","05","補助私立大專校院學生就學貸款利息","","","","","未歸戶說明","","1.推動就學貸款工作及協助私立大學校院學生就學貸款利息補助相關經費775,406千元（高等教育司），包括：(1)負擔私立大學經濟弱勢學生就學期間與畢業（退伍）後1年之「寬限期」利息及因應利息浮動而衍生的利息負擔、所有貸款人均可申請之「只繳息期」、經濟弱勢者申請之「緩繳期」及延長還款年限之利息770,000千元。","","","","","","","true","","",""
"5120010204","私立學校教學獎助","39,757,230","05","補助私立大專校院學生就學貸款利息","2000","業務費","","","用途別一級","5406","(2)推動學生就學貸款工作經費5,406千元，其中：<1>支付財團法人中小企業信用保證基金辦理就學貸款業務相關費用5,000千元。<2>印製研討會及就學貸款方案手冊，加強學生就學貸款正確觀念等經費226千元。<3>不定期視察各校辦理情形，並舉辦學校承辦人員、銀行等業務座談會議及講習，提高服務品質等經費180千元。","2","true","","","","","","","",""
"5120010204","私立學校教學獎助","39,757,230","05","補助私立大專校院學生就學貸款利息","2000","業務費","2039","委辦費","用途別二級","5000","(2)推動學生就學貸款工作經費5,406千元，其中：<1>支付財團法人中小企業信用保證基金辦理就學貸款業務相關費用5,000千元。<2>印製研討會及就學貸款方案手冊，加強學生就學貸款正確觀念等經費226千元。<3>不定期視察各校辦理情形，並舉辦學校承辦人員、銀行等業務座談會議及講習，提高服務品質等經費180千元。","2","true","","","","","","","",""
"5120010204","私立學校教學獎助","39,757,230","05","補助私立大專校院學生就學貸款利息","2000","業務費","2054","一般事務費","用途別二級","406","(2)推動學生就學貸款工作經費5,406千元，其中：<1>支付財團法人中小企業信用保證基金辦理就學貸款業務相關費用5,000千元。<2>印製研討會及就學貸款方案手冊，加強學生就學貸款正確觀念等經費226千元。<3>不定期視察各校辦理情形，並舉辦學校承辦人員、銀行等業務座談會議及講習，提高服務品質等經費180千元。","2","true","","","true","","","","",""
"5120010204","私立學校教學獎助","39,757,230","05","補助私立大專校院學生就學貸款利息","4000","獎補助費","","","用途別一級","1904207","2.負擔私立技專校院經濟弱勢學生就學期間與畢業（退伍）後1年之「寬限期」利息及因應利息浮動而衍生的利息負擔、所有貸款人均可申請之「只繳息期」、經濟弱勢者申請之「緩繳期」及延長還款年限之利息1,120,000千元（技術及職業教育司）。","3","","","","","","","","false","true"
"5120010204","私立學校教學獎助","39,757,230","05","補助私立大專校院學生就學貸款利息","4000","獎補助費","4040","對國內團體之捐助","用途別二級","14207","3.委託財團法人中小企業信用保證基金成立學生就學貸款信用保證基金，以降低學生就學貸款利率，協助經濟弱勢學生就學，減輕其籌措教育費用之負擔，實現教育機會均等之理想，預計撥付信用保證基金相關經費14,207千元（高等教育司6,207千元、技術及職業教育司8,000千元）。","4","","","","","","","","",""
"5120010204","私立學校教學獎助","39,757,230","05","補助私立大專校院學生就學貸款利息","4000","獎補助費","4050","對學生之獎助","用途別二級","1890000","","","","","","","","","","",""
"5120010204","私立學校教學獎助","39,757,230","06","補助私立學校教職員退撫經費及保險費","","","","","分支計畫","5569397","","","","","","","","","","",""
"5120010204","私立學校教學獎助","39,757,230","06","補助私立學校教職員退撫經費及保險費","","","","","未歸戶說明","","1.依公教人員保險法規定，補助私立學校教職員參加公教人員保險之公保費575,246千元及公保養老給付超額年金（含補助各私立大專校院參與臺灣銀行公教保險部代發超額年金服務之入帳手續費）663,050千元。","","","","","","","true","","",""
"5120010204","私立學校教學獎助","39,757,230","06","補助私立學校教職員退撫經費及保險費","","","","","未歸戶說明","","2.依全民健康保險法及行政院92年3月21日院授主忠五字第092001967號函規定，編列補助私立大專校院教職員參加全民健康保險之健保費（含育嬰留職停薪者）933,080千元。","","","","","","","true","","",""
"5120010204","私立學校教學獎助","39,757,230","06","補助私立學校教職員退撫經費及保險費","","","","","未歸戶說明","","3.依學校法人及其所屬私立學校教職員退休撫卹離職資遣條例規定，編列退撫經費等1,604,655千元，包括：(1)補助私立專科以上學校教職員參加私立學校退撫新制之提撥費用與辦理私校退撫新制業務等經費1,516,278千元（含私立專科以上學校1,309,733千元，私立高中職206,545千元）。","","","","","","","true","","",""
"5120010204","私立學校教學獎助","39,757,230","06","補助私立學校教職員退撫經費及保險費","","","","","未歸戶說明","","(2)補助私立學校教職員參加私立學校退撫新制後，於儲金統一管理運用時收益，及投資標的組合選擇實施後，經私校退撫儲金管理會評定風險程度最低之投資標的組合運用收益低於當地銀行二年期定期存款利率之差額（法定收益差額）20,829千元。","","","","","","","true","","",""
"5120010204","私立學校教學獎助","39,757,230","06","補助私立學校教職員退撫經費及保險費","","","","","未歸戶說明","","(3)補助私立專科以上學校教職員參加私立學校退撫新制所領取退休金、撫卹金及資遣給與低於該條例施行前之給與核算標準（新舊制差額）67,548千元。","","","","","","","true","","",""
"5120010204","私立學校教學獎助","39,757,230","06","補助私立學校教職員退撫經費及保險費","","","","","未歸戶說明","","4.依學校法人及其所屬私立學校教職員退休撫卹離職資遣條例規定，編列原私校退撫基金不足（私立專科以上學校部分）補助經費1,711,873千元。","","","","","","","true","","",""
"5120010204","私立學校教學獎助","39,757,230","06","補助私立學校教職員退撫經費及保險費","2000","業務費","","","用途別一級","6117","5.私校退撫儲金監理會辦理私校教職員退撫儲金收支、管理、運用事項之監督考核業務、財務稽核、會務運作、相關會議，編印法規輯要、教育訓練、參加國內組織團體及所需人力3名等相關經費6,117千元。","7","","","","","","","","",""
"5120010204","私立學校教學獎助","39,757,230","06","補助私立學校教職員退撫經費及保險費","","","","","未歸戶說明","","7.我國少子女化對策計畫2.0—提供生育補助措施，補助私立學校教職員（含派駐私立大學駐衛警察）生育補助每胎次10萬元差額15,000千元。","","","","","","","true","","",""
"5120010204","私立學校教學獎助","39,757,230","06","補助私立學校教職員退撫經費及保險費","2000","業務費","2003","教育訓練費","用途別二級","50","","","","","","","","","","",""
"5120010204","私立學校教學獎助","39,757,230","06","補助私立學校教職員退撫經費及保險費","2000","業務費","2018","資訊服務費","用途別二級","1000","","","","","","","","","","",""
"5120010204","私立學校教學獎助","39,757,230","06","補助私立學校教職員退撫經費及保險費","2000","業務費","2033","約用人員酬金","用途別二級","2076","","","","","","","","","","",""
"5120010204","私立學校教學獎助","39,757,230","06","補助私立學校教職員退撫經費及保險費","2000","業務費","2036","按日按件計資酬金","用途別二級","2088","","","","","","","","","","",""
"5120010204","私立學校教學獎助","39,757,230","06","補助私立學校教職員退撫經費及保險費","2000","業務費","2039","委辦費","用途別二級","137","","","","","","","","","","",""
"5120010204","私立學校教學獎助","39,757,230","06","補助私立學校教職員退撫經費及保險費","2000","業務費","2045","國內組織會費","用途別二級","40","","","","","","","","","","",""
"5120010204","私立學校教學獎助","39,757,230","06","補助私立學校教職員退撫經費及保險費","2000","業務費","2054","一般事務費","用途別二級","706","","","","","","","","","","",""
"5120010204","私立學校教學獎助","39,757,230","06","補助私立學校教職員退撫經費及保險費","2000","業務費","2072","國內旅費","用途別二級","20","","","","","","","","","","",""
"5120010204","私立學校教學獎助","39,757,230","06","補助私立學校教職員退撫經費及保險費","4000","獎補助費","","","用途別一級","5563280","","","","","","","","","","",""
"5120010204","私立學校教學獎助","39,757,230","06","補助私立學校教職員退撫經費及保險費","4000","獎補助費","4045","對私校之獎助","用途別二級","5563280","","","","","","","","","","",""
"5120010204","私立學校教學獎助","39,757,230","07","輔導私立大專校院財務及會計行政","","","","","分支計畫","22118","","","","","","","","","","",""
"5120010204","私立學校教學獎助","39,757,230","07","輔導私立大專校院財務及會計行政","2000","業務費","","","用途別一級","22118","本項計需經費22,118千元，其內容如下：","0","true","","","","","","","",""
"5120010204","私立學校教學獎助","39,757,230","07","輔導私立大專校院財務及會計行政","2000","業務費","2033","約用人員酬金","用途別二級","5334","","","","","","","","","","",""
"5120010204","私立學校教學獎助","39,757,230","07","輔導私立大專校院財務及會計行政","2000","業務費","2036","按日按件計資酬金","用途別二級","14273","1.本部為監督私立大專校院財務狀況，依據私立學校法第53條規定，委請會計師檢查私立大專校院帳冊憑證、內部控制及資金管理所需查核簽證公費等14,273千元。","1","","","","","","","","",""
"5120010204","私立學校教學獎助","39,757,230","07","輔導私立大專校院財務及會計行政","2000","業務費","2039","委辦費","用途別二級","2052","2.私立大專校院財務資訊系統維護及輔導各私立大專校院健全會計系統電腦化等經費2,052千元。","2","","","","","","","","",""
"5120010204","私立學校教學獎助","39,757,230","07","輔導私立大專校院財務及會計行政","","","","","未歸戶說明","","3.為加強私立大專校院財務管理，與增進學校之聯繫溝通，辦理會計事務研討會及相關財會業務等所需人力經費5,793千元。","","","","","","","true","","",""
"5120010204","私立學校教學獎助","39,757,230","07","輔導私立大專校院財務及會計行政","2000","業務費","2054","一般事務費","用途別二級","423","","","","","","","","","","",""
"5120010204","私立學校教學獎助","39,757,230","07","輔導私立大專校院財務及會計行政","2000","業務費","2072","國內旅費","用途別二級","36","","","","","","","","","","",""
"5120010204","私立學校教學獎助","39,757,230","08","私立學校軍訓教官與護理教師待遇及進用學輔人力","","","","","分支計畫","1764176","","","","","","","","","","",""
"5120010204","私立學校教學獎助","39,757,230","08","私立學校軍訓教官與護理教師待遇及進用學輔人力","","","","","未歸戶說明","","1.私立學校軍訓教官500人之人事費（含考績獎金）791,246千元。","","","","","","","true","","",""
"5120010204","私立學校教學獎助","39,757,230","08","私立學校軍訓教官與護理教師待遇及進用學輔人力","","","","","未歸戶說明","","2.補助私立學校教官離退遞補學生事務（含校安）與輔導工作專業人力經費818,050千元。","","","","","","","true","","",""
"5120010204","私立學校教學獎助","39,757,230","08","私立學校軍訓教官與護理教師待遇及進用學輔人力","","","","","未歸戶說明","","3.私立學校護理教師14人之人事費21,800千元。","","","","","","","true","","",""
"5120010204","私立學校教學獎助","39,757,230","08","私立學校軍訓教官與護理教師待遇及進用學輔人力","","","","","未歸戶說明","","4.護理教師退撫基金政府應負擔費用1,660千元。","","","","","","","true","","",""
"5120010204","私立學校教學獎助","39,757,230","08","私立學校軍訓教官與護理教師待遇及進用學輔人力","","","","","未歸戶說明","","5.軍訓教官退撫基金政府應負擔費用51,800千元。","","","","","","","true","","",""
"5120010204","私立學校教學獎助","39,757,230","08","私立學校軍訓教官與護理教師待遇及進用學輔人力","","","","","未歸戶說明","","6.軍訓教官參加全民健康保險政府應負擔之保險費33,122千元。","","","","","","","true","","",""
"5120010204","私立學校教學獎助","39,757,230","08","私立學校軍訓教官與護理教師待遇及進用學輔人力","","","","","未歸戶說明","","7.私立學校軍訓教官及護理教師進修補助經費400千元。","","","","","","","true","","",""
"5120010204","私立學校教學獎助","39,757,230","08","私立學校軍訓教官與護理教師待遇及進用學輔人力","","","","","未歸戶說明","","8.私立學校軍訓教官及護理教師撫卹金（照護金）12,000千元。","","","","","","","true","","",""
"5120010204","私立學校教學獎助","39,757,230","08","私立學校軍訓教官與護理教師待遇及進用學輔人力","","","","","未歸戶說明","","9.私立學校軍訓教官參加軍人保險政府應負擔之保險費（含團體保險）20,200千元。","","","","","","","true","","",""
"5120010204","私立學校教學獎助","39,757,230","08","私立學校軍訓教官與護理教師待遇及進用學輔人力","2000","業務費","","","用途別一級","1898","10.辦理私校薪資發放系統建置與維護及相關作業費1,898千元。","10","","","","","","","","",""
"5120010204","私立學校教學獎助","39,757,230","08","私立學校軍訓教官與護理教師待遇及進用學輔人力","","","","","未歸戶說明","","11.軍訓教官配合軍教取消薪資所得免稅方案相關人事費用（私立高級中等以上學校）12,000千元。","","","","","","","true","","",""
"5120010204","私立學校教學獎助","39,757,230","08","私立學校軍訓教官與護理教師待遇及進用學輔人力","2000","業務費","2039","委辦費","用途別二級","1503","","","","","","","","","","",""
"5120010204","私立學校教學獎助","39,757,230","08","私立學校軍訓教官與護理教師待遇及進用學輔人力","2000","業務費","2054","一般事務費","用途別二級","395","","","","","","","","","","",""
"5120010204","私立學校教學獎助","39,757,230","08","私立學校軍訓教官與護理教師待遇及進用學輔人力","4000","獎補助費","","","用途別一級","1762278","","","","","","","","","","",""
"5120010204","私立學校教學獎助","39,757,230","08","私立學校軍訓教官與護理教師待遇及進用學輔人力","4000","獎補助費","4045","對私校之獎助","用途別二級","1762278","","","","","","","","","","",""
"5120010204","私立學校教學獎助","39,757,230","09","輔導海外臺灣學校及大陸地區臺商學校整體發展","","","","","分支計畫","307257","","","","","","","","","","",""
"5120010204","私立學校教學獎助","39,757,230","09","輔導海外臺灣學校及大陸地區臺商學校整體發展","","","","","未歸戶說明","","1.輔導海外臺灣學校整體發展經費82,261千元，係依海外臺灣學校設立及輔導辦法規定，補助越南胡志明市臺灣學校、馬來西亞吉隆坡臺灣學校、印尼雅加達臺灣學校及泗水臺灣學校等4校教學設備、活動、補充教材、學生學費、獎助學金及團體保險等經費，包括：(1)輔導與補助海外臺灣學校電腦資訊器材、教學圖書儀器設備與改善教學環境及校舍修繕等經費16,861千元。","","","","","","","true","","",""
"5120010204","私立學校教學獎助","39,757,230","09","輔導海外臺灣學校及大陸地區臺商學校整體發展","","","","","未歸戶說明","","(2)補助海外臺灣學校加強校務營運及辦理華語文教學、校內外師生教學、文化參訪營或研習活動、教科書、補充教材及學生課外刊物、校長及教師考核獎勵等經費43,067千元。","","","","","","","true","","",""
"5120010204","私立學校教學獎助","39,757,230","09","輔導海外臺灣學校及大陸地區臺商學校整體發展","","","","","未歸戶說明","","(3)補助海外臺灣學校學生學費、獎助學金及團體保險經費21,233千元。","","","","","","","true","","",""
"5120010204","私立學校教學獎助","39,757,230","09","輔導海外臺灣學校及大陸地區臺商學校整體發展","","","","","未歸戶說明","","(4)補助海外臺灣學校辦理董事長、校長及家長會長聯席會議經費1,100千元。","","","","","","","true","","",""
"5120010204","私立學校教學獎助","39,757,230","09","輔導海外臺灣學校及大陸地區臺商學校整體發展","","","","","未歸戶說明","","2.補助大陸地區臺商學校改善教學環境，協助大陸地區臺商學校學生返臺銜接國內教育經費224,996千元，包括：(1)補助大陸地區臺商學校之軟體設備、教材、圖書等經費15,000千元。","","","","","","","true","","",""
"5120010204","私立學校教學獎助","39,757,230","09","輔導海外臺灣學校及大陸地區臺商學校整體發展","","","","","未歸戶說明","","(2)補助大陸地區臺商學校師生辦理進修、返臺研習相關事宜等經費6,500千元。","","","","","","","true","","",""
"5120010204","私立學校教學獎助","39,757,230","09","輔導海外臺灣學校及大陸地區臺商學校整體發展","","","","","未歸戶說明","","(3)補助大陸地區臺商學校學生團體保險經費1,500千元。","","","","","","","true","","",""
"5120010204","私立學校教學獎助","39,757,230","09","輔導海外臺灣學校及大陸地區臺商學校整體發展","","","","","未歸戶說明","","(4)補助大陸地區臺商學校學生學費201,996千元。","","","","","","","true","","",""
"5120010204","私立學校教學獎助","39,757,230","09","輔導海外臺灣學校及大陸地區臺商學校整體發展","2000","業務費","","","用途別一級","4431","","","","","","","","","","",""
"5120010204","私立學校教學獎助","39,757,230","09","輔導海外臺灣學校及大陸地區臺商學校整體發展","2000","業務費","2036","按日按件計資酬金","用途別二級","80","","","","","","","","","","",""
"5120010204","私立學校教學獎助","39,757,230","09","輔導海外臺灣學校及大陸地區臺商學校整體發展","2000","業務費","2039","委辦費","用途別二級","4331","","","","","","","","","","",""
"5120010204","私立學校教學獎助","39,757,230","09","輔導海外臺灣學校及大陸地區臺商學校整體發展","2000","業務費","2054","一般事務費","用途別二級","13","","","","","","","","","","",""
"5120010204","私立學校教學獎助","39,757,230","09","輔導海外臺灣學校及大陸地區臺商學校整體發展","2000","業務費","2072","國內旅費","用途別二級","7","","","","","","","","","","",""
"5120010204","私立學校教學獎助","39,757,230","09","輔導海外臺灣學校及大陸地區臺商學校整體發展","4000","獎補助費","","","用途別一級","302826","","","","","","","","","","",""
"5120010204","私立學校教學獎助","39,757,230","09","輔導海外臺灣學校及大陸地區臺商學校整體發展","4000","獎補助費","4045","對私校之獎助","用途別二級","78097","","","","","","","","","","",""
"5120010204","私立學校教學獎助","39,757,230","09","輔導海外臺灣學校及大陸地區臺商學校整體發展","4000","獎補助費","4050","對學生之獎助","用途別二級","224729","","","","","","","","","","",""
"5120010204","私立學校教學獎助","39,757,230","10","拉近公私立學校學雜費差距專案減免","","","","","分支計畫","13135188","","","","","","","","","","",""
"5120010204","私立學校教學獎助","39,757,230","10","拉近公私立學校學雜費差距專案減免","4000","獎補助費","","","用途別一級","13135188","項計需經費13,135,188千元，係辦理拉近公私立學校學雜費差距及其配套措施方案，其內容如下：","0","true","","","","","","","",""
"5120010204","私立學校教學獎助","39,757,230","10","拉近公私立學校學雜費差距專案減免","4000","獎補助費","4045","對私校之獎助","用途別二級","33975","3.補助私立學校配合行政院「拉近公私立學校學雜費差距及配套措施方案」辦理全校學士班學生學雜費減免業務，須辦理學生疑義諮詢、資料審查、資格檢核等事項，補助經費33,975千元（高等教育司14,025千元、技術及職業教育司19,950千元）。","3","","","","","","","","",""
"5120010204","私立學校教學獎助","39,757,230","10","拉近公私立學校學雜費差距專案減免","4000","獎補助費","4050","對學生之獎助","用途別二級","13101213","1.減免私立大專校院學士班（含五專後兩年）學生與公立大專校院學生學雜費差距所需經費12,522,939千元（高等教育司6,150,000千元、技術及職業教育司6,372,939千元）。2.為擴大對經濟弱勢學生照顧，加碼減免大專弱勢學生學雜費，辦理大專校院弱勢學生助學計畫，補助私立大專校院弱勢學生助學金578,274千元（高等教育司204,740千元、技術及職業教育司373,534千元）。","1","","","","","","","true","",""
"5120010301","師資培育與藝術教育行政及督導","1,919,878","01","推行藝術教育","","","","","分支計畫","531151","","","","","","","","","","",""
"5120010301","師資培育與藝術教育行政及督導","1,919,878","01","推行藝術教育","","","","","未歸戶說明","","1.推動美感教育第三期五年計畫經費202,484千元，包括：(1)完善支持系統與整合溝通平臺（含美感教育學術及實務研究）等經費15,013千元（含媒體政策及業務宣導費325千元）。","","","","","","","true","","",""
"5120010301","師資培育與藝術教育行政及督導","1,919,878","01","推行藝術教育","","","","","未歸戶說明","","(2)補助地方政府辦理藝術與美感深耕計畫，建立中央與地方及學校美感教育課程連結擴散系統等經費17,682千元。","","","","","","","true","","",""
"5120010301","師資培育與藝術教育行政及督導","1,919,878","01","推行藝術教育","","","","","未歸戶說明","","(3)促進教育工作者美感知能成長相關措施經費7,697千元。","","","","","","","true","","",""
"5120010301","師資培育與藝術教育行政及督導","1,919,878","01","推行藝術教育","","","","","未歸戶說明","","(4)推動學校美感課程教學與學習體驗計畫經費79,958千元。","","","","","","","true","","",""
"5120010301","師資培育與藝術教育行政及督導","1,919,878","01","推行藝術教育","","","","","未歸戶說明","","(5)連結跨部會與民間資源推動美感教育相關計畫經費3,805千元。","","","","","","","true","","",""
"5120010301","師資培育與藝術教育行政及督導","1,919,878","01","推行藝術教育","","","","","未歸戶說明","","(6)美感校園及生活學習環境相關措施經費78,329千元。","","","","","","","true","","",""
"5120010301","師資培育與藝術教育行政及督導","1,919,878","01","推行藝術教育","","","","","未歸戶說明","","2.藝術教育政策制度之規劃與推動經費26,180千元，包括：(1)建立藝術教育資源系統及辦理藝術教學研究出版等經費23,380千元。","","","","","","","true","","",""
"5120010301","師資培育與藝術教育行政及督導","1,919,878","01","推行藝術教育","","","","","未歸戶說明","","(2)辦理藝術教育貢獻獎等經費2,800千元。","","","","","","","true","","",""
"5120010301","師資培育與藝術教育行政及督導","1,919,878","01","推行藝術教育","","","","","未歸戶說明","","3.推展藝術教育經費49,883千元，包括：(1)補助地方政府、學校、全國性社教機構及民間團體辦理藝術教育課程教學及活動經費25,064千元。","","","","","","","true","","",""
"5120010301","師資培育與藝術教育行政及督導","1,919,878","01","推行藝術教育","","","","","未歸戶說明","","(2)辦理全國師生藝術比賽等經費13,819千元。","","","","","","","true","","",""
"5120010301","師資培育與藝術教育行政及督導","1,919,878","01","推行藝術教育","","","","","未歸戶說明","","(3)補助偏鄉學校藝文設施相關經費11,000千元。","","","","","","","true","","",""
"5120010301","師資培育與藝術教育行政及督導","1,919,878","01","推行藝術教育","","","","","未歸戶說明","","4.辦理高級中等以下學校藝術才能（資賦優異）班相關經費252,604千元，包括：(1)改善與充實高級中等以下學校藝術才能（資賦優異）班教學設備及修繕經費43,814千元。","","","","","","","true","","",""
"5120010301","師資培育與藝術教育行政及督導","1,919,878","01","推行藝術教育","","","","","未歸戶說明","","(2)補助高級中等以下學校藝術才能（資賦優異）班低收入及中低收入戶學生支給外聘教師差額鐘點費640千元。","","","","","","","true","","",""
"5120010301","師資培育與藝術教育行政及督導","1,919,878","01","推行藝術教育","","","","","未歸戶說明","","(3)推動高級中等以下學校藝術才能（資賦優異）班課程與教學及輔導體系經費63,396千元。","","","","","","","true","","",""
"5120010301","師資培育與藝術教育行政及督導","1,919,878","01","推行藝術教育","","","","","未歸戶說明","","(4)推動高級中等以下學校藝術才能（資賦優異）班聯合展演及相關藝術教育活動經費81,189千元。","","","","","","","true","","",""
"5120010301","師資培育與藝術教育行政及督導","1,919,878","01","推行藝術教育","","","","","未歸戶說明","","(5)補助高級中等以下學校藝術才能（資賦優異）班運作及參與競賽等經費23,695千元。","","","","","","","true","","",""
"5120010301","師資培育與藝術教育行政及督導","1,919,878","01","推行藝術教育","","","","","未歸戶說明","","(6)督導高中藝術才能資賦優異班特色招生甄選入學業務經費25,870千元。","","","","","","","true","","",""
"5120010301","師資培育與藝術教育行政及督導","1,919,878","01","推行藝術教育","","","","","未歸戶說明","","(7)推動高級中等學校藝術才能資賦優異班評鑑相關工作經費14,000千元。","","","","","","","true","","",""
"5120010301","師資培育與藝術教育行政及督導","1,919,878","01","推行藝術教育","2000","業務費","","","用途別一級","226764","","","","","","","","","","",""
"5120010301","師資培育與藝術教育行政及督導","1,919,878","01","推行藝術教育","2000","業務費","2036","按日按件計資酬金","用途別二級","12162","","","","","","","","","","",""
"5120010301","師資培育與藝術教育行政及督導","1,919,878","01","推行藝術教育","2000","業務費","2039","委辦費","用途別二級","206230","","","","","","","","","","",""
"5120010301","師資培育與藝術教育行政及督導","1,919,878","01","推行藝術教育","2000","業務費","2051","物品","用途別二級","1127","","","","","","","","","","",""
"5120010301","師資培育與藝術教育行政及督導","1,919,878","01","推行藝術教育","2000","業務費","2054","一般事務費","用途別二級","4677","","","","","","","","","","",""
"5120010301","師資培育與藝術教育行政及督導","1,919,878","01","推行藝術教育","2000","業務費","2072","國內旅費","用途別二級","2568","","","","","","","","","","",""
"5120010301","師資培育與藝術教育行政及督導","1,919,878","01","推行藝術教育","3000","設備及投資","","","用途別一級","22964","","","","","","","","","","",""
"5120010301","師資培育與藝術教育行政及督導","1,919,878","01","推行藝術教育","3000","設備及投資","3045","投資","用途別二級","22964","","","","","","","","","","",""
"5120010301","師資培育與藝術教育行政及督導","1,919,878","01","推行藝術教育","4000","獎補助費","","","用途別一級","281423","","","","","","","","","","",""
"5120010301","師資培育與藝術教育行政及督導","1,919,878","01","推行藝術教育","4000","獎補助費","4005","對直轄市政府之補助","用途別二級","60571","","","","","","","","","","",""
"5120010301","師資培育與藝術教育行政及督導","1,919,878","01","推行藝術教育","4000","獎補助費","4010","對各縣市政府之補助","用途別二級","61429","","","","","","","","","","",""
"5120010301","師資培育與藝術教育行政及督導","1,919,878","01","推行藝術教育","4000","獎補助費","4025","政府機關間之補助","用途別二級","34626","","","","","","","","","","",""
"5120010301","師資培育與藝術教育行政及督導","1,919,878","01","推行藝術教育","4000","獎補助費","4030","對特種基金之補助","用途別二級","94915","","","","","","","","","","",""
"5120010301","師資培育與藝術教育行政及督導","1,919,878","01","推行藝術教育","4000","獎補助費","4040","對國內團體之捐助","用途別二級","28882","","","","","","","","","","",""
"5120010301","師資培育與藝術教育行政及督導","1,919,878","01","推行藝術教育","4000","獎補助費","4045","對私校之獎助","用途別二級","1000","","","","","","","","","","",""
"5120010301","師資培育與藝術教育行政及督導","1,919,878","02","獎勵優良教師","","","","","分支計畫","32205","","","","","","","","","","",""
"5120010301","師資培育與藝術教育行政及督導","1,919,878","02","獎勵優良教師","2000","業務費","","","用途別一級","5305","1.辦理師鐸獎相關經費5,305千元，包括：(1)辦理師鐸獎、教育奉獻獎及40年資深優良教師選拔及表揚活動相關經費4,757千元（含媒體政策及業務宣導費84千元）。","1","true","","","","","","","",""
"5120010301","師資培育與藝術教育行政及督導","1,919,878","02","獎勵優良教師","2000","業務費","2039","委辦費","用途別二級","4757","1.辦理師鐸獎相關經費5,305千元，包括：(1)辦理師鐸獎、教育奉獻獎及40年資深優良教師選拔及表揚活動相關經費4,757千元（含媒體政策及業務宣導費84千元）。","1","true","","","","","","","",""
"5120010301","師資培育與藝術教育行政及督導","1,919,878","02","獎勵優良教師","2000","業務費","2078","國外旅費","用途別二級","548","(2)師鐸獎考察計畫經費548千元。","2","","","","","","","","",""
"5120010301","師資培育與藝術教育行政及督導","1,919,878","02","獎勵優良教師","4000","獎補助費","","","用途別一級","26900","2.獎勵優良教師經費26,900千元，包括：(1)依本部所訂「各級學校資深優良教師獎勵要點」，並參考歷年受獎人數成長比例，預估獎勵人數及物價波動因素，就服務屆滿10年、20年、30年、40年之資深優良教師，按行政院核定之標準發放獎金25,900千元，其內容如下：<1>服務屆滿10年者約2,500人，每人獎金4千元，計10,000千元。<2>服務屆滿20年者約1,700人，每人獎金6千元，計10,200千元。<3>服務屆滿30年者約400人，每人獎金8千元，計3,200千元。<4>服務屆滿40年者約250人，每人獎金10千元，計2,500千元。","3","","","","","","","","",""
"5120010301","師資培育與藝術教育行政及督導","1,919,878","02","獎勵優良教師","4000","獎補助費","4085","獎勵及慰問","用途別二級","26900","2.獎勵優良教師經費26,900千元，包括：(1)依本部所訂「各級學校資深優良教師獎勵要點」，並參考歷年受獎人數成長比例，預估獎勵人數及物價波動因素，就服務屆滿10年、20年、30年、40年之資深優良教師，按行政院核定之標準發放獎金25,900千元，其內容如下：<1>服務屆滿10年者約2,500人，每人獎金4千元，計10,000千元。<2>服務屆滿20年者約1,700人，每人獎金6千元，計10,200千元。<3>服務屆滿30年者約400人，每人獎金8千元，計3,200千元。<4>服務屆滿40年者約250人，每人獎金10千元，計2,500千元。(2)教育奉獻獎獲獎者獎勵金1,000千元。","3","","","","","true","","","",""
"5120010301","師資培育與藝術教育行政及督導","1,919,878","03","師資職前培育","","","","","分支計畫","411601","","","","","","","","","","",""
"5120010301","師資培育與藝術教育行政及督導","1,919,878","03","師資職前培育","","","","","未歸戶說明","","1.辦理師資職前培育等經費87,227千元，包括：(1)辦理師資培育課程規劃與專業審查等經費41,283千元。","","","","","","","true","","",""
"5120010301","師資培育與藝術教育行政及督導","1,919,878","03","師資職前培育","","","","","未歸戶說明","","(2)辦理師資培育資料庫及統計年報等經費6,614千元。","","","","","","","true","","",""
"5120010301","師資培育與藝術教育行政及督導","1,919,878","03","師資職前培育","","","","","未歸戶說明","","(3)依師資培育法相關規定辦理師資及教保員培育專班暨年度會議等經費39,330千元。","","","","","","","true","","",""
"5120010301","師資培育與藝術教育行政及督導","1,919,878","03","師資職前培育","","","","","未歸戶說明","","3.辦理原住民族及離島學生保送師範校院甄試、公費生分發等經費1,060千元（含原住民族教育經費450千元）。","","","","","","","true","","",""
"5120010301","師資培育與藝術教育行政及督導","1,919,878","03","師資職前培育","","","","","未歸戶說明","","4.辦理職前師資培育品質相關計畫經費3,000千元。","","","","","","","true","","",""
"5120010301","師資培育與藝術教育行政及督導","1,919,878","03","師資職前培育","2000","業務費","","","用途別一級","37584","","","","","","","","","","",""
"5120010301","師資培育與藝術教育行政及督導","1,919,878","03","師資職前培育","2000","業務費","2009","通訊費","用途別二級","100","","","","","","","","","","",""
"5120010301","師資培育與藝術教育行政及督導","1,919,878","03","師資職前培育","2000","業務費","2039","委辦費","用途別二級","35304","","","","","","","","","","",""
"5120010301","師資培育與藝術教育行政及督導","1,919,878","03","師資職前培育","2000","業務費","2051","物品","用途別二級","200","","","","","","","","","","",""
"5120010301","師資培育與藝術教育行政及督導","1,919,878","03","師資職前培育","2000","業務費","2054","一般事務費","用途別二級","1686","","","","","","","","","","",""
"5120010301","師資培育與藝術教育行政及督導","1,919,878","03","師資職前培育","2000","業務費","2072","國內旅費","用途別二級","294","","","","","","","","","","",""
"5120010301","師資培育與藝術教育行政及督導","1,919,878","03","師資職前培育","3000","設備及投資","","","用途別一級","10860","","","","","","","","","","",""
"5120010301","師資培育與藝術教育行政及督導","1,919,878","03","師資職前培育","3000","設備及投資","3045","投資","用途別二級","10860","","","","","","","","","","",""
"5120010301","師資培育與藝術教育行政及督導","1,919,878","03","師資職前培育","4000","獎補助費","","","用途別一級","363157","","","","","","","","","","",""
"5120010301","師資培育與藝術教育行政及督導","1,919,878","03","師資職前培育","4000","獎補助費","4005","對直轄市政府之補助","用途別二級","10583","","","","","","","","","","",""
"5120010301","師資培育與藝術教育行政及督導","1,919,878","03","師資職前培育","4000","獎補助費","4030","對特種基金之補助","用途別二級","245873","","","","","","","","","","",""
"5120010301","師資培育與藝術教育行政及督導","1,919,878","03","師資職前培育","4000","獎補助費","4045","對私校之獎助","用途別二級","17100","","","","","","","","","","",""
"5120010301","師資培育與藝術教育行政及督導","1,919,878","03","師資職前培育","4000","獎補助費","4050","對學生之獎助","用途別二級","89601","","","","","","","","","","",""
"5120010301","師資培育與藝術教育行政及督導","1,919,878","04","教師資格檢定評鑑課程認定","","","","","分支計畫","590561","","","","","","","","","","",""
"5120010301","師資培育與藝術教育行政及督導","1,919,878","04","教師資格檢定評鑑課程認定","","","","","未歸戶說明","","1.辦理高級中等以下學校與幼兒園教師資格考試經費88,245千元，包括：(1)辦理高級中等以下學校與幼兒園教師資格考試試務等相關經費48,413千元。","","","","","","","true","","",""
"5120010301","師資培育與藝術教育行政及督導","1,919,878","04","教師資格檢定評鑑課程認定","","","","","未歸戶說明","","(2)補助低收入戶及中低收入戶子女參加高級中等以下學校及幼兒園教師資格考試報名費60千元。","","","","","","","true","","",""
"5120010301","師資培育與藝術教育行政及督導","1,919,878","04","教師資格檢定評鑑課程認定","","","","","未歸戶說明","","(3)教師資格考試試題研發經費39,772千元。","","","","","","","true","","",""
"5120010301","師資培育與藝術教育行政及督導","1,919,878","04","教師資格檢定評鑑課程認定","","","","","未歸戶說明","","2.落實教育實習制度及功能相關經費443,660千元，包括：(1)補助師資培育大學落實教育實習輔導工作等經費431,333千元。","","","","","","","true","","",""
"5120010301","師資培育與藝術教育行政及督導","1,919,878","04","教師資格檢定評鑑課程認定","","","","","未歸戶說明","","(2)強化教育實習，維運全國教育實習資訊平臺等經費11,248千元。","","","","","","","true","","",""
"5120010301","師資培育與藝術教育行政及督導","1,919,878","04","教師資格檢定評鑑課程認定","","","","","未歸戶說明","","(3)設置教育實習績優獎項，分實習指導教師典範獎、實習輔導教師卓越獎、實習學生楷模獎及教育實習合作團體獎等4項獎金，計1,079千元。","","","","","","","true","","",""
"5120010301","師資培育與藝術教育行政及督導","1,919,878","04","教師資格檢定評鑑課程認定","","","","","未歸戶說明","","3.核發教師證書相關經費17,131千元，包括：(1)辦理教師證書審核與發證系統維運經費12,131千元。","","","","","","","true","","",""
"5120010301","師資培育與藝術教育行政及督導","1,919,878","04","教師資格檢定評鑑課程認定","","","","","未歸戶說明","","(2)補助申請教師證書相關經費5,000千元。","","","","","","","true","","",""
"5120010301","師資培育與藝術教育行政及督導","1,919,878","04","教師資格檢定評鑑課程認定","","","","","未歸戶說明","","4.補助師資培育大學辦理教材教法師資培訓計畫經費9,600千元。","","","","","","","true","","",""
"5120010301","師資培育與藝術教育行政及督導","1,919,878","04","教師資格檢定評鑑課程認定","","","","","未歸戶說明","","5.領域教學研究中心之規劃與推動等經費14,207千元。","","","","","","","true","","",""
"5120010301","師資培育與藝術教育行政及督導","1,919,878","04","教師資格檢定評鑑課程認定","","","","","未歸戶說明","","6.辦理國際學術研討會及補助師資培育大學辦理學術研討會等經費4,901千元。","","","","","","","true","","",""
"5120010301","師資培育與藝術教育行政及督導","1,919,878","04","教師資格檢定評鑑課程認定","","","","","未歸戶說明","","7.辦理美感教育中長程計畫、藝術教育、教師進修規劃及進修課程認可所需人力經費12,817千元。","","","","","","","true","","",""
"5120010301","師資培育與藝術教育行政及督導","1,919,878","04","教師資格檢定評鑑課程認定","2000","業務費","","","用途別一級","128103","","","","","","","","","","",""
"5120010301","師資培育與藝術教育行政及督導","1,919,878","04","教師資格檢定評鑑課程認定","2000","業務費","2033","約用人員酬金","用途別二級","11500","","","","","","","","","","",""
"5120010301","師資培育與藝術教育行政及督導","1,919,878","04","教師資格檢定評鑑課程認定","2000","業務費","2036","按日按件計資酬金","用途別二級","100","","","","","","","","","","",""
"5120010301","師資培育與藝術教育行政及督導","1,919,878","04","教師資格檢定評鑑課程認定","2000","業務費","2039","委辦費","用途別二級","114219","","","","","","","","","","",""
"5120010301","師資培育與藝術教育行政及督導","1,919,878","04","教師資格檢定評鑑課程認定","2000","業務費","2051","物品","用途別二級","100","","","","","","","","","","",""
"5120010301","師資培育與藝術教育行政及督導","1,919,878","04","教師資格檢定評鑑課程認定","2000","業務費","2054","一般事務費","用途別二級","1760","","","","","","","","","","",""
"5120010301","師資培育與藝術教育行政及督導","1,919,878","04","教師資格檢定評鑑課程認定","2000","業務費","2072","國內旅費","用途別二級","228","","","","","","","","","","",""
"5120010301","師資培育與藝術教育行政及督導","1,919,878","04","教師資格檢定評鑑課程認定","2000","業務費","2078","國外旅費","用途別二級","196","","","","","","","","","","",""
"5120010301","師資培育與藝術教育行政及督導","1,919,878","04","教師資格檢定評鑑課程認定","3000","設備及投資","","","用途別一級","705","","","","","","","","","","",""
"5120010301","師資培育與藝術教育行政及督導","1,919,878","04","教師資格檢定評鑑課程認定","3000","設備及投資","3045","投資","用途別二級","705","","","","","","","","","","",""
"5120010301","師資培育與藝術教育行政及督導","1,919,878","04","教師資格檢定評鑑課程認定","4000","獎補助費","","","用途別一級","461753","","","","","","","","","","",""
"5120010301","師資培育與藝術教育行政及督導","1,919,878","04","教師資格檢定評鑑課程認定","4000","獎補助費","4005","對直轄市政府之補助","用途別二級","5269","","","","","","","","","","",""
"5120010301","師資培育與藝術教育行政及督導","1,919,878","04","教師資格檢定評鑑課程認定","4000","獎補助費","4030","對特種基金之補助","用途別二級","71966","","","","","","","","","","",""
"5120010301","師資培育與藝術教育行政及督導","1,919,878","04","教師資格檢定評鑑課程認定","4000","獎補助費","4045","對私校之獎助","用途別二級","9420","","","","","","","","","","",""
"5120010301","師資培育與藝術教育行政及督導","1,919,878","04","教師資格檢定評鑑課程認定","4000","獎補助費","4050","對學生之獎助","用途別二級","374998","","","","","","","","","","",""
"5120010301","師資培育與藝術教育行政及督導","1,919,878","04","教師資格檢定評鑑課程認定","4000","獎補助費","4085","獎勵及慰問","用途別二級","100","","","","","","","","","","",""
"5120010301","師資培育與藝術教育行政及督導","1,919,878","05","教師專業發展","","","","","分支計畫","354360","","","","","","","","","","",""
"5120010301","師資培育與藝術教育行政及督導","1,919,878","05","教師專業發展","","","","","未歸戶說明","","1.健全教師專業發展功能等經費116,708千元，包括：(1)辦理教師法及教師專業發展計畫等法制研修、業務研究與實驗、教育團體相關業務研討及活動等經費11,719千元。","","","","","","","true","","",""
"5120010301","師資培育與藝術教育行政及督導","1,919,878","05","教師專業發展","","","","","未歸戶說明","","(2)規劃及推動教師專業發展支持系統等相關經費45,889千元（含媒體政策及業務宣導費4,864千元）。","","","","","","","true","","",""
"5120010301","師資培育與藝術教育行政及督導","1,919,878","05","教師專業發展","","","","","未歸戶說明","","(3)中小學校長教學領導專業精進與支持系統實施計畫經費17,300千元。","","","","","","","true","","",""
"5120010301","師資培育與藝術教育行政及督導","1,919,878","05","教師專業發展","","","","","未歸戶說明","","(4)維運全國教師在職進修資訊網相關經費14,800千元。","","","","","","","true","","",""
"5120010301","師資培育與藝術教育行政及督導","1,919,878","05","教師專業發展","","","","","未歸戶說明","","(5)師資培育之大學辦理地方教育輔導之規劃及推動相關經費（含離島及原住民族地區－包括原住民重點學校、偏遠及特殊地區）25,000千元（含原住民族教育經費4,000千元）。","","","","","","","true","","",""
"5120010301","師資培育與藝術教育行政及督導","1,919,878","05","教師專業發展","","","","","未歸戶說明","","(6)認可社會教育機構或法人辦理高級中等以下學校及幼兒園教師進修之審查經費2,000千元。","","","","","","","true","","",""
"5120010301","師資培育與藝術教育行政及督導","1,919,878","05","教師專業發展","","","","","未歸戶說明","","2.規劃及推動教師專業成長相關作業經費237,652千元，包括：(1)推動十二年國民基本教育教師有效教學增能專案計畫等經費73,679千元。","","","","","","","true","","",""
"5120010301","師資培育與藝術教育行政及督導","1,919,878","05","教師專業發展","","","","","未歸戶說明","","(2)因應十二年國教，師資培育之大學、直轄市及縣市政府辦理教師在職進修活動（含師資培育之大學設置專業進修學院、師資培育之大學開設學分班）等經費107,154千元。","","","","","","","true","","",""
"5120010301","師資培育與藝術教育行政及督導","1,919,878","05","教師專業發展","","","","","未歸戶說明","","(4)合格教師赴新南向友好國家學校任教計畫經費24,000千元。","","","","","","","true","","",""
"5120010301","師資培育與藝術教育行政及督導","1,919,878","05","教師專業發展","","","","","未歸戶說明","","(5)師資培育之大學推動跨域扎根計畫經費8,599千元。","","","","","","","true","","",""
"5120010301","師資培育與藝術教育行政及督導","1,919,878","05","教師專業發展","2000","業務費","","","用途別一級","242692","","","","","","","","","","",""
"5120010301","師資培育與藝術教育行政及督導","1,919,878","05","教師專業發展","2000","業務費","2009","通訊費","用途別二級","300","","","","","","","","","","",""
"5120010301","師資培育與藝術教育行政及督導","1,919,878","05","教師專業發展","2000","業務費","2036","按日按件計資酬金","用途別二級","600","","","","","","","","","","",""
"5120010301","師資培育與藝術教育行政及督導","1,919,878","05","教師專業發展","2000","業務費","2039","委辦費","用途別二級","234692","","","","","","","","","","",""
"5120010301","師資培育與藝術教育行政及督導","1,919,878","05","教師專業發展","2000","業務費","2054","一般事務費","用途別二級","6900","","","","","","","","","","",""
"5120010301","師資培育與藝術教育行政及督導","1,919,878","05","教師專業發展","2000","業務費","2072","國內旅費","用途別二級","200","","","","","","","","","","",""
"5120010301","師資培育與藝術教育行政及督導","1,919,878","05","教師專業發展","4000","獎補助費","","","用途別一級","111668","","","","","","","","","","",""
"5120010301","師資培育與藝術教育行政及督導","1,919,878","05","教師專業發展","4000","獎補助費","4030","對特種基金之補助","用途別二級","87310","","","","","","","","","","",""
"5120010301","師資培育與藝術教育行政及督導","1,919,878","05","教師專業發展","4000","獎補助費","4040","對國內團體之捐助","用途別二級","19658","","","","","","","","","","",""
"5120010301","師資培育與藝術教育行政及督導","1,919,878","05","教師專業發展","4000","獎補助費","4045","對私校之獎助","用途別二級","4700","","","","","","","","","","",""
"5120010501","終身教育行政及督導","3,882,700","01","推動終身教育及學習網絡","","","","","分支計畫","136000","","","","","","","","","","",""
"5120010501","終身教育行政及督導","3,882,700","01","推動終身教育及學習網絡","2000","業務費","","","用途別一級","61355","","","","","","","","","","",""
"5120010501","終身教育行政及督導","3,882,700","01","推動終身教育及學習網絡","2000","業務費","2018","資訊服務費","用途別二級","3990","","","","","","","","","","",""
"5120010501","終身教育行政及督導","3,882,700","01","推動終身教育及學習網絡","2000","業務費","2033","約用人員酬金","用途別二級","5100","","","","","","","","","","",""
"5120010501","終身教育行政及督導","3,882,700","01","推動終身教育及學習網絡","2000","業務費","2036","按日按件計資酬金","用途別二級","1050","","","","","","","","","","",""
"5120010501","終身教育行政及督導","3,882,700","01","推動終身教育及學習網絡","2000","業務費","2039","委辦費","用途別二級","46500","","","","","","","","","","",""
"5120010501","終身教育行政及督導","3,882,700","01","推動終身教育及學習網絡","2000","業務費","2051","物品","用途別二級","180","","","","","","","","","","",""
"5120010501","終身教育行政及督導","3,882,700","01","推動終身教育及學習網絡","2000","業務費","2054","一般事務費","用途別二級","3475","","","","","","","","","","",""
"5120010501","終身教育行政及督導","3,882,700","01","推動終身教育及學習網絡","2000","業務費","2072","國內旅費","用途別二級","700","","","","","","","","","","",""
"5120010501","終身教育行政及督導","3,882,700","01","推動終身教育及學習網絡","2000","業務費","2078","國外旅費","用途別二級","180","","","","","","","","","","",""
"5120010501","終身教育行政及督導","3,882,700","01","推動終身教育及學習網絡","2000","業務費","2081","運費","用途別二級","90","","","","","","","","","","",""
"5120010501","終身教育行政及督導","3,882,700","01","推動終身教育及學習網絡","2000","業務費","2084","短程車資","用途別二級","90","","","","","","","","","","",""
"5120010501","終身教育行政及督導","3,882,700","01","推動終身教育及學習網絡","3000","設備及投資","","","用途別一級","3045","","","","","","","","","","",""
"5120010501","終身教育行政及督導","3,882,700","01","推動終身教育及學習網絡","3000","設備及投資","3030","資訊軟硬體設備費","用途別二級","3045","","","","","","","","","","",""
"5120010501","終身教育行政及督導","3,882,700","01","推動終身教育及學習網絡","4000","獎補助費","","","用途別一級","71600","","","","","","","","","","",""
"5120010501","終身教育行政及督導","3,882,700","01","推動終身教育及學習網絡","4000","獎補助費","4005","對直轄市政府之補助","用途別二級","3900","","","","","","","","","","",""
"5120010501","終身教育行政及督導","3,882,700","01","推動終身教育及學習網絡","4000","獎補助費","4010","對各縣市政府之補助","用途別二級","1600","","","","","","","","","","",""
"5120010501","終身教育行政及督導","3,882,700","01","推動終身教育及學習網絡","4000","獎補助費","4025","政府機關間之補助","用途別二級","7000","","","","","","","","","","",""
"5120010501","終身教育行政及督導","3,882,700","01","推動終身教育及學習網絡","4000","獎補助費","4030","對特種基金之補助","用途別二級","14100","","","","","","","","","","",""
"5120010501","終身教育行政及督導","3,882,700","01","推動終身教育及學習網絡","4000","獎補助費","4040","對國內團體之捐助","用途別二級","5000","1.依終身學習法第17條規定，補助製播終身學習節目相關業務，促進終身學習普及化，提供多元學習機會，推廣終身學習理念等經費3,000千元。2.補助空中大學辦理教學、研習、研討會、課程研發、提升教學品質及終身學習活動等經費2,000千元。","1","","","","","","","true","",""
"5120010501","終身教育行政及督導","3,882,700","01","推動終身教育及學習網絡","","","","","未歸戶說明","","3.辦理非正規教育學習成就認證及身心障礙成人終身學習等經費18,400千元，包括：(1)辦理非正規教育學習成就認證制度（含數位非正規課程認證）及非正規教育課程認證作業評鑑等經費6,900千元。","","","","","","","true","","",""
"5120010501","終身教育行政及督導","3,882,700","01","推動終身教育及學習網絡","","","","","未歸戶說明","","(2)補助原住民族、身心障礙者、低收入戶、新住民、未完成國民義務教育且年滿55歲者參與非正規教育認證課程學費及補助終身學習機構開設終身學習課程予上開適用對象等經費5,500千元（含原住民族教育經費2,470千元）。","","","","","","","true","","",""
"5120010501","終身教育行政及督導","3,882,700","01","推動終身教育及學習網絡","","","","","未歸戶說明","","(3)推動身心障礙成人終身學習，辦理各項研習、活動及計畫，補助終身學習機構等推展身心障礙成人終身學習工作等經費6,000千元。","","","","","","","true","","",""
"5120010501","終身教育行政及督導","3,882,700","01","推動終身教育及學習網絡","","","","","未歸戶說明","","4.辦理短期補習班及兒童課後照顧服務中心管理輔導、資訊系統網站、全國研習、會議等相關業務經費12,500千元。","","","","","","","true","","",""
"5120010501","終身教育行政及督導","3,882,700","01","推動終身教育及學習網絡","","","","","未歸戶說明","","5.依終身學習法辦理成人終身學習調查統計及相關評估，建置資源平臺，推動成人教育、多元終身學習計畫、創新方案、研習與活動，研製教材，宣導及辦理終身學習工作與表揚，推廣終身教育業務及其所需人力等，以推動學習型社會，建立終身學習體系等經費99,920千元（含媒體政策及業務宣導經費300千元）。","","","","","","","true","","",""
"5120010501","終身教育行政及督導","3,882,700","01","推動終身教育及學習網絡","","","","","未歸戶說明","","6.考察國際成人終身學習制度計畫180千元。","","","","","","","true","","",""
"5120010501","終身教育行政及督導","3,882,700","01","推動終身教育及學習網絡","4000","獎補助費","4090","其他補助及捐助","用途別二級","40000","","","","","","","","","","",""
"5120010501","終身教育行政及督導","3,882,700","02","推動社區教育","","","","","分支計畫","247290","","","","","","","","","","",""
"5120010501","終身教育行政及督導","3,882,700","02","推動社區教育","","","","","未歸戶說明","","1.推動社區教育、社會消費者保護教育、交通安全教育輔導訪視等各項計畫活動及研習，補助辦理社會童軍教育及本部童軍教育場地委託管理相關事宜，推展學習型城市，提供社區多元學習管道等經費43,290千元。","","","","","","","true","","",""
"5120010501","終身教育行政及督導","3,882,700","02","推動社區教育","","","","","未歸戶說明","","2.依社區大學發展條例，推動社區大學相關業務等經費204,000千元，包括：(1)獎勵辦理績效優良之社區大學、補助相關團體與終身學習機構等，辦理社區大學相關業務，促進社區大學發展等經費174,000千元。","","","","","","","true","","",""
"5120010501","終身教育行政及督導","3,882,700","02","推動社區教育","","","","","未歸戶說明","","(2)補助辦理原住民族部落大學經費17,000千元（原住民族教育經費）。","","","","","","","true","","",""
"5120010501","終身教育行政及督導","3,882,700","02","推動社區教育","","","","","未歸戶說明","","(3)辦理社區大學審查、訪視輔導、網站維運、研習、全國會議及社區大學發展等相關經費13,000千元。","","","","","","","true","","",""
"5120010501","終身教育行政及督導","3,882,700","02","推動社區教育","2000","業務費","","","用途別一級","28820","","","","","","","","","","",""
"5120010501","終身教育行政及督導","3,882,700","02","推動社區教育","2000","業務費","2018","資訊服務費","用途別二級","2024","","","","","","","","","","",""
"5120010501","終身教育行政及督導","3,882,700","02","推動社區教育","2000","業務費","2036","按日按件計資酬金","用途別二級","890","","","","","","","","","","",""
"5120010501","終身教育行政及督導","3,882,700","02","推動社區教育","2000","業務費","2039","委辦費","用途別二級","24200","","","","","","","","","","",""
"5120010501","終身教育行政及督導","3,882,700","02","推動社區教育","2000","業務費","2051","物品","用途別二級","100","","","","","","","","","","",""
"5120010501","終身教育行政及督導","3,882,700","02","推動社區教育","2000","業務費","2054","一般事務費","用途別二級","926","","","","","","","","","","",""
"5120010501","終身教育行政及督導","3,882,700","02","推動社區教育","2000","業務費","2072","國內旅費","用途別二級","500","","","","","","","","","","",""
"5120010501","終身教育行政及督導","3,882,700","02","推動社區教育","2000","業務費","2081","運費","用途別二級","90","","","","","","","","","","",""
"5120010501","終身教育行政及督導","3,882,700","02","推動社區教育","2000","業務費","2084","短程車資","用途別二級","90","","","","","","","","","","",""
"5120010501","終身教育行政及督導","3,882,700","02","推動社區教育","3000","設備及投資","","","用途別一級","180","","","","","","","","","","",""
"5120010501","終身教育行政及督導","3,882,700","02","推動社區教育","3000","設備及投資","3030","資訊軟硬體設備費","用途別二級","180","","","","","","","","","","",""
"5120010501","終身教育行政及督導","3,882,700","02","推動社區教育","4000","獎補助費","","","用途別一級","218290","","","","","","","","","","",""
"5120010501","終身教育行政及督導","3,882,700","02","推動社區教育","4000","獎補助費","4005","對直轄市政府之補助","用途別二級","87250","","","","","","","","","","",""
"5120010501","終身教育行政及督導","3,882,700","02","推動社區教育","4000","獎補助費","4010","對各縣市政府之補助","用途別二級","52750","","","","","","","","","","",""
"5120010501","終身教育行政及督導","3,882,700","02","推動社區教育","4000","獎補助費","4025","政府機關間之補助","用途別二級","22000","","","","","","","","","","",""
"5120010501","終身教育行政及督導","3,882,700","02","推動社區教育","4000","獎補助費","4030","對特種基金之補助","用途別二級","44790","","","","","","","","","","",""
"5120010501","終身教育行政及督導","3,882,700","02","推動社區教育","4000","獎補助費","4040","對國內團體之捐助","用途別二級","11500","","","","","","","","","","",""
"5120010501","終身教育行政及督導","3,882,700","03","推行家庭教育","","","","","分支計畫","111609","","","","","","","","","","",""
"5120010501","終身教育行政及督導","3,882,700","03","推行家庭教育","2000","業務費","","","用途別一級","53974","2.辦理家庭教育及新住民終身學習課程、活動、人員培訓；研發家庭教育手冊、數位學習媒材；網站維運與推廣，推展家庭教育宣導工作及其所需人力等經費43,974千元（含媒體政策及業務宣導經費6,500千元及我國少子女化對策計畫2.0－強化家庭教育經費15,800千元）。3.辦理性別平等議題融入家庭教育活動、強化家庭教育預防功能及其教材媒材研發等經費10,000千元（含我國少子女化對策計畫2.0－強化家庭教育經費10,000千元）。","2","","","","","","","true","",""
"5120010501","終身教育行政及督導","3,882,700","03","推行家庭教育","2000","業務費","2018","資訊服務費","用途別二級","2375","","","","","","","","","","",""
"5120010501","終身教育行政及督導","3,882,700","03","推行家庭教育","2000","業務費","2033","約用人員酬金","用途別二級","4800","","","","","","","","","","",""
"5120010501","終身教育行政及督導","3,882,700","03","推行家庭教育","2000","業務費","2036","按日按件計資酬金","用途別二級","1800","","","","","","","","","","",""
"5120010501","終身教育行政及督導","3,882,700","03","推行家庭教育","2000","業務費","2039","委辦費","用途別二級","42210","","","","","","","","","","",""
"5120010501","終身教育行政及督導","3,882,700","03","推行家庭教育","2000","業務費","2054","一般事務費","用途別二級","1839","","","","","","","","","","",""
"5120010501","終身教育行政及督導","3,882,700","03","推行家庭教育","2000","業務費","2072","國內旅費","用途別二級","800","","","","","","","","","","",""
"5120010501","終身教育行政及督導","3,882,700","03","推行家庭教育","2000","業務費","2081","運費","用途別二級","70","","","","","","","","","","",""
"5120010501","終身教育行政及督導","3,882,700","03","推行家庭教育","2000","業務費","2084","短程車資","用途別二級","80","","","","","","","","","","",""
"5120010501","終身教育行政及督導","3,882,700","03","推行家庭教育","4000","獎補助費","","","用途別一級","57635","1.補助大專校院、社教機構及民間團體辦理各項家庭教育服務、新住民教育等經費57,635千元（含原住民族教育經費2,635千元）。","1","","","","","","","","",""
"5120010501","終身教育行政及督導","3,882,700","03","推行家庭教育","4000","獎補助費","4025","政府機關間之補助","用途別二級","25000","","","","","","","","","","",""
"5120010501","終身教育行政及督導","3,882,700","03","推行家庭教育","4000","獎補助費","4030","對特種基金之補助","用途別二級","29635","","","","","","","","","","",""
"5120010501","終身教育行政及督導","3,882,700","03","推行家庭教育","4000","獎補助費","4040","對國內團體之捐助","用途別二級","2000","","","","","","","","","","",""
"5120010501","終身教育行政及督導","3,882,700","03","推行家庭教育","4000","獎補助費","4045","對私校之獎助","用途別二級","1000","","","","","","","","","","",""
"5120010501","終身教育行政及督導","3,882,700","04","推動高齡教育","","","","","分支計畫","224162","","","","","","","","","","",""
"5120010501","終身教育行政及督導","3,882,700","04","推動高齡教育","","","","","未歸戶說明","","1.因應超高齡社會，辦理樂齡學習培訓、專業輔導訪視計畫、研編樂齡學習教材、優化樂齡學習網站、推動高齡自主學習團體、宣導高齡教育、強化高齡者數位媒體素養、辦理樂齡學習成果展及創新方案等經費61,291千元（含媒體政策及業務宣導經費300千元）。","","","","","","","true","","",""
"5120010501","終身教育行政及督導","3,882,700","04","推動高齡教育","2000","業務費","","","用途別一級","97141","","","","","","","","","","",""
"5120010501","終身教育行政及督導","3,882,700","04","推動高齡教育","2000","業務費","2036","按日按件計資酬金","用途別二級","1500","","","","","","","","","","",""
"5120010501","終身教育行政及督導","3,882,700","04","推動高齡教育","2000","業務費","2039","委辦費","用途別二級","93891","","","","","","","","","","",""
"5120010501","終身教育行政及督導","3,882,700","04","推動高齡教育","2000","業務費","2054","一般事務費","用途別二級","1000","","","","","","","","","","",""
"5120010501","終身教育行政及督導","3,882,700","04","推動高齡教育","2000","業務費","2072","國內旅費","用途別二級","550","","","","","","","","","","",""
"5120010501","終身教育行政及督導","3,882,700","04","推動高齡教育","2000","業務費","2081","運費","用途別二級","200","","","","","","","","","","",""
"5120010501","終身教育行政及督導","3,882,700","04","推動高齡教育","3000","設備及投資","","","用途別一級","150","","","","","","","","","","",""
"5120010501","終身教育行政及督導","3,882,700","04","推動高齡教育","3000","設備及投資","3030","資訊軟硬體設備費","用途別二級","150","","","","","","","","","","",""
"5120010501","終身教育行政及督導","3,882,700","04","推動高齡教育","4000","獎補助費","","","用途別一級","126871","2.補助大專校院辦理樂齡學習及相關創新試辦計畫經費118,000千元。3.補助辦理樂齡學習活動、代間學習方案，提供高齡者多元學習模式，普及樂齡學習課程等經費8,871千元。","2","","","","","","","true","",""
"5120010501","終身教育行政及督導","3,882,700","04","推動高齡教育","","","","","未歸戶說明","","4.配合行政院高齡科技產業策略會議，推動「樂齡終身學習數位優化與創新計畫」，充實高齡者終身學習課程及課程數位化，並藉由高齡友善數位學習環境之建構，協助高齡者終身學習及參與社會等經費36,000千元。","","","","","","","true","","",""
"5120010501","終身教育行政及督導","3,882,700","04","推動高齡教育","4000","獎補助費","4025","政府機關間之補助","用途別二級","1070","","","","","","","","","","",""
"5120010501","終身教育行政及督導","3,882,700","04","推動高齡教育","4000","獎補助費","4030","對特種基金之補助","用途別二級","70000","","","","","","","","","","",""
"5120010501","終身教育行政及督導","3,882,700","04","推動高齡教育","4000","獎補助費","4040","對國內團體之捐助","用途別二級","2661","","","","","","","","","","",""
"5120010501","終身教育行政及督導","3,882,700","04","推動高齡教育","4000","獎補助費","4045","對私校之獎助","用途別二級","48000","","","","","","","","","","",""
"5120010501","終身教育行政及督導","3,882,700","04","推動高齡教育","4000","獎補助費","4085","獎勵及慰問","用途別二級","3000","","","","","","","","","","",""
"5120010501","終身教育行政及督導","3,882,700","04","推動高齡教育","4000","獎補助費","4090","其他補助及捐助","用途別二級","2140","","","","","","","","","","",""
"5120010501","終身教育行政及督導","3,882,700","05","輔導教育基金會之相關業務","","","","","分支計畫","24488","","","","","","","","","","",""
"5120010501","終身教育行政及督導","3,882,700","05","輔導教育基金會之相關業務","","","","","未歸戶說明","","1.輔導本部主管教育基金會及公益信託業務健全運作經費5,878千元，包括：(1)調查、訪視及檢核基金會、公益信託相關業務等經費3,378千元。","","","","","","","true","","",""
"5120010501","終身教育行政及督導","3,882,700","05","輔導教育基金會之相關業務","","","","","未歸戶說明","","(2)表揚推展社會教育有功團體及個人活動經費2,500千元。","","","","","","","true","","",""
"5120010501","終身教育行政及督導","3,882,700","05","輔導教育基金會之相關業務","2000","業務費","","","用途別一級","10725","","","","","","","","","","",""
"5120010501","終身教育行政及督導","3,882,700","05","輔導教育基金會之相關業務","2000","業務費","2018","資訊服務費","用途別二級","4395","2.加強基金會業務電腦化管理及提升基金會人員專業知能等經費4,945千元，包括：(1)強化基金會電腦管理系統所需經費4,395千元。(2)舉辦基金會業務講習、座談、研討及專案研習等經費550千元。","3","","","","","true","","","",""
"5120010501","終身教育行政及督導","3,882,700","05","輔導教育基金會之相關業務","","","","","未歸戶說明","","3.促進基金會相互間及其與相關民間團體間之交流與合作等經費13,665千元，包括：(1)輔導與協助基金會及相關民間團體辦理終身學習活動及多元族群文化相關學習活動經費12,835千元。","","","","","","","true","","",""
"5120010501","終身教育行政及督導","3,882,700","05","輔導教育基金會之相關業務","","","","","未歸戶說明","","(2)辦理基金會年會等活動經費830千元。","","","","","","","true","","",""
"5120010501","終身教育行政及督導","3,882,700","05","輔導教育基金會之相關業務","2000","業務費","2036","按日按件計資酬金","用途別二級","186","","","","","","","","","","",""
"5120010501","終身教育行政及督導","3,882,700","05","輔導教育基金會之相關業務","2000","業務費","2039","委辦費","用途別二級","5758","","","","","","","","","","",""
"5120010501","終身教育行政及督導","3,882,700","05","輔導教育基金會之相關業務","2000","業務費","2054","一般事務費","用途別二級","266","","","","","","","","","","",""
"5120010501","終身教育行政及督導","3,882,700","05","輔導教育基金會之相關業務","2000","業務費","2072","國內旅費","用途別二級","50","","","","","","","","","","",""
"5120010501","終身教育行政及督導","3,882,700","05","輔導教育基金會之相關業務","2000","業務費","2081","運費","用途別二級","40","","","","","","","","","","",""
"5120010501","終身教育行政及督導","3,882,700","05","輔導教育基金會之相關業務","2000","業務費","2084","短程車資","用途別二級","30","","","","","","","","","","",""
"5120010501","終身教育行政及督導","3,882,700","05","輔導教育基金會之相關業務","3000","設備及投資","","","用途別一級","100","","","","","","","","","","",""
"5120010501","終身教育行政及督導","3,882,700","05","輔導教育基金會之相關業務","3000","設備及投資","3030","資訊軟硬體設備費","用途別二級","100","","","","","","","","","","",""
"5120010501","終身教育行政及督導","3,882,700","05","輔導教育基金會之相關業務","4000","獎補助費","","","用途別一級","13663","","","","","","","","","","",""
"5120010501","終身教育行政及督導","3,882,700","05","輔導教育基金會之相關業務","4000","獎補助費","4040","對國內團體之捐助","用途別二級","13663","","","","","","","","","","",""
"5120010501","終身教育行政及督導","3,882,700","06","本國語言文字標準訂定與推廣","","","","","分支計畫","342860","","","","","","","","","","",""
"5120010501","終身教育行政及督導","3,882,700","06","本國語言文字標準訂定與推廣","","","","","未歸戶說明","","2.辦理本國語文標準研訂、學習資源、場域營造及網站維護等相關工作及所需人力經費50,418千元。","","","","","","","true","","",""
"5120010501","終身教育行政及督導","3,882,700","06","本國語言文字標準訂定與推廣","","","","","未歸戶說明","","3.辦理臺灣台語語言能力認證電腦化施測及本土語言競賽等相關活動，執行相關工作等所需經費62,995千元（含媒體政策及業務宣導經費700千元）。","","","","","","","true","","",""
"5120010501","終身教育行政及督導","3,882,700","06","本國語言文字標準訂定與推廣","2000","業務費","","","用途別一級","303544","","","","","","","","","","",""
"5120010501","終身教育行政及督導","3,882,700","06","本國語言文字標準訂定與推廣","2000","業務費","2018","資訊服務費","用途別二級","5567","","","","","","","","","","",""
"5120010501","終身教育行政及督導","3,882,700","06","本國語言文字標準訂定與推廣","2000","業務費","2033","約用人員酬金","用途別二級","8100","","","","","","","","","","",""
"5120010501","終身教育行政及督導","3,882,700","06","本國語言文字標準訂定與推廣","2000","業務費","2036","按日按件計資酬金","用途別二級","1139","","","","","","","","","","",""
"5120010501","終身教育行政及督導","3,882,700","06","本國語言文字標準訂定與推廣","2000","業務費","2039","委辦費","用途別二級","288347","","","","","","","","","","",""
"5120010501","終身教育行政及督導","3,882,700","06","本國語言文字標準訂定與推廣","2000","業務費","2054","一般事務費","用途別二級","71","","","","","","","","","","",""
"5120010501","終身教育行政及督導","3,882,700","06","本國語言文字標準訂定與推廣","2000","業務費","2072","國內旅費","用途別二級","300","","","","","","","","","","",""
"5120010501","終身教育行政及督導","3,882,700","06","本國語言文字標準訂定與推廣","2000","業務費","2084","短程車資","用途別二級","20","","","","","","","","","","",""
"5120010501","終身教育行政及督導","3,882,700","06","本國語言文字標準訂定與推廣","3000","設備及投資","","","用途別一級","5530","","","","","","","","","","",""
"5120010501","終身教育行政及督導","3,882,700","06","本國語言文字標準訂定與推廣","3000","設備及投資","3030","資訊軟硬體設備費","用途別二級","3730","","","","","","","","","","",""
"5120010501","終身教育行政及督導","3,882,700","06","本國語言文字標準訂定與推廣","3000","設備及投資","3045","投資","用途別二級","1800","","","","","","","","","","",""
"5120010501","終身教育行政及督導","3,882,700","06","本國語言文字標準訂定與推廣","4000","獎補助費","","","用途別一級","33786","","","","","","","","","","",""
"5120010501","終身教育行政及督導","3,882,700","06","本國語言文字標準訂定與推廣","4000","獎補助費","4025","政府機關間之補助","用途別二級","19946","","","","","","","","","","",""
"5120010501","終身教育行政及督導","3,882,700","06","本國語言文字標準訂定與推廣","4000","獎補助費","4030","對特種基金之補助","用途別二級","6600","","","","","","","","","","",""
"5120010501","終身教育行政及督導","3,882,700","06","本國語言文字標準訂定與推廣","4000","獎補助費","4040","對國內團體之捐助","用途別二級","3000","","","","","","","","","","",""
"5120010501","終身教育行政及督導","3,882,700","06","本國語言文字標準訂定與推廣","4000","獎補助費","4045","對私校之獎助","用途別二級","1000","","","","","","","","","","",""
"5120010501","終身教育行政及督導","3,882,700","06","本國語言文字標準訂定與推廣","4000","獎補助費","4085","獎勵及慰問","用途別二級","3240","","","","","","","","","","",""
"5120010501","終身教育行政及督導","3,882,700","07","建立終身學習推動組織","","","","","分支計畫","1557580","","","","","","","","","","",""
"5120010501","終身教育行政及督導","3,882,700","07","建立終身學習推動組織","","","","","未歸戶說明","","1.強化國立社教機構終身教育功能，推動社教機構辦理多元之科學普及、數位化教育展示與活動；提升無障礙設施、節能建築設施設備、老舊館舍更新、緊急救災應變、資安防護及維護公共安全等經費1,379,846千元，包括：(1)推動國立社教機構穩健發展，增進社會教育效能，補助辦理科普、環境、海洋教育等終身學習活動及宣導經費，加強社教機構推展性別平等之社會教育計畫與服務等經費45,880千元（含原住民族教育經費20,000千元與媒體政策及業務宣導經費270千元）。","","","","","","","true","","",""
"5120010501","終身教育行政及督導","3,882,700","07","建立終身學習推動組織","","","","","未歸戶說明","","(2)補助國立社教機構老舊館舍修繕、設備更新，運用新興科技推動展示升級、場域優化及智慧導覽，提升消防、耐震等公共安全、強化節能建築設施設備與資安防護及相關維護管理；對於遭遇天然災害等突發事故之館所，補助相關緊急救災經費；建築工程相關經費等1,237,666千元。","","","","","","","true","","",""
"5120010501","終身教育行政及督導","3,882,700","07","建立終身學習推動組織","","","","","未歸戶說明","","(3)補助國立社教機構提供多元及數位化之展示，充實專業知能，強化研究功能等經費12,000千元。","","","","","","","true","","",""
"5120010501","終身教育行政及督導","3,882,700","07","建立終身學習推動組織","","","","","未歸戶說明","","(4)補助國立社教機構提供身心障礙民眾使用社教場所資源等經費84,300千元。","","","","","","","true","","",""
"5120010501","終身教育行政及督導","3,882,700","07","建立終身學習推動組織","","","","","未歸戶說明","","2.「落實科技共融、實踐永續幸福社會－國立社教機構科技創新服務計畫」，促進國立社教機構導入數位科技應用，提升公眾參與，打造永續科技共融社會等經費100,200千元。","","","","","","","true","","",""
"5120010501","終身教育行政及督導","3,882,700","07","建立終身學習推動組織","","","","","未歸戶說明","","3.補助國立社教機構創新發展及跨領域合作，鼓勵社教機構結合多元資源推動科學教育、傳播與宣導，促進服務效能等經費77,534千元（含媒體政策及業務宣導經費1,500千元）。","","","","","","","true","","",""
"5120010501","終身教育行政及督導","3,882,700","07","建立終身學習推動組織","2000","業務費","","","用途別一級","12668","","","","","","","","","","",""
"5120010501","終身教育行政及督導","3,882,700","07","建立終身學習推動組織","2000","業務費","2036","按日按件計資酬金","用途別二級","160","","","","","","","","","","",""
"5120010501","終身教育行政及督導","3,882,700","07","建立終身學習推動組織","2000","業務費","2039","委辦費","用途別二級","11363","","","","","","","","","","",""
"5120010501","終身教育行政及督導","3,882,700","07","建立終身學習推動組織","2000","業務費","2054","一般事務費","用途別二級","945","","","","","","","","","","",""
"5120010501","終身教育行政及督導","3,882,700","07","建立終身學習推動組織","2000","業務費","2072","國內旅費","用途別二級","200","","","","","","","","","","",""
"5120010501","終身教育行政及督導","3,882,700","07","建立終身學習推動組織","3000","設備及投資","","","用途別一級","1123927","","","","","","","","","","",""
"5120010501","終身教育行政及督導","3,882,700","07","建立終身學習推動組織","3000","設備及投資","3030","資訊軟硬體設備費","用途別二級","1757","","","","","","","","","","",""
"5120010501","終身教育行政及督導","3,882,700","07","建立終身學習推動組織","3000","設備及投資","3045","投資","用途別二級","1122170","","","","","","","","","","",""
"5120010501","終身教育行政及督導","3,882,700","07","建立終身學習推動組織","4000","獎補助費","","","用途別一級","420985","","","","","","","","","","",""
"5120010501","終身教育行政及督導","3,882,700","07","建立終身學習推動組織","4000","獎補助費","4025","政府機關間之補助","用途別二級","85775","","","","","","","","","","",""
"5120010501","終身教育行政及督導","3,882,700","07","建立終身學習推動組織","4000","獎補助費","4030","對特種基金之補助","用途別二級","335210","","","","","","","","","","",""
"5120010501","終身教育行政及督導","3,882,700","08","國立及公共圖書館之輔導與充實","","","","","分支計畫","1238711","","","","","","","","","","",""
"5120010501","終身教育行政及督導","3,882,700","08","國立及公共圖書館之輔導與充實","","","","","未歸戶說明","","1.輔導地方政府公共圖書館辦理推動設備升級、閱讀推廣、圖書館館員專業知能培訓等相關業務經費8,860千元。","","","","","","","true","","",""
"5120010501","終身教育行政及督導","3,882,700","08","國立及公共圖書館之輔導與充實","","","","","未歸戶說明","","2.推動國立圖書館強化教育服務功能等經費1,122,576千元，包括：(1)補助國立圖書館發展館藏特色、提升營運服務及資訊安全、強化節能設備、辦理數位典藏推廣、館舍新建、修繕及設備更新、緊急救災應變、優化書目資訊系統等相關經費1,090,806千元。","","","","","","","true","","",""
"5120010501","終身教育行政及督導","3,882,700","08","國立及公共圖書館之輔導與充實","","","","","未歸戶說明","","(2)推動國立圖書館多元閱讀推廣活動相關經費31,530千元。","","","","","","","true","","",""
"5120010501","終身教育行政及督導","3,882,700","08","國立及公共圖書館之輔導與充實","2000","業務費","","","用途別一級","50015","","","","","","","","","","",""
"5120010501","終身教育行政及督導","3,882,700","08","國立及公共圖書館之輔導與充實","2000","業務費","2036","按日按件計資酬金","用途別二級","425","","","","","","","","","","",""
"5120010501","終身教育行政及督導","3,882,700","08","國立及公共圖書館之輔導與充實","2000","業務費","2039","委辦費","用途別二級","48945","","","","","","","","","","",""
"5120010501","終身教育行政及督導","3,882,700","08","國立及公共圖書館之輔導與充實","2000","業務費","2054","一般事務費","用途別二級","205","","","","","","","","","","",""
"5120010501","終身教育行政及督導","3,882,700","08","國立及公共圖書館之輔導與充實","2000","業務費","2072","國內旅費","用途別二級","200","","","","","","","","","","",""
"5120010501","終身教育行政及督導","3,882,700","08","國立及公共圖書館之輔導與充實","2000","業務費","2078","國外旅費","用途別二級","240","(3)北美洲圖書館國際交流與參訪及專業發展計畫240千元。","4","","","","","","","","",""
"5120010501","終身教育行政及督導","3,882,700","08","國立及公共圖書館之輔導與充實","3000","設備及投資","","","用途別一級","742082","","","","","","","","","","",""
"5120010501","終身教育行政及督導","3,882,700","08","國立及公共圖書館之輔導與充實","3000","設備及投資","3045","投資","用途別二級","742082","","","","","","","","","","",""
"5120010501","終身教育行政及督導","3,882,700","08","國立及公共圖書館之輔導與充實","4000","獎補助費","","","用途別一級","446614","","","","","","","","","","",""
"5120010501","終身教育行政及督導","3,882,700","08","國立及公共圖書館之輔導與充實","4000","獎補助費","4025","政府機關間之補助","用途別二級","362463","","","","","","","","","","",""
"5120010501","終身教育行政及督導","3,882,700","08","國立及公共圖書館之輔導與充實","4000","獎補助費","4030","對特種基金之補助","用途別二級","84151","","","","","","","","","","",""
"5120010507","國立臺灣藝術教育館行政及推展","111,133","01","人員維持","","","","","分支計畫","33324","","","","","","","","","","",""
"5120010507","國立臺灣藝術教育館行政及推展","111,133","01","人員維持","1000","人事費","","","用途別一級","33324","本項計需經費33,324千元，其內容如下：","0","true","","","","","","","",""
"5120010507","國立臺灣藝術教育館行政及推展","111,133","01","人員維持","1000","人事費","1015","法定編制人員待遇","用途別二級","16884","職員17人。","","","true","","","","","","",""
"5120010507","國立臺灣藝術教育館行政及推展","111,133","01","人員維持","1000","人事費","1020","約聘僱人員待遇","用途別二級","4200","聘用人員3人、約僱人員4人。","","","true","","","","","","",""
"5120010507","國立臺灣藝術教育館行政及推展","111,133","01","人員維持","1000","人事費","1025","技工及工友待遇","用途別二級","480","技工1人。","","","true","","","","","","",""
"5120010507","國立臺灣藝術教育館行政及推展","111,133","01","人員維持","1000","人事費","1030","獎金","用途別二級","4662","1.國立臺灣藝術教育館人員待遇及獎金，計26,226千元，包括職員17人、聘用人員3人、約僱人員4人及技工1人，編列人事費21,564千元，年終工作獎金2,805千元及考績獎金1,857千元。","1","","","","true","","","","",""
"5120010507","國立臺灣藝術教育館行政及推展","111,133","01","人員維持","1000","人事費","1035","其他給與","用途別二級","400","2.其他給與及加班費2,529千元，包括其他給與400千元，員工超時工作加班費991千元及不休假加班費1,138千元。","2","true","","true","","","","","",""
"5120010507","國立臺灣藝術教育館行政及推展","111,133","01","人員維持","1000","人事費","1040","加班費","用途別二級","2129","2.其他給與及加班費2,529千元，包括其他給與400千元，員工超時工作加班費991千元及不休假加班費1,138千元。","2","true","","","true","","","","",""
"5120010507","國立臺灣藝術教育館行政及推展","111,133","01","人員維持","1000","人事費","1045","退休退職給付","用途別二級","72","3.駐警退休退職給付費72千元。","3","","","true","","","","","",""
"5120010507","國立臺灣藝術教育館行政及推展","111,133","01","人員維持","1000","人事費","1050","退休離職儲金","用途別二級","2208","4.員工退休離職儲金2,208千元，包括：(1)公務人員退休撫卹基金政府負擔部分1,752千元。(2)教育人員退休撫卹基金政府負擔部分132千元。(3)約聘僱人員離職儲金政府負擔部分276千元。(4)勞工退休準備金48千元。","4","","","true","","true","","","",""
"5120010507","國立臺灣藝術教育館行政及推展","111,133","01","人員維持","1000","人事費","1055","保險","用途別二級","2289","5.員工保險費2,289千元，包括：(1)全民健康保險保險費政府負擔公務人員部分1,401千元，勞工部分36千元，合計1,437千元。(2)公務人員保險保險費政府負擔部分456千元。(3)勞工保險保險費政府負擔部分396千元。","8","","","true","","true","","","",""
"5120010507","國立臺灣藝術教育館行政及推展","111,133","02","基本行政工作維持","","","","","分支計畫","17569","","","","","","","","","","",""
"5120010507","國立臺灣藝術教育館行政及推展","111,133","02","基本行政工作維持","2000","業務費","","","用途別一級","16721","","","","","","","","","","",""
"5120010507","國立臺灣藝術教育館行政及推展","111,133","02","基本行政工作維持","2000","業務費","2003","教育訓練費","用途別二級","80","1.辦理員工教育訓練80千元。","1","","","","","","","","",""
"5120010507","國立臺灣藝術教育館行政及推展","111,133","02","基本行政工作維持","2000","業務費","2006","水電費","用途別二級","2510","2.水電費2,510千元：南海書院及南海劇場水費105千元，電費2,405千元。","2","","","true","","","","","",""
"5120010507","國立臺灣藝術教育館行政及推展","111,133","02","基本行政工作維持","2000","業務費","2009","通訊費","用途別二級","429","3.通訊費429千元。","3","","","true","","","","","",""
"5120010507","國立臺灣藝術教育館行政及推展","111,133","02","基本行政工作維持","2000","業務費","2018","資訊服務費","用途別二級","218","4.辦理各項資訊設備及系統維護經費218千元。","4","","","","","","","","",""
"5120010507","國立臺灣藝術教育館行政及推展","111,133","02","基本行政工作維持","2000","業務費","2021","其他業務租金","用途別二級","155","5.租用複印機〈影印、傳真及掃描功能〉等其他業務租金155千元。","5","","","true","","","","","",""
"5120010507","國立臺灣藝術教育館行政及推展","111,133","02","基本行政工作維持","2000","業務費","2024","稅捐及規費","用途別二級","101","6.稅捐及規費101千元：公務車輛牌照稅12千元、燃料使用費7千元及其他規費82千元等。","6","","","true","","","","","",""
"5120010507","國立臺灣藝術教育館行政及推展","111,133","02","基本行政工作維持","2000","業務費","2027","保險費","用途別二級","69","7.保險費69千元：公務車輛強制險與第三人責任險36千元、公有建築物公共意外責任險及辦公廳舍之火災保險費33千元等。","7","","","true","","","","","",""
"5120010507","國立臺灣藝術教育館行政及推展","111,133","02","基本行政工作維持","2000","業務費","2033","約用人員酬金","用途別二級","2289","8.辦理事務財管業務（含總務事務、財產管理）、館舍機電設施管理及會計帳務等所需人力經費2,289千元。","8","","","","","","","","",""
"5120010507","國立臺灣藝術教育館行政及推展","111,133","02","基本行政工作維持","2000","業務費","2036","按日按件計資酬金","用途別二級","84","9.按日按件計資酬金84千元，係聘請法律顧問及辦理員工協助方案講座鐘點費等。","9","","","true","","","","","",""
"5120010507","國立臺灣藝術教育館行政及推展","111,133","02","基本行政工作維持","2000","業務費","2051","物品","用途別二級","479","10.物品479千元，包括：(1)文具用品及紙張等消耗品購置費355千元。(2)非消耗性物品購置費64千元。(3)油料費60千元：汽車1輛，每輛月耗139公升，年需51千元；機車1輛，每輛月耗24公升，年需9千元。","10","","","true","","true","","","",""
"5120010507","國立臺灣藝術教育館行政及推展","111,133","02","基本行政工作維持","2000","業務費","2054","一般事務費","用途別二級","8880","11.一般事務費8,880千元，包括：(1)按員額編列事務費及僱用員工人數編列文康活動費等計111千元。(2)辦理印刷、保全、清潔、環境綠化、年終工作檢討、員工健康檢查、停車及協助行政事務等所需專業服務及事務費8,769千元。","13","","","true","","true","","","",""
"5120010507","國立臺灣藝術教育館行政及推展","111,133","02","基本行政工作維持","2000","業務費","2063","房屋建築養護費","用途別二級","616","12.房屋建築修繕費用616千元。","15","","","","","","","","",""
"5120010507","國立臺灣藝術教育館行政及推展","111,133","02","基本行政工作維持","2000","業務費","2066","器具養護費","用途別二級","79","13.車輛及辦公器具養護費79千元，包括：(1)車輛養護費55千元，其中:<1>汽車購置滿6年1輛，每輛每年51千元，計51千元。<2>公務用機車2輛，每輛每年2千元，計4千元。(2)辦公器具養護費24千元：按預算員額每人每年1,048元。","16","","","true","","true","","","",""
"5120010507","國立臺灣藝術教育館行政及推展","111,133","02","基本行政工作維持","2000","業務費","2069","設施及機械設備養護費","用途別二級","533","14.設施及機械設備等養護費533千元。","18","","","","","","","","",""
"5120010507","國立臺灣藝術教育館行政及推展","111,133","02","基本行政工作維持","2000","業務費","2072","國內旅費","用途別二級","52","15.國內旅費52千元。","19","","","true","","","","","",""
"5120010507","國立臺灣藝術教育館行政及推展","111,133","02","基本行政工作維持","2000","業務費","2081","運費","用途別二級","10","16.貨物運費10千元。","20","","","true","","","","","",""
"5120010507","國立臺灣藝術教育館行政及推展","111,133","02","基本行政工作維持","2000","業務費","2084","短程車資","用途別二級","2","17.短程車資2千元。","21","","","true","","","","","",""
"5120010507","國立臺灣藝術教育館行政及推展","111,133","02","基本行政工作維持","2000","業務費","2093","特別費","用途別二級","135","18.特別費135千元：按規定標準編列首長特別費。","22","","","true","","","","","",""
"5120010507","國立臺灣藝術教育館行政及推展","111,133","02","基本行政工作維持","3000","設備及投資","","","用途別一級","800","19.設備及投資包括南海書院及劇場之建物廳舍整修及事務機器等設備汰換經費800千元。","23","","","true","","","","","",""
"5120010507","國立臺灣藝術教育館行政及推展","111,133","02","基本行政工作維持","3000","設備及投資","3010","房屋建築及設備費","用途別二級","100","","","","","","","","","","",""
"5120010507","國立臺灣藝術教育館行政及推展","111,133","02","基本行政工作維持","3000","設備及投資","3035","雜項設備費","用途別二級","700","","","","","","","","","","",""
"5120010507","國立臺灣藝術教育館行政及推展","111,133","02","基本行政工作維持","4000","獎補助費","","","用途別一級","48","20.退休退職人員三節慰問金計48千元。","24","true","","","","","","","",""
"5120010507","國立臺灣藝術教育館行政及推展","111,133","02","基本行政工作維持","4000","獎補助費","4085","獎勵及慰問","用途別二級","48","20.退休退職人員三節慰問金計48千元。","24","true","","","","","","","",""
"5120010507","國立臺灣藝術教育館行政及推展","111,133","03","資訊作業維持","","","","","分支計畫","1153","","","","","","","","","","",""
"5120010507","國立臺灣藝術教育館行政及推展","111,133","03","資訊作業維持","2000","業務費","","","用途別一級","945","","","","","","","","","","",""
"5120010507","國立臺灣藝術教育館行政及推展","111,133","03","資訊作業維持","2000","業務費","2009","通訊費","用途別二級","300","1.數據通訊網路租賃費用全年300千元。","1","","","","","","","","",""
"5120010507","國立臺灣藝術教育館行政及推展","111,133","03","資訊作業維持","2000","業務費","2018","資訊服務費","用途別二級","635","2.辦理差勤系統、薪資系統、財產管理系統、電腦硬體周邊設備等維護及資訊軟體使用授權服務等經費635千元（含資通安全經費244千元）。","2","","","","","","","","",""
"5120010507","國立臺灣藝術教育館行政及推展","111,133","03","資訊作業維持","2000","業務費","2051","物品","用途別二級","10","3.購買電腦相關消耗、非消耗品等經費10千元。","3","","","","","","","","",""
"5120010507","國立臺灣藝術教育館行政及推展","111,133","03","資訊作業維持","3000","設備及投資","","","用途別一級","208","4.汰換電腦設備等經費208千元。","4","true","","","","","","","",""
"5120010507","國立臺灣藝術教育館行政及推展","111,133","03","資訊作業維持","3000","設備及投資","3030","資訊軟硬體設備費","用途別二級","208","4.汰換電腦設備等經費208千元。","4","true","","","","","","","",""
"5120010507","國立臺灣藝術教育館行政及推展","111,133","04","視覺藝術教育活動","","","","","分支計畫","27793","","","","","","","","","","",""
"5120010507","國立臺灣藝術教育館行政及推展","111,133","04","視覺藝術教育活動","2000","業務費","","","用途別一級","24803","","","","","","","","","","",""
"5120010507","國立臺灣藝術教育館行政及推展","111,133","04","視覺藝術教育活動","2000","業務費","2015","權利使用費","用途別二級","23","1.展場錄音著作公開演出權利使用費23千元。","1","","","true","","","","","",""
"5120010507","國立臺灣藝術教育館行政及推展","111,133","04","視覺藝術教育活動","2000","業務費","2018","資訊服務費","用途別二級","160","2.比賽報名系統之資訊服務費160千元。","2","","","true","","","","","",""
"5120010507","國立臺灣藝術教育館行政及推展","111,133","04","視覺藝術教育活動","2000","業務費","2021","其他業務租金","用途別二級","929","3.全國學生美術比賽之租借場地租金929千元。","3","","","","","","","","",""
"5120010507","國立臺灣藝術教育館行政及推展","111,133","04","視覺藝術教育活動","2000","業務費","2027","保險費","用途別二級","77","4.展覽典藏作品與公共意外、財產與志工保險等費用77千元。","4","","","","","","","","",""
"5120010507","國立臺灣藝術教育館行政及推展","111,133","04","視覺藝術教育活動","2000","業務費","2033","約用人員酬金","用途別二級","2461","5.辦理視覺藝術類展覽、推廣藝術教育研習班、全國學生美術比賽及志工管理等所需人力經費2,461千元。","5","","","","","","","","",""
"5120010507","國立臺灣藝術教育館行政及推展","111,133","04","視覺藝術教育活動","2000","業務費","2036","按日按件計資酬金","用途別二級","6946","6.各項視覺藝術類諮詢會議出席費、推廣藝術教育研習班教師鐘點費、全國學生圖畫書創作獎審查費、美育刊物策劃費、稿費、圖片費、翻譯費、文藝創作獎初複審評鑑裁判費、全國學生美術比賽出席費及評審費等6,946千元。","6","","","","","","","","",""
"5120010507","國立臺灣藝術教育館行政及推展","111,133","04","視覺藝術教育活動","2000","業務費","2039","委辦費","用途別二級","1520","7.委託辦理國際藝術教育學刊審查、編印、國內外運遞送與全國學生美術比賽巡迴展開幕及推廣相關活動等經費1,520千元。","7","","","","","","","","",""
"5120010507","國立臺灣藝術教育館行政及推展","111,133","04","視覺藝術教育活動","2000","業務費","2051","物品","用途別二級","372","8.各項業務活動之材料費、紙張、事務機器耗材及燈泡等經費372千元。","8","","","","","","","","",""
"5120010507","國立臺灣藝術教育館行政及推展","111,133","04","視覺藝術教育活動","2000","業務費","2054","一般事務費","用途別二級","10947","9.辦理視覺藝術教育展覽、全國學生美術比賽及巡迴展推廣活動之比賽作品收退件、場地布置及包裝、學生創作得獎作品發表與頒獎典禮場地布置、志工服務費等經費10,947千元。","9","","","","","","","","",""
"5120010507","國立臺灣藝術教育館行政及推展","111,133","04","視覺藝術教育活動","2000","業務費","2072","國內旅費","用途別二級","283","10.員工國內旅費及外聘評審委員交通費283千元。","10","","","true","","","","","",""
"5120010507","國立臺灣藝術教育館行政及推展","111,133","04","視覺藝術教育活動","2000","業務費","2081","運費","用途別二級","1080","11.藝教刊物與活動展覽用品運費1,080千元。","11","","","true","","","","","",""
"5120010507","國立臺灣藝術教育館行政及推展","111,133","04","視覺藝術教育活動","2000","業務費","2084","短程車資","用途別二級","5","12.短程車資5千元。","12","","","true","","","","","",""
"5120010507","國立臺灣藝術教育館行政及推展","111,133","04","視覺藝術教育活動","4000","獎補助費","","","用途別一級","2990","13.獎勵全國學生圖畫書創作獎獎勵金450千元及教育部文藝創作獎獎勵金2,540千元，合計2,990千元。","13","true","","","","","","","",""
"5120010507","國立臺灣藝術教育館行政及推展","111,133","04","視覺藝術教育活動","4000","獎補助費","4085","獎勵及慰問","用途別二級","2990","13.獎勵全國學生圖畫書創作獎獎勵金450千元及教育部文藝創作獎獎勵金2,540千元，合計2,990千元。","13","true","","","","","","","",""
"5120010507","國立臺灣藝術教育館行政及推展","111,133","05","表演藝術教育活動","","","","","分支計畫","31294","","","","","","","","","","",""
"5120010507","國立臺灣藝術教育館行政及推展","111,133","05","表演藝術教育活動","2000","業務費","","","用途別一級","31294","本項計需經費31,294千元，其內容如下：","0","true","","","","","","","",""
"5120010507","國立臺灣藝術教育館行政及推展","111,133","05","表演藝術教育活動","2000","業務費","2018","資訊服務費","用途別二級","1500","1.全球網站建置及維護管理等資訊服務費1,500千元。","1","","","true","","","","","",""
"5120010507","國立臺灣藝術教育館行政及推展","111,133","05","表演藝術教育活動","2000","業務費","2021","其他業務租金","用途別二級","50","2.南海劇場管理及相關表演藝術推廣活動、表演藝術類競賽等各項業務所需音響、環響板等租借費用、材料費、紙張、事務機器耗材及協辦業務費等4,034千元。","","true","","","","","","","","true"
"5120010507","國立臺灣藝術教育館行政及推展","111,133","05","表演藝術教育活動","2000","業務費","2033","約用人員酬金","用途別二級","3076","2.南海劇場管理及相關表演藝術推廣活動、表演藝術類競賽等各項業務所需音響、環響板等租借費用、材料費、紙張、事務機器耗材及協辦業務費等4,034千元。","","true","","","","","","","","true"
"5120010507","國立臺灣藝術教育館行政及推展","111,133","05","表演藝術教育活動","2000","業務費","2036","按日按件計資酬金","用途別二級","730","3.各項表演藝術類競賽籌備等諮詢會議與場地會勘出席費、評審費、審查費及推廣藝術教育活動教師鐘點費等730千元。","3","","","","","","","","",""
"5120010507","國立臺灣藝術教育館行政及推展","111,133","05","表演藝術教育活動","2000","業務費","2039","委辦費","用途別二級","17700","4.結合縣市政府學校辦理全國學生音樂、創意戲劇及鄉土歌謠等比賽經費17,700千元。","4","","","","","","","","",""
"5120010507","國立臺灣藝術教育館行政及推展","111,133","05","表演藝術教育活動","2000","業務費","2051","物品","用途別二級","130","5.辦理南海劇場之舞臺、座席、燈光音響等設備前後臺管理等經費6,800千元。","","true","","","","","","","","true"
"5120010507","國立臺灣藝術教育館行政及推展","111,133","05","表演藝術教育活動","2000","業務費","2054","一般事務費","用途別二級","7578","5.辦理南海劇場之舞臺、座席、燈光音響等設備前後臺管理等經費6,800千元。","","true","","","","","","","","true"
"5120010507","國立臺灣藝術教育館行政及推展","111,133","05","表演藝術教育活動","2000","業務費","2072","國內旅費","用途別二級","530","6.員工公務所需國內出差旅費、專家學者出席各項諮詢會議、審查作品之交通費等530千元。","6","","","","","","","","",""
"5120010701","學生事務與特殊教育行政及督導","2,954,764","01","學生事務行政及督導","","","","","分支計畫","65337","","","","","","","","","","",""
"5120010701","學生事務與特殊教育行政及督導","2,954,764","01","學生事務行政及督導","","","","","未歸戶說明","","1.強化大專校院學生事務工作等經費17,981千元，包括：(1)依據「教育部設置大專校院學生事務工作協調聯絡中心及輔導工作協調諮詢中心實施要點」，設置大專校院學生事務工作協調聯絡中心，強化大專校院學生事務功能所需經費5,830千元。","","","","","","","true","","",""
"5120010701","學生事務與特殊教育行政及督導","2,954,764","01","學生事務行政及督導","","","","","未歸戶說明","","(2)辦理大專校院學生事務等相關工作研討會及增能研習活動，並獎勵推動學務工作表現卓越之公私立各級學校及傑出人員，辦理友善校園獎頒獎典禮等經費6,715千元。","","","","","","","true","","",""
"5120010701","學生事務與特殊教育行政及督導","2,954,764","01","學生事務行政及督導","","","","","未歸戶說明","","(3)補助大專校院辦理學生事務與輔導工作特色主題計畫及學生事務相關研習，以健全學生事務與輔導工作等經費5,436千元。","","","","","","","true","","",""
"5120010701","學生事務與特殊教育行政及督導","2,954,764","01","學生事務行政及督導","","","","","未歸戶說明","","2.辦理學校人權教育、法治教育及品德教育等經費23,524千元，包括：(1)依據兩公約及其施行法辦理人權教育之推動，營造人權尊重的教育環境；執行「教育部推動國際人權公約實踐方案」，組織人權工作小組，維運人權教育資源網站、規劃大專校院推展人權教育（含學生權利）及補助民間團體辦理人權教育活動等；推動國際人權公約理念，配合結論性意見提供合宜之教育措施，以落實深化校園人權保障機制等經費7,186千元。","","","","","","","true","","",""
"5120010701","學生事務與特殊教育行政及督導","2,954,764","01","學生事務行政及督導","","","","","未歸戶說明","","(2)依據「加強學校法治教育計畫」，規劃大專校院推展法治教育，辦理大專校院法律系（所）至中小學及社區法治教育計畫、推動支持式修復正義中心、法治教育多元宣導、製播法治教育廣播節目及補助民間團體辦理法治教育活動等相關經費3,697千元（含媒體政策及業務宣導費431千元）。","","","","","","","true","","",""
"5120010701","學生事務與特殊教育行政及督導","2,954,764","01","學生事務行政及督導","","","","","未歸戶說明","","(3)推動「品德教育促進方案」，補助大專校院及民間團體辦理品德教育活動，推動辦理品德教育大專校院推廣與深耕學校計畫及品德教育績優學校觀摩表揚所需經費等12,641千元（含媒體政策及業務宣導費2,309千元）。","","","","","","","true","","",""
"5120010701","學生事務與特殊教育行政及督導","2,954,764","01","學生事務行政及督導","","","","","未歸戶說明","","3.推動大專校院社團發展及營隊活動等經費23,832千元，包括：(1)辦理「教育優先區中小學生寒暑假營隊活動」，補助大專校院、民間團體辦理教育優先區中小學學生營隊活動等經費12,086千元。","","","","","","","true","","",""
"5120010701","學生事務與特殊教育行政及督導","2,954,764","01","學生事務行政及督導","","","","","未歸戶說明","","(2)依據「推動校園社團發展方案」及「教育部補助辦理學生事務與輔導工作原則」，補助大專校院辦理帶動中小學社團發展，補助民間團體辦理學生社團活動及辦理全國性社團評鑑等經費11,746千元。","","","","","","","true","","",""
"5120010701","學生事務與特殊教育行政及督導","2,954,764","01","學生事務行政及督導","2000","業務費","","","用途別一級","31652","","","","","","","","","","",""
"5120010701","學生事務與特殊教育行政及督導","2,954,764","01","學生事務行政及督導","2000","業務費","2036","按日按件計資酬金","用途別二級","1610","","","","","","","","","","",""
"5120010701","學生事務與特殊教育行政及督導","2,954,764","01","學生事務行政及督導","2000","業務費","2039","委辦費","用途別二級","26044","","","","","","","","","","",""
"5120010701","學生事務與特殊教育行政及督導","2,954,764","01","學生事務行政及督導","2000","業務費","2054","一般事務費","用途別二級","3806","","","","","","","","","","",""
"5120010701","學生事務與特殊教育行政及督導","2,954,764","01","學生事務行政及督導","2000","業務費","2072","國內旅費","用途別二級","192","","","","","","","","","","",""
"5120010701","學生事務與特殊教育行政及督導","2,954,764","01","學生事務行政及督導","4000","獎補助費","","","用途別一級","33685","","","","","","","","","","",""
"5120010701","學生事務與特殊教育行政及督導","2,954,764","01","學生事務行政及督導","4000","獎補助費","4030","對特種基金之補助","用途別二級","17092","","","","","","","","","","",""
"5120010701","學生事務與特殊教育行政及督導","2,954,764","01","學生事務行政及督導","4000","獎補助費","4040","對國內團體之捐助","用途別二級","1687","","","","","","","","","","",""
"5120010701","學生事務與特殊教育行政及督導","2,954,764","01","學生事務行政及督導","4000","獎補助費","4045","對私校之獎助","用途別二級","14406","","","","","","","","","","",""
"5120010701","學生事務與特殊教育行政及督導","2,954,764","01","學生事務行政及督導","4000","獎補助費","4085","獎勵及慰問","用途別二級","500","","","","","","","","","","",""
"5120010701","學生事務與特殊教育行政及督導","2,954,764","02","學生公費及獎助學金","","","","","分支計畫","749734","","","","","","","","","","",""
"5120010701","學生事務與特殊教育行政及督導","2,954,764","02","學生公費及獎助學金","2000","業務費","","","用途別一級","174","(2)推動學生就學貸款工作經費174千元，其中：<1>印製研討會及就學貸款方案手冊，加強學生就學貸款正確觀念等經費89千元。<2>不定期視察各校辦理情形，並舉辦學校承辦人員、銀行等業務座談會議及講習，提高服務品質等經費85千元。","1","true","","","","","","","",""
"5120010701","學生事務與特殊教育行政及督導","2,954,764","02","學生公費及獎助學金","2000","業務費","2039","委辦費","用途別二級","57","","","","","","","","","","",""
"5120010701","學生事務與特殊教育行政及督導","2,954,764","02","學生公費及獎助學金","2000","業務費","2054","一般事務費","用途別二級","85","(2)推動學生就學貸款工作經費174千元，其中：<1>印製研討會及就學貸款方案手冊，加強學生就學貸款正確觀念等經費89千元。<2>不定期視察各校辦理情形，並舉辦學校承辦人員、銀行等業務座談會議及講習，提高服務品質等經費85千元。","1","true","","","","","","","",""
"5120010701","學生事務與特殊教育行政及督導","2,954,764","02","學生公費及獎助學金","","","","","未歸戶說明","","2.負擔公立技專校院經濟弱勢學生就學期間與畢業（退伍）後1年之「寬限期」利息及因應利息浮動而衍生之利息負擔、所有貸款人均可申請之「只繳息期」、經濟弱勢者申請之「緩繳期」及延長還款年限之利息120,000千元（技術及職業教育司）。","","","","","","","true","","",""
"5120010701","學生事務與特殊教育行政及督導","2,954,764","02","學生公費及獎助學金","","","","","未歸戶說明","","3.補助各師資培育大學公費生及補助設立教育學程之私立大學校院修習教育學程學生師資培育助學金203,960千元（含原住民族教育經費20,058千元），其中公費生公費標準，依行政院規定，助學金之額度，則由本部定之（師資培育及藝術教育司）。","","","","","","","true","","",""
"5120010701","學生事務與特殊教育行政及督導","2,954,764","02","學生公費及獎助學金","","","","","未歸戶說明","","4.僑生獎助學金195,600千元，係依僑生回國就學及輔導辦法規定，並配合新南向政策，擴大招收僑生來臺就學及協助經濟弱勢僑生安心向學（國際及兩岸教育司），包括：(1)補助經濟弱勢僑生助學金136,000千元。","","","","","","","true","","",""
"5120010701","學生事務與特殊教育行政及督導","2,954,764","02","學生公費及獎助學金","","","","","未歸戶說明","","(2)提供獎勵海外優秀僑生回國就讀大學校院獎學金及補助大學校院設置研究所優秀僑生獎學金59,600千元。","","","","","","","true","","",""
"5120010701","學生事務與特殊教育行政及督導","2,954,764","02","學生公費及獎助學金","2000","業務費","2072","國內旅費","用途別二級","32","","","","","","","","","","",""
"5120010701","學生事務與特殊教育行政及督導","2,954,764","02","學生公費及獎助學金","4000","獎補助費","","","用途別一級","749560","","","","","","","","","","",""
"5120010701","學生事務與特殊教育行政及督導","2,954,764","02","學生公費及獎助學金","4000","獎補助費","4050","對學生之獎助","用途別二級","749560","","","","","","","","","","",""
"5120010701","學生事務與特殊教育行政及督導","2,954,764","03","性別平等教育","","","","","分支計畫","50282","","","","","","","","","","",""
"5120010701","學生事務與特殊教育行政及督導","2,954,764","03","性別平等教育","","","","","未歸戶說明","","1.政策規劃組，負責委員會運作、研訂政策、協調及整合資源、督導考核地方主管機關及所主管學校、積極維護懷孕學生之受教權、彙整本部性別平等教育年度計畫、預算，以及研究發展與評估工作等經費13,535千元。","","","","","","","true","","",""
"5120010701","學生事務與特殊教育行政及督導","2,954,764","03","性別平等教育","","","","","未歸戶說明","","2.課程教學組，係落實大專校院性別平等教育之課程與教學，增進相關教材教法的研究與發展，推動情感教育、認識及尊重不同性別、性別特徵、性別特質、性別認同、性傾向教育等相關教學內涵經費10,305千元。","","","","","","","true","","",""
"5120010701","學生事務與特殊教育行政及督導","2,954,764","03","性別平等教育","","","","","未歸戶說明","","3.社會推展組，係規劃及辦理性別平等教育年度社會宣導工作及相關活動、編印性別平等教育季刊、廣播節目、維護網站及補助民間團體等經費8,553千元（含媒體政策及業務宣導費1,350千元）。","","","","","","","true","","",""
"5120010701","學生事務與特殊教育行政及督導","2,954,764","03","性別平等教育","","","","","未歸戶說明","","4.校園性別事件防治組，係負責督導學校落實校園性侵害、性騷擾、性霸凌防治及調查處理工作、校園親密關係暴力防治工作、培訓大專校院調查處理專業人員並強化調查專業人才庫人員之專業知能、事件當事人處遇輔導工作、行為人防治教育推動工作經費17,889千元。","","","","","","","true","","",""
"5120010701","學生事務與特殊教育行政及督導","2,954,764","03","性別平等教育","2000","業務費","","","用途別一級","46344","","","","","","","","","","",""
"5120010701","學生事務與特殊教育行政及督導","2,954,764","03","性別平等教育","2000","業務費","2033","約用人員酬金","用途別二級","5500","","","","","","","","","","",""
"5120010701","學生事務與特殊教育行政及督導","2,954,764","03","性別平等教育","2000","業務費","2036","按日按件計資酬金","用途別二級","1300","","","","","","","","","","",""
"5120010701","學生事務與特殊教育行政及督導","2,954,764","03","性別平等教育","2000","業務費","2039","委辦費","用途別二級","37950","","","","","","","","","","",""
"5120010701","學生事務與特殊教育行政及督導","2,954,764","03","性別平等教育","2000","業務費","2054","一般事務費","用途別二級","905","","","","","","","","","","",""
"5120010701","學生事務與特殊教育行政及督導","2,954,764","03","性別平等教育","2000","業務費","2072","國內旅費","用途別二級","689","","","","","","","","","","",""
"5120010701","學生事務與特殊教育行政及督導","2,954,764","03","性別平等教育","4000","獎補助費","","","用途別一級","3938","","","","","","","","","","",""
"5120010701","學生事務與特殊教育行政及督導","2,954,764","03","性別平等教育","4000","獎補助費","4005","對直轄市政府之補助","用途別二級","100","","","","","","","","","","",""
"5120010701","學生事務與特殊教育行政及督導","2,954,764","03","性別平等教育","4000","獎補助費","4030","對特種基金之補助","用途別二級","280","","","","","","","","","","",""
"5120010701","學生事務與特殊教育行政及督導","2,954,764","03","性別平等教育","4000","獎補助費","4040","對國內團體之捐助","用途別二級","308","","","","","","","","","","",""
"5120010701","學生事務與特殊教育行政及督導","2,954,764","03","性別平等教育","4000","獎補助費","4045","對私校之獎助","用途別二級","3000","","","","","","","","","","",""
"5120010701","學生事務與特殊教育行政及督導","2,954,764","03","性別平等教育","4000","獎補助費","4085","獎勵及慰問","用途別二級","250","","","","","","","","","","",""
"5120010701","學生事務與特殊教育行政及督導","2,954,764","04","校園安全維護與防制學生藥物濫用","","","","","分支計畫","152172","","","","","","","","","","",""
"5120010701","學生事務與特殊教育行政及督導","2,954,764","04","校園安全維護與防制學生藥物濫用","","","","","未歸戶說明","","1.辦理維護校園安全工作，包括防制霸凌、交通道路安全與賃居安全等經費91,561千元，包括：(1)積極推動校園防制霸凌業務、培訓專業調和及調查人才、辦理系統性調查研究提升校方人員相關知能，透過多元防制工作，降低霸凌事件發生等經費16,034千元。","","","","","","","true","","",""
"5120010701","學生事務與特殊教育行政及督導","2,954,764","04","校園安全維護與防制學生藥物濫用","","","","","未歸戶說明","","(2)學生安全為核心，從校園環境安全、交通安全到賃居安全，全面推動預防、風險檢視及緊急應變強化措施，建立全方位安全防護網，每年辦理大專校院校園安全教育種子師資培訓、大專校院交通安全種子師資培訓、大專校院校園安全暨防制詐騙研習、全國大專校院校園安全主管會議、大專校院學生賃居輔導服務工作研討會、大專校院學生登山安全訓練，以及全國大專校院校園安全主管會議經費15,500千元。","","","","","","","true","","",""
"5120010701","學生事務與特殊教育行政及督導","2,954,764","04","校園安全維護與防制學生藥物濫用","","","","","未歸戶說明","","(3)為提升災害應變能力及減少災後損失，透過完善通報機制及統計分析系統，即時掌握災情動態，並結合數據化管理進行災後狀況檢討，提供後續防範與環境改善之依據，強化校園防災韌性，每年辦理校園安全暨災害防救通報處理中心網擴充及維運、各級學校校園安全及災害事件通報分析、交通安全事件統計分析，以及管理及推廣雲端租屋平臺系統經費14,504千元。","","","","","","","true","","",""
"5120010701","學生事務與特殊教育行政及督導","2,954,764","04","校園安全維護與防制學生藥物濫用","","","","","未歸戶說明","","(4)因應教官持續退場，為確保校安工作順利銜接，規劃辦理校安（含學務創新）儲備人員培訓，以提升實務處置及應變能力，完善校安體系；另為激勵校安人員士氣，每年辦理績優暨資深優良校安人員頒獎典禮及參訪見學，促進校安人員認同感與向心力，提升工作效能，共同打造友善校園安全環境經費18,728千元。","","","","","","","true","","",""
"5120010701","學生事務與特殊教育行政及督導","2,954,764","04","校園安全維護與防制學生藥物濫用","","","","","未歸戶說明","","(5)為提升校園安全推廣工作效能，透過補助各縣市聯絡處、學校、資源中心與民間團體辦理相關防制工作經費26,795千元。","","","","","","","true","","",""
"5120010701","學生事務與特殊教育行政及督導","2,954,764","04","校園安全維護與防制學生藥物濫用","","","","","未歸戶說明","","2.辦理防制學生藥物濫用工作，包括宣導、清查與輔導等經費60,611千元（含媒體政策及業務宣導費7,125千元），包括：(1)辦理校園安全維護與防制學生藥物濫用等相關媒體宣導製作、託播及刊登等經費7,125千元。","","","","","","","true","","",""
"5120010701","學生事務與特殊教育行政及督導","2,954,764","04","校園安全維護與防制學生藥物濫用","","","","","未歸戶說明","","(2)製發多元反毒宣導文宣與影片等、辦理防制學生藥物濫用宣導教育活動，包括大專校院機智拒毒生活校園巡迴展、拒毒反詐特展與跨部會合作反毒宣導活動，並藉本部藥物濫用防制網站與防制藥物濫用教育中心提供各類宣導資訊經費13,667千元。","","","","","","","true","","",""
"5120010701","學生事務與特殊教育行政及督導","2,954,764","04","校園安全維護與防制學生藥物濫用","","","","","未歸戶說明","","(3)因應新興毒品型態多元化，學生藥物濫用風險日益增加，為有效提升師生防制藥物濫用知能與應對能力，規劃辦理大專校院推動防制學生藥物濫用業務研習、編製防制學生藥物濫用補充教材，加強宣導深度與廣度，並透過藥物濫用認知檢測問卷研究了解現行防制工作之不足，據以調整相關策略經費5,211千元。","","","","","","","true","","",""
"5120010701","學生事務與特殊教育行政及督導","2,954,764","04","校園安全維護與防制學生藥物濫用","","","","","未歸戶說明","","(4)規劃及執行關懷清查與追蹤工作，包含辦理藥物濫用尿液篩檢、推動青年韶光計畫、建置學生藥物濫用個案追蹤輔導系統，並訂定大專校院濫用藥物個案輔導量能提升方案、辦理大專校院藥物濫用防制資源中心之諮商輔導教育，以強化整體防制成效經費5,089千元。","","","","","","","true","","",""
"5120010701","學生事務與特殊教育行政及督導","2,954,764","04","校園安全維護與防制學生藥物濫用","","","","","未歸戶說明","","(5)為鼓勵投入防制學生藥物濫用工作之人員及單位，辦理防制學生藥物濫用工作績優單位表揚、績優春暉志工頒獎典禮暨增能研習，以及跨部會合作辦理表揚社會各界反毒有功人士團體頒獎活動，藉此帶動更多正向示範效應，強化防毒教育向下扎根，營造友善校園環境經費2,043千元。","","","","","","","true","","",""
"5120010701","學生事務與特殊教育行政及督導","2,954,764","04","校園安全維護與防制學生藥物濫用","","","","","未歸戶說明","","(6)為提升防制藥物濫用推廣工作效能，透過補助各縣市聯絡處、學校與民間團體辦理相關防制工作或宣導活動，如紙風車文教基金會等，提升防制效能、擴大宣導層面，並能公私協力，強化反毒宣導成效經費27,476千元。","","","","","","","true","","",""
"5120010701","學生事務與特殊教育行政及督導","2,954,764","04","校園安全維護與防制學生藥物濫用","2000","業務費","","","用途別一級","89024","","","","","","","","","","",""
"5120010701","學生事務與特殊教育行政及督導","2,954,764","04","校園安全維護與防制學生藥物濫用","2000","業務費","2018","資訊服務費","用途別二級","1800","","","","","","","","","","",""
"5120010701","學生事務與特殊教育行政及督導","2,954,764","04","校園安全維護與防制學生藥物濫用","2000","業務費","2036","按日按件計資酬金","用途別二級","1000","","","","","","","","","","",""
"5120010701","學生事務與特殊教育行政及督導","2,954,764","04","校園安全維護與防制學生藥物濫用","2000","業務費","2039","委辦費","用途別二級","45137","","","","","","","","","","",""
"5120010701","學生事務與特殊教育行政及督導","2,954,764","04","校園安全維護與防制學生藥物濫用","2000","業務費","2054","一般事務費","用途別二級","39687","","","","","","","","","","",""
"5120010701","學生事務與特殊教育行政及督導","2,954,764","04","校園安全維護與防制學生藥物濫用","2000","業務費","2072","國內旅費","用途別二級","1400","","","","","","","","","","",""
"5120010701","學生事務與特殊教育行政及督導","2,954,764","04","校園安全維護與防制學生藥物濫用","3000","設備及投資","","","用途別一級","2200","","","","","","","","","","",""
"5120010701","學生事務與特殊教育行政及督導","2,954,764","04","校園安全維護與防制學生藥物濫用","3000","設備及投資","3030","資訊軟硬體設備費","用途別二級","2200","","","","","","","","","","",""
"5120010701","學生事務與特殊教育行政及督導","2,954,764","04","校園安全維護與防制學生藥物濫用","4000","獎補助費","","","用途別一級","60948","","","","","","","","","","",""
"5120010701","學生事務與特殊教育行政及督導","2,954,764","04","校園安全維護與防制學生藥物濫用","4000","獎補助費","4030","對特種基金之補助","用途別二級","27865","","","","","","","","","","",""
"5120010701","學生事務與特殊教育行政及督導","2,954,764","04","校園安全維護與防制學生藥物濫用","4000","獎補助費","4040","對國內團體之捐助","用途別二級","13581","","","","","","","","","","",""
"5120010701","學生事務與特殊教育行政及督導","2,954,764","04","校園安全維護與防制學生藥物濫用","4000","獎補助費","4045","對私校之獎助","用途別二級","19502","","","","","","","","","","",""
"5120010701","學生事務與特殊教育行政及督導","2,954,764","05","學生全民國防教育推展","","","","","分支計畫","47955","","","","","","","","","","",""
"5120010701","學生事務與特殊教育行政及督導","2,954,764","05","學生全民國防教育推展","","","","","未歸戶說明","","1.推展學生全民國防教育及全民防衛動員準備工作等經費37,865千元，包括：(1)推動全民國防教育多元教學活動16,047千元，辦理全民國防教育工作研習、中程計畫制定推動、各級學校全民國防教育推展（包含大專校院修課鼓勵措施與國中小多元教學推動）、鼓勵課程設計結合媒體識讀、錯假訊息辨識、國家兵役政策及全民防衛動員意識等議題，以及補充教材編印等。","","","","","","","true","","",""
"5120010701","學生事務與特殊教育行政及督導","2,954,764","05","學生全民國防教育推展","","","","","未歸戶說明","","(2)辦理全民國防教育相關經費9,040千元，用於資源中心與學科中心運作、教學資源與教材研發推廣（含素養導向與議題融入）、師資增能研習（每2個月辦理1場，邀請國防相關專家講授）及學術研討會（以全民國防五大領域為主，辦理論文發表與教學經驗分享），並進行網站平臺功能優化與維護。","","","","","","","true","","",""
"5120010701","學生事務與特殊教育行政及督導","2,954,764","05","學生全民國防教育推展","","","","","未歸戶說明","","(3)全民防衛動員準備工作之推展12,778千元，項目包括精神動員演練、工作坊、座談會、參訪活動及國際交流等，藉由辦理全國性精神動員教育訓練、兵棋推演、研習活動與研討會，並委託教育部大專校院校園安全維護及全民國防教育資源中心分區推動精神動員訓練及青年服勤動員講習，同時拍攝精神動員及防空避難短片，以及補助大專校院資源中心辦理國際訪查並輔導設立示範學校等多元措施，以提升學生對全民防衛政策之理解與參與。","","","","","","","true","","",""
"5120010701","學生事務與特殊教育行政及督導","2,954,764","05","學生全民國防教育推展","","","","","未歸戶說明","","2.辦理學生國防教育師資服務工作經費10,090千元，包括：(1)辦理學生國防教育師資團體保險860千元。","","","","","","","true","","",""
"5120010701","學生事務與特殊教育行政及督導","2,954,764","05","學生全民國防教育推展","","","","","未歸戶說明","","(2)辦理學生國防教育師資體檢經費4,000千元。","","","","","","","true","","",""
"5120010701","學生事務與特殊教育行政及督導","2,954,764","05","學生全民國防教育推展","","","","","未歸戶說明","","(3)辦理學生國防教育師資軍服製補經費5,230千元。","","","","","","","true","","",""
"5120010701","學生事務與特殊教育行政及督導","2,954,764","05","學生全民國防教育推展","2000","業務費","","","用途別一級","39355","","","","","","","","","","",""
"5120010701","學生事務與特殊教育行政及督導","2,954,764","05","學生全民國防教育推展","2000","業務費","2039","委辦費","用途別二級","22940","","","","","","","","","","",""
"5120010701","學生事務與特殊教育行政及督導","2,954,764","05","學生全民國防教育推展","2000","業務費","2054","一般事務費","用途別二級","15865","","","","","","","","","","",""
"5120010701","學生事務與特殊教育行政及督導","2,954,764","05","學生全民國防教育推展","2000","業務費","2072","國內旅費","用途別二級","550","","","","","","","","","","",""
"5120010701","學生事務與特殊教育行政及督導","2,954,764","05","學生全民國防教育推展","4000","獎補助費","","","用途別一級","8600","","","","","","","","","","",""
"5120010701","學生事務與特殊教育行政及督導","2,954,764","05","學生全民國防教育推展","4000","獎補助費","4030","對特種基金之補助","用途別二級","2600","","","","","","","","","","",""
"5120010701","學生事務與特殊教育行政及督導","2,954,764","05","學生全民國防教育推展","4000","獎補助費","4045","對私校之獎助","用途別二級","6000","","","","","","","","","","",""
"5120010701","學生事務與特殊教育行政及督導","2,954,764","06","發展與改進大專校院特殊教育","","","","","分支計畫","1482067","","","","","","","","","","",""
"5120010701","學生事務與特殊教育行政及督導","2,954,764","06","發展與改進大專校院特殊教育","","","","","未歸戶說明","","1.加強大專校院對身心障礙學生之各項適性輔導工作經費660,000千元，包括：(1)補助公立大專校院輔導身心障礙學生課業及在校生活協助經費202,000千元。","","","","","","","true","","",""
"5120010701","學生事務與特殊教育行政及督導","2,954,764","06","發展與改進大專校院特殊教育","","","","","未歸戶說明","","(2)補助私立大專校院輔導身心障礙學生課業及在校生活協助經費458,000千元。","","","","","","","true","","",""
"5120010701","學生事務與特殊教育行政及督導","2,954,764","06","發展與改進大專校院特殊教育","2000","業務費","","","用途別一級","237417","","","","","","","","","","",""
"5120010701","學生事務與特殊教育行政及督導","2,954,764","06","發展與改進大專校院特殊教育","2000","業務費","2009","通訊費","用途別二級","200","","","","","","","","","","",""
"5120010701","學生事務與特殊教育行政及督導","2,954,764","06","發展與改進大專校院特殊教育","2000","業務費","2033","約用人員酬金","用途別二級","6900","","","","","","","","","","",""
"5120010701","學生事務與特殊教育行政及督導","2,954,764","06","發展與改進大專校院特殊教育","2000","業務費","2036","按日按件計資酬金","用途別二級","1500","","","","","","","","","","",""
"5120010701","學生事務與特殊教育行政及督導","2,954,764","06","發展與改進大專校院特殊教育","2000","業務費","2039","委辦費","用途別二級","220477","","","","","","","","","","",""
"5120010701","學生事務與特殊教育行政及督導","2,954,764","06","發展與改進大專校院特殊教育","2000","業務費","2051","物品","用途別二級","200","","","","","","","","","","",""
"5120010701","學生事務與特殊教育行政及督導","2,954,764","06","發展與改進大專校院特殊教育","2000","業務費","2054","一般事務費","用途別二級","7270","","","","","","","","","","",""
"5120010701","學生事務與特殊教育行政及督導","2,954,764","06","發展與改進大專校院特殊教育","2000","業務費","2072","國內旅費","用途別二級","500","","","","","","","","","","",""
"5120010701","學生事務與特殊教育行政及督導","2,954,764","06","發展與改進大專校院特殊教育","2000","業務費","2078","國外旅費","用途別二級","270","(9)出國考察視障教育英文點字所需經費270千元。","16","","","","","","","","",""
"5120010701","學生事務與特殊教育行政及督導","2,954,764","06","發展與改進大專校院特殊教育","2000","業務費","2084","短程車資","用途別二級","100","","","","","","","","","","",""
"5120010701","學生事務與特殊教育行政及督導","2,954,764","06","發展與改進大專校院特殊教育","3000","設備及投資","","","用途別一級","279570","","","","","","","","","","",""
"5120010701","學生事務與特殊教育行政及督導","2,954,764","06","發展與改進大專校院特殊教育","3000","設備及投資","3045","投資","用途別二級","279570","","","","","","","","","","",""
"5120010701","學生事務與特殊教育行政及督導","2,954,764","06","發展與改進大專校院特殊教育","4000","獎補助費","","","用途別一級","965080","","","","","","","","","","",""
"5120010701","學生事務與特殊教育行政及督導","2,954,764","06","發展與改進大專校院特殊教育","4000","獎補助費","4005","對直轄市政府之補助","用途別二級","7728","","","","","","","","","","",""
"5120010701","學生事務與特殊教育行政及督導","2,954,764","06","發展與改進大專校院特殊教育","4000","獎補助費","4030","對特種基金之補助","用途別二級","234402","","","","","","","","","","",""
"5120010701","學生事務與特殊教育行政及督導","2,954,764","06","發展與改進大專校院特殊教育","4000","獎補助費","4040","對國內團體之捐助","用途別二級","2500","","","","","","","","","","",""
"5120010701","學生事務與特殊教育行政及督導","2,954,764","06","發展與改進大專校院特殊教育","4000","獎補助費","4045","對私校之獎助","用途別二級","644450","","","","","","","","","","",""
"5120010701","學生事務與特殊教育行政及督導","2,954,764","06","發展與改進大專校院特殊教育","4000","獎補助費","4050","對學生之獎助","用途別二級","76000","2.提供身心障礙學生各項個別化支持服務經費562,670千元，包括：(1)補助私立大專校院特殊教育學生獎補助金76,000千元。(2)補助大專校院改善無障礙環境、增設身心障礙甄試考場、建置校園無障礙環境開放資料平臺及辦理無障礙研習等經費444,150千元。(3)提供大專校院身心障礙學生輔助科技服務所需經費25,210千元。(4)製作大專校院身心障礙學生上課所需點字、有聲、易讀、手語版本特殊用書及教材等經費13,810千元。(5)國家語言整體發展方案經行政院111年7月15日院臺文字第1110021377號函核定，總經費8,149,161千元，係由本部、國民及學前教育署、國立教育廣播電臺及國家教育研究院分5年辦理，其中本部負擔1,434,833千元，111至114年度已編列1,140,814千元，本年度續編最後1年經費294,019千元，本科目編列臺灣手語字辭典編纂經費3,500千元。","3","","","","","true","","","",""
"5120010701","學生事務與特殊教育行政及督導","2,954,764","06","發展與改進大專校院特殊教育","","","","","未歸戶說明","","3.研修特殊教育法規、辦理身心障礙學生升學、轉銜輔導與行政、身心障礙學生人權與融合、國際交流及相關工作經費259,397千元，包括：(1)辦理身心障礙學生升大專甄試所需經費26,580千元。","","","","","","","true","","",""
"5120010701","學生事務與特殊教育行政及督導","2,954,764","06","發展與改進大專校院特殊教育","","","","","未歸戶說明","","(2)鼓勵大專校院透過甄試及單獨招生考試招收身心障礙學生所需經費20,000千元。","","","","","","","true","","",""
"5120010701","學生事務與特殊教育行政及督導","2,954,764","06","發展與改進大專校院特殊教育","","","","","未歸戶說明","","(3)辦理學生特殊教育需求鑑定、輔導學校推動特殊教育、強化支持網絡運作、辦理特殊教育國際研討會與交流等經費83,150千元。","","","","","","","true","","",""
"5120010701","學生事務與特殊教育行政及督導","2,954,764","06","發展與改進大專校院特殊教育","","","","","未歸戶說明","","(4)辦理身心障礙學生營隊及特殊教育相關活動經費11,200千元。","","","","","","","true","","",""
"5120010701","學生事務與特殊教育行政及督導","2,954,764","06","發展與改進大專校院特殊教育","","","","","未歸戶說明","","(5)辦理特殊教育通報、跨部會合作強化轉銜輔導機制、特殊教育資訊交流平臺等經費85,196千元。","","","","","","","true","","",""
"5120010701","學生事務與特殊教育行政及督導","2,954,764","06","發展與改進大專校院特殊教育","","","","","未歸戶說明","","(6)健全特殊教育行政、檢討研修相關法規與所需人力及身心障礙人權與融合相關經費30,621千元。","","","","","","","true","","",""
"5120010701","學生事務與特殊教育行政及督導","2,954,764","06","發展與改進大專校院特殊教育","","","","","未歸戶說明","","(7)委託國立教育廣播電臺辦理特殊教育宣導廣播節目所需經費1,000千元（媒體政策及業務宣導費）。","","","","","","","true","","",""
"5120010701","學生事務與特殊教育行政及督導","2,954,764","06","發展與改進大專校院特殊教育","","","","","未歸戶說明","","(8)辦理資優學生追蹤及輔導並提供符合其性向、優勢能力之學習活動等經費1,380千元。","","","","","","","true","","",""
"5120010701","學生事務與特殊教育行政及督導","2,954,764","07","推動學生輔導工作","","","","","分支計畫","407217","","","","","","","","","","",""
"5120010701","學生事務與特殊教育行政及督導","2,954,764","07","推動學生輔導工作","","","","","未歸戶說明","","1.健全學生輔導行政經費32,443千元，包括進行輔導工作之研究發展、健全大專校院輔導行政機制及落實大專校院全員輔導體制、辦理社會情緒學習中長程計畫及人才培力、編修學校輔導工作參考手冊、進行學生輔導工作觀摩與表揚、退場學校輔導資料保存，以及辦理學生事務與輔導工作所需人力等經費。","","","","","","","true","","",""
"5120010701","學生事務與特殊教育行政及督導","2,954,764","07","推動學生輔導工作","","","","","未歸戶說明","","2.強化大專校院學生輔導工作經費17,241千元，包括提升大專校院學生輔導功能，整合相關人力，提昇服務品質，以協助學校處理輔導問題，增進大專青年身心之健全發展，設置4區大專校院輔導工作協調諮詢中心及補助大專校院辦理輔導工作計畫。","","","","","","","true","","",""
"5120010701","學生事務與特殊教育行政及督導","2,954,764","07","推動學生輔導工作","","","","","未歸戶說明","","3.為協助大專校院落實學生輔導法第11條規定完備專業輔導人員人力（具諮商心理師、臨床心理師或社會工作師證照者），強化輔導人力協助學生諮商輔導工作及自我傷害防治，健全學校三級輔導體制所需經費125,316千元。","","","","","","","true","","",""
"5120010701","學生事務與特殊教育行政及督導","2,954,764","07","推動學生輔導工作","","","","","未歸戶說明","","4.促進大專校院學生心理健康計畫經費150,000千元，補助大專校院透過課程、相關活動及培訓計畫等，建立正確的價值觀，並提升校內相關人員專業知能及專業人員（如精神科醫師到校服務）鐘點費之補助及推動校園自我傷害防治等。","","","","","","","true","","",""
"5120010701","學生事務與特殊教育行政及督導","2,954,764","07","推動學生輔導工作","","","","","未歸戶說明","","5.依據「教育部生命教育推動方案」推動生命教育並強化生命關懷，包括生命教育師資培訓、研究發展與評估、課程與教學發展及推廣活動經費18,222千元（含媒體政策及業務宣導費1,120千元）。","","","","","","","true","","",""
"5120010701","學生事務與特殊教育行政及督導","2,954,764","07","推動學生輔導工作","","","","","未歸戶說明","","6.大專校院輔導諮商空間改善相關經費63,723千元，補助大專校院依學校輔導工作場所設置基準之規定，設置與優化執行學生輔導工作所需場地及設備。","","","","","","","true","","",""
"5120010701","學生事務與特殊教育行政及督導","2,954,764","07","推動學生輔導工作","2000","業務費","","","用途別一級","103718","","","","","","","","","","",""
"5120010701","學生事務與特殊教育行政及督導","2,954,764","07","推動學生輔導工作","2000","業務費","2033","約用人員酬金","用途別二級","3000","","","","","","","","","","",""
"5120010701","學生事務與特殊教育行政及督導","2,954,764","07","推動學生輔導工作","2000","業務費","2036","按日按件計資酬金","用途別二級","815","","","","","","","","","","",""
"5120010701","學生事務與特殊教育行政及督導","2,954,764","07","推動學生輔導工作","2000","業務費","2039","委辦費","用途別二級","97338","","","","","","","","","","",""
"5120010701","學生事務與特殊教育行政及督導","2,954,764","07","推動學生輔導工作","2000","業務費","2054","一般事務費","用途別二級","1987","","","","","","","","","","",""
"5120010701","學生事務與特殊教育行政及督導","2,954,764","07","推動學生輔導工作","2000","業務費","2072","國內旅費","用途別二級","306","","","","","","","","","","",""
"5120010701","學生事務與特殊教育行政及督導","2,954,764","07","推動學生輔導工作","2000","業務費","2078","國外旅費","用途別二級","272","7.赴國外考察社會情緒學習推動經驗272千元。","7","","","","","","","","",""
"5120010701","學生事務與特殊教育行政及督導","2,954,764","07","推動學生輔導工作","3000","設備及投資","","","用途別一級","7679","","","","","","","","","","",""
"5120010701","學生事務與特殊教育行政及督導","2,954,764","07","推動學生輔導工作","3000","設備及投資","3045","投資","用途別二級","7679","","","","","","","","","","",""
"5120010701","學生事務與特殊教育行政及督導","2,954,764","07","推動學生輔導工作","4000","獎補助費","","","用途別一級","295820","","","","","","","","","","",""
"5120010701","學生事務與特殊教育行政及督導","2,954,764","07","推動學生輔導工作","4000","獎補助費","4005","對直轄市政府之補助","用途別二級","3016","","","","","","","","","","",""
"5120010701","學生事務與特殊教育行政及督導","2,954,764","07","推動學生輔導工作","4000","獎補助費","4030","對特種基金之補助","用途別二級","196488","","","","","","","","","","",""
"5120010701","學生事務與特殊教育行政及督導","2,954,764","07","推動學生輔導工作","4000","獎補助費","4040","對國內團體之捐助","用途別二級","1425","","","","","","","","","","",""
"5120010701","學生事務與特殊教育行政及督導","2,954,764","07","推動學生輔導工作","4000","獎補助費","4045","對私校之獎助","用途別二級","94441","","","","","","","","","","",""
"5120010701","學生事務與特殊教育行政及督導","2,954,764","07","推動學生輔導工作","4000","獎補助費","4085","獎勵及慰問","用途別二級","450","","","","","","","","","","",""
"5120010904","資訊與科技教育行政及督導","6,994,334","01","校園安全衛生管理及環境教育推動計畫","","","","","分支計畫","74168","","","","","","","","","","",""
"5120010904","資訊與科技教育行政及督導","6,994,334","01","校園安全衛生管理及環境教育推動計畫","","","","","未歸戶說明","","1.校園職業安全衛生管理輔導驗證暨分區推展計畫、校園職業安全衛生知能提升及災害輔導計畫、大專校院校園學習與職業安全衛生管理北中南區自主互助聯盟運作計畫、全國大專校院環境安全衛生主管聯席會議計畫、校園環境保護暨廢棄物管理及校園空氣品質維護管理推動計畫、校園化學品資訊化管理計畫及其所需人力等經費18,000千元，包括：(1)規劃與推動全國高級中等以上學校建立環境管理制度，包含環境管理資料庫、訓練機制、諮詢體系及網站，並進行政策規劃及計畫執行等相關工作。","","","","","","","true","","",""
"5120010904","資訊與科技教育行政及督導","6,994,334","01","校園安全衛生管理及環境教育推動計畫","","","","","未歸戶說明","","2.依環境教育法辦理環境教育政策規劃、計畫執行、環境教育推廣活動等，辦理環境教育政策推動專案計畫、各級學校環境教育人員認證作業、環境教育人員研習、推動綠色學校夥伴網路平臺計畫、國際環境教育計畫合作交流與增能活動及因業務所需人力等推動工作經費13,000千元。","","","","","","","true","","",""
"5120010904","資訊與科技教育行政及督導","6,994,334","01","校園安全衛生管理及環境教育推動計畫","","","","","未歸戶說明","","3.依室內空氣品質管理法、職業安全衛生法及毒性及關注化學物質管理法等屬本部應執行之法定義務，辦理校園室內空氣品質管理、強化實驗室安全衛生管理政策規劃及推動執行等相關專案計畫，協助校園進行相關檢測及輔導改善工作經費12,308千元。","","","","","","","true","","",""
"5120010904","資訊與科技教育行政及督導","6,994,334","01","校園安全衛生管理及環境教育推動計畫","","","","","未歸戶說明","","4.補助大專校院辦理能資源管理及環境安全衛生計畫經費5,000千元。","","","","","","","true","","",""
"5120010904","資訊與科技教育行政及督導","6,994,334","01","校園安全衛生管理及環境教育推動計畫","2000","業務費","","","用途別一級","41017","","","","","","","","","","",""
"5120010904","資訊與科技教育行政及督導","6,994,334","01","校園安全衛生管理及環境教育推動計畫","2000","業務費","2018","資訊服務費","用途別二級","2880","","","","","","","","","","",""
"5120010904","資訊與科技教育行政及督導","6,994,334","01","校園安全衛生管理及環境教育推動計畫","2000","業務費","2033","約用人員酬金","用途別二級","6060","","","","","","","","","","",""
"5120010904","資訊與科技教育行政及督導","6,994,334","01","校園安全衛生管理及環境教育推動計畫","2000","業務費","2036","按日按件計資酬金","用途別二級","600","","","","","","","","","","",""
"5120010904","資訊與科技教育行政及督導","6,994,334","01","校園安全衛生管理及環境教育推動計畫","2000","業務費","2039","委辦費","用途別二級","30677","","","","","","","","","","",""
"5120010904","資訊與科技教育行政及督導","6,994,334","01","校園安全衛生管理及環境教育推動計畫","2000","業務費","2054","一般事務費","用途別二級","200","","","","","","","","","","",""
"5120010904","資訊與科技教育行政及督導","6,994,334","01","校園安全衛生管理及環境教育推動計畫","2000","業務費","2072","國內旅費","用途別二級","600","","","","","","","","","","",""
"5120010904","資訊與科技教育行政及督導","6,994,334","01","校園安全衛生管理及環境教育推動計畫","3000","設備及投資","","","用途別一級","3000","","","","","","","","","","",""
"5120010904","資訊與科技教育行政及督導","6,994,334","01","校園安全衛生管理及環境教育推動計畫","3000","設備及投資","3030","資訊軟硬體設備費","用途別二級","500","","","","","","","","","","",""
"5120010904","資訊與科技教育行政及督導","6,994,334","01","校園安全衛生管理及環境教育推動計畫","3000","設備及投資","3045","投資","用途別二級","2500","","","","","","","","","","",""
"5120010904","資訊與科技教育行政及督導","6,994,334","01","校園安全衛生管理及環境教育推動計畫","4000","獎補助費","","","用途別一級","30151","","","","","","","","","","",""
"5120010904","資訊與科技教育行政及督導","6,994,334","01","校園安全衛生管理及環境教育推動計畫","4000","獎補助費","4025","政府機關間之補助","用途別二級","1130","","","","","","","","","","",""
"5120010904","資訊與科技教育行政及督導","6,994,334","01","校園安全衛生管理及環境教育推動計畫","4000","獎補助費","4030","對特種基金之補助","用途別二級","20000","5.依據本部與國立成功大學訂定之環境資源研究管理中心興建及營運工作計畫契約書所訂，協助各級學校依法妥善處理有害事業廢棄物，定額補助固定操作維護經費20,000千元。","8","","","","","","","","",""
"5120010904","資訊與科技教育行政及督導","6,994,334","01","校園安全衛生管理及環境教育推動計畫","","","","","未歸戶說明","","6.辦理校園節能減碳輔導、節能減碳人員培訓、辦理學校設置太陽光電發電設備輔導等經費5,860千元。","","","","","","","true","","",""
"5120010904","資訊與科技教育行政及督導","6,994,334","01","校園安全衛生管理及環境教育推動計畫","4000","獎補助費","4040","對國內團體之捐助","用途別二級","2521","","","","","","","","","","",""
"5120010904","資訊與科技教育行政及督導","6,994,334","01","校園安全衛生管理及環境教育推動計畫","4000","獎補助費","4045","對私校之獎助","用途別二級","6500","","","","","","","","","","",""
"5120010904","資訊與科技教育行政及督導","6,994,334","02","資通訊安全管理及防護","","","","","分支計畫","149367","","","","","","","","","","",""
"5120010904","資訊與科技教育行政及督導","6,994,334","02","資通訊安全管理及防護","","","","","未歸戶說明","","1.辦理本部資通安全防護服務、資訊安全管理制度認證與輔導服務、不當資訊防護系統營運服務、教育機構資訊安全及個人資料保護管理制度驗證中心計畫、進階持續性威脅（APT）防護系統及資安設備硬體暨授權等經費92,647千元。","","","","","","","true","","",""
"5120010904","資訊與科技教育行政及督導","6,994,334","02","資通訊安全管理及防護","","","","","未歸戶說明","","2.教育單位網站資安弱點掃描防護、臺灣學術網路危機處理中心營運、北區資訊安全維運中心（N-ASOC）、南區資訊安全維運中心（S-ASOC）、資訊安全訊息分析交換中心（A-ISAC）暨縣市網資訊安全維護中心（Mini-SOC）維運與服務計畫以及資訊安全防護設備汰換等經費56,720千元。","","","","","","","true","","",""
"5120010904","資訊與科技教育行政及督導","6,994,334","02","資通訊安全管理及防護","2000","業務費","","","用途別一級","80140","","","","","","","","","","",""
"5120010904","資訊與科技教育行政及督導","6,994,334","02","資通訊安全管理及防護","2000","業務費","2018","資訊服務費","用途別二級","43114","","","","","","","","","","",""
"5120010904","資訊與科技教育行政及督導","6,994,334","02","資通訊安全管理及防護","2000","業務費","2036","按日按件計資酬金","用途別二級","350","","","","","","","","","","",""
"5120010904","資訊與科技教育行政及督導","6,994,334","02","資通訊安全管理及防護","2000","業務費","2039","委辦費","用途別二級","34206","","","","","","","","","","",""
"5120010904","資訊與科技教育行政及督導","6,994,334","02","資通訊安全管理及防護","2000","業務費","2054","一般事務費","用途別二級","2160","","","","","","","","","","",""
"5120010904","資訊與科技教育行政及督導","6,994,334","02","資通訊安全管理及防護","2000","業務費","2072","國內旅費","用途別二級","310","","","","","","","","","","",""
"5120010904","資訊與科技教育行政及督導","6,994,334","02","資通訊安全管理及防護","3000","設備及投資","","","用途別一級","30854","","","","","","","","","","",""
"5120010904","資訊與科技教育行政及督導","6,994,334","02","資通訊安全管理及防護","3000","設備及投資","3030","資訊軟硬體設備費","用途別二級","14700","","","","","","","","","","",""
"5120010904","資訊與科技教育行政及督導","6,994,334","02","資通訊安全管理及防護","3000","設備及投資","3045","投資","用途別二級","16154","","","","","","","","","","",""
"5120010904","資訊與科技教育行政及督導","6,994,334","02","資通訊安全管理及防護","4000","獎補助費","","","用途別一級","38373","","","","","","","","","","",""
"5120010904","資訊與科技教育行政及督導","6,994,334","02","資通訊安全管理及防護","4000","獎補助費","4030","對特種基金之補助","用途別二級","38373","","","","","","","","","","",""
"5120010904","資訊與科技教育行政及督導","6,994,334","03","全國學術電腦資訊服務及電腦網路基礎維運","","","","","分支計畫","676818","","","","","","","","","","",""
"5120010904","資訊與科技教育行政及督導","6,994,334","03","全國學術電腦資訊服務及電腦網路基礎維運","","","","","未歸戶說明","","1.辦理臺灣學術網路（TANet）骨幹電路及網路中心基本維運等相關行政業務經費203,423千元，包括：(1)臺灣學術網路（TANet）國際與國內（含離島）骨幹及各電腦網路電路費202,351千元。","","","","","","","true","","",""
"5120010904","資訊與科技教育行政及督導","6,994,334","03","全國學術電腦資訊服務及電腦網路基礎維運","","","","","未歸戶說明","","(2)骨幹電腦網路應用管理機制經費1,072千元。","","","","","","","true","","",""
"5120010904","資訊與科技教育行政及督導","6,994,334","03","全國學術電腦資訊服務及電腦網路基礎維運","","","","","未歸戶說明","","2.辦理本部運作臺灣學術網路（TANet）骨幹相關服務與所需軟硬體更新及維護、備份備援與網路維運及學術網路資訊研討推廣等相關行政業務經費312,438千元，包括：(1)網路語音維運服務計畫、無線網路漫遊交換技術研究中心營運服務計畫、教育學術研究骨幹網路頻寬效能提升計畫—100G骨幹網路服務維護案等經費108,296千元。","","","","","","","true","","",""
"5120010904","資訊與科技教育行政及督導","6,994,334","03","全國學術電腦資訊服務及電腦網路基礎維運","","","","","未歸戶說明","","(2)本部暨臺灣學術網路骨幹路由器（Router）、機房設備、TANet電路設備維運、電腦弱點掃描軟體、儲存設備、網路異地備援設備、防火牆設備等其他軟硬體更新案及學術網路機房電費等經費115,312千元。","","","","","","","true","","",""
"5120010904","資訊與科技教育行政及督導","6,994,334","03","全國學術電腦資訊服務及電腦網路基礎維運","","","","","未歸戶說明","","(3)全國計算機會議、各級學校辦理學術網路教育應用活動及學術網路資訊研討推廣等經費3,830千元。","","","","","","","true","","",""
"5120010904","資訊與科技教育行政及督導","6,994,334","03","全國學術電腦資訊服務及電腦網路基礎維運","","","","","未歸戶說明","","(5)本部及所屬公務機關（構）資訊基礎環境向上集中之雲端整合平臺相關維運經費80,000千元。","","","","","","","true","","",""
"5120010904","資訊與科技教育行政及督導","6,994,334","03","全國學術電腦資訊服務及電腦網路基礎維運","","","","","未歸戶說明","","3.補助臺灣學術網路（TANet）13區域網路中心研究發展、運作、管理等經費36,498千元。","","","","","","","true","","",""
"5120010904","資訊與科技教育行政及督導","6,994,334","03","全國學術電腦資訊服務及電腦網路基礎維運","","","","","未歸戶說明","","4.本部機房、伺服主機、網路設備及辦公電腦等相關設備新增、汰換及維運經費50,725千元，包括：(1)本部機房及各單位辦公室電腦設備維護經費21,490千元。","","","","","","","true","","",""
"5120010904","資訊與科技教育行政及督導","6,994,334","03","全國學術電腦資訊服務及電腦網路基礎維運","","","","","未歸戶說明","","(2)本部機房不斷電系統（UPS）及電力空調消防系統維護經費1,150千元。","","","","","","","true","","",""
"5120010904","資訊與科技教育行政及督導","6,994,334","03","全國學術電腦資訊服務及電腦網路基礎維運","","","","","未歸戶說明","","(3)本部網路優化及維運服務經費13,944千元。","","","","","","","true","","",""
"5120010904","資訊與科技教育行政及督導","6,994,334","03","全國學術電腦資訊服務及電腦網路基礎維運","2000","業務費","","","用途別一級","469609","","","","","","","","","","",""
"5120010904","資訊與科技教育行政及督導","6,994,334","03","全國學術電腦資訊服務及電腦網路基礎維運","2000","業務費","2006","水電費","用途別二級","12000","","","","","","","","","","",""
"5120010904","資訊與科技教育行政及督導","6,994,334","03","全國學術電腦資訊服務及電腦網路基礎維運","2000","業務費","2009","通訊費","用途別二級","202350","","","","","","","","","","",""
"5120010904","資訊與科技教育行政及督導","6,994,334","03","全國學術電腦資訊服務及電腦網路基礎維運","2000","業務費","2018","資訊服務費","用途別二級","227802","","","","","","","","","","",""
"5120010904","資訊與科技教育行政及督導","6,994,334","03","全國學術電腦資訊服務及電腦網路基礎維運","2000","業務費","2027","保險費","用途別二級","230","","","","","","","","","","",""
"5120010904","資訊與科技教育行政及督導","6,994,334","03","全國學術電腦資訊服務及電腦網路基礎維運","2000","業務費","2036","按日按件計資酬金","用途別二級","640","","","","","","","","","","",""
"5120010904","資訊與科技教育行政及督導","6,994,334","03","全國學術電腦資訊服務及電腦網路基礎維運","2000","業務費","2039","委辦費","用途別二級","23130","","","","","","","","","","",""
"5120010904","資訊與科技教育行政及督導","6,994,334","03","全國學術電腦資訊服務及電腦網路基礎維運","2000","業務費","2051","物品","用途別二級","3000","(4)本部各單位電腦週邊設備及耗材經費3,000千元。","12","","","","","","","","",""
"5120010904","資訊與科技教育行政及督導","6,994,334","03","全國學術電腦資訊服務及電腦網路基礎維運","","","","","未歸戶說明","","(5)本部各單位辦公電腦相關設備汰換及新增經費10,691千元。","","","","","","","true","","",""
"5120010904","資訊與科技教育行政及督導","6,994,334","03","全國學術電腦資訊服務及電腦網路基礎維運","","","","","未歸戶說明","","(6)本部電子郵件相關維運經費450千元。","","","","","","","true","","",""
"5120010904","資訊與科技教育行政及督導","6,994,334","03","全國學術電腦資訊服務及電腦網路基礎維運","","","","","未歸戶說明","","5.維運教育體系身分認證服務、提升雲端服務效能、辦理中央網路輔導團相關網路基礎環境檢視輔導等經費73,734千元。","","","","","","","true","","",""
"5120010904","資訊與科技教育行政及督導","6,994,334","03","全國學術電腦資訊服務及電腦網路基礎維運","2000","業務費","2054","一般事務費","用途別二級","30","","","","","","","","","","",""
"5120010904","資訊與科技教育行政及督導","6,994,334","03","全國學術電腦資訊服務及電腦網路基礎維運","2000","業務費","2069","設施及機械設備養護費","用途別二級","25","","","","","","","","","","",""
"5120010904","資訊與科技教育行政及督導","6,994,334","03","全國學術電腦資訊服務及電腦網路基礎維運","2000","業務費","2072","國內旅費","用途別二級","300","","","","","","","","","","",""
"5120010904","資訊與科技教育行政及督導","6,994,334","03","全國學術電腦資訊服務及電腦網路基礎維運","2000","業務費","2078","國外旅費","用途別二級","72","","","","","","","","","","",""
"5120010904","資訊與科技教育行政及督導","6,994,334","03","全國學術電腦資訊服務及電腦網路基礎維運","2000","業務費","2084","短程車資","用途別二級","30","","","","","","","","","","",""
"5120010904","資訊與科技教育行政及督導","6,994,334","03","全國學術電腦資訊服務及電腦網路基礎維運","3000","設備及投資","","","用途別一級","165240","","","","","","","","","","",""
"5120010904","資訊與科技教育行政及督導","6,994,334","03","全國學術電腦資訊服務及電腦網路基礎維運","3000","設備及投資","3030","資訊軟硬體設備費","用途別二級","163410","","","","","","","","","","",""
"5120010904","資訊與科技教育行政及督導","6,994,334","03","全國學術電腦資訊服務及電腦網路基礎維運","3000","設備及投資","3045","投資","用途別二級","1830","","","","","","","","","","",""
"5120010904","資訊與科技教育行政及督導","6,994,334","03","全國學術電腦資訊服務及電腦網路基礎維運","4000","獎補助費","","","用途別一級","41969","","","","","","","","","","",""
"5120010904","資訊與科技教育行政及督導","6,994,334","03","全國學術電腦資訊服務及電腦網路基礎維運","4000","獎補助費","4030","對特種基金之補助","用途別二級","41919","","","","","","","","","","",""
"5120010904","資訊與科技教育行政及督導","6,994,334","03","全國學術電腦資訊服務及電腦網路基礎維運","4000","獎補助費","4040","對國內團體之捐助","用途別二級","50","","","","","","","","","","",""
"5120010904","資訊與科技教育行政及督導","6,994,334","04","資訊系統及網站維運業務","","","","","分支計畫","72419","","","","","","","","","","",""
"5120010904","資訊與科技教育行政及督導","6,994,334","04","資訊系統及網站維運業務","2000","業務費","","","用途別一級","55419","","","","","","","","","","",""
"5120010904","資訊與科技教育行政及督導","6,994,334","04","資訊系統及網站維運業務","2000","業務費","2003","教育訓練費","用途別二級","935","1.辦理本部各類應用系統教育訓練、使用說明及本部同仁資訊類教育訓練等經費935千元。","1","","","","","","","","",""
"5120010904","資訊與科技教育行政及督導","6,994,334","04","資訊系統及網站維運業務","2000","業務費","2018","資訊服務費","用途別二級","25632","2.辦理本部差勤系統、預算執行管制系統、薪資所得稅管理系統、原住民身分電子查驗管理服務平臺、內控系統、會議室系統、弱勢助學、就學貸款等各類業務資訊系統與平臺之開發建置、改版、擴充及維運經費18,269千元。3.辦理本部及部屬機關（構）與公私立大專校院公文電子交換、公文製作、公文管理、檔案管理、影像管理、系統源碼檢測等行政電腦化系統之建置、擴充、整合、維運及服務作業經費9,200千元。4.辦理本部中文網站、英文資訊網等網站維運與擴充作業經費2,763千元。","","","","","","","","","false","true"
"5120010904","資訊與科技教育行政及督導","6,994,334","04","資訊系統及網站維運業務","2000","業務費","2033","約用人員酬金","用途別二級","20406","5.辦理教育行政業務電腦化規劃推動、諮詢及輔導作業，以及強化資訊系統開發、設計、維運及管理之能量，提升系統與網站之服務品質，推動資訊業務處理人力等所需經費20,406千元。","5","","","","","","","","",""
"5120010904","資訊與科技教育行政及督導","6,994,334","04","資訊系統及網站維運業務","2000","業務費","2036","按日按件計資酬金","用途別二級","300","6.辦理各縣市政府地方教育發展基金會計系統增修、維護、資訊處理等相關經費4,792千元。7.因應法令或政策業務推動之資訊處理或資訊系統維護相關作業所需經費4,703千元。8.辦理本部各單位辦公室自動化作業等相關軟體使用授權事宜所需經費3,515千元。9.辦理本部及各級學校資訊管理相關業務經費1,836千元，包括：(1)辦理各級學校資訊管理相關推廣活動經費1,313千元。(2)辦理資訊管理應用系統開發經費523千元。","","true","","","","","","","","true"
"5120010904","資訊與科技教育行政及督導","6,994,334","04","資訊系統及網站維運業務","2000","業務費","2039","委辦費","用途別二級","7149","6.辦理各縣市政府地方教育發展基金會計系統增修、維護、資訊處理等相關經費4,792千元。7.因應法令或政策業務推動之資訊處理或資訊系統維護相關作業所需經費4,703千元。8.辦理本部各單位辦公室自動化作業等相關軟體使用授權事宜所需經費3,515千元。9.辦理本部及各級學校資訊管理相關業務經費1,836千元，包括：(1)辦理各級學校資訊管理相關推廣活動經費1,313千元。(2)辦理資訊管理應用系統開發經費523千元。","","true","","","","","","","","true"
"5120010904","資訊與科技教育行政及督導","6,994,334","04","資訊系統及網站維運業務","2000","業務費","2051","物品","用途別二級","500","6.辦理各縣市政府地方教育發展基金會計系統增修、維護、資訊處理等相關經費4,792千元。7.因應法令或政策業務推動之資訊處理或資訊系統維護相關作業所需經費4,703千元。8.辦理本部各單位辦公室自動化作業等相關軟體使用授權事宜所需經費3,515千元。9.辦理本部及各級學校資訊管理相關業務經費1,836千元，包括：(1)辦理各級學校資訊管理相關推廣活動經費1,313千元。(2)辦理資訊管理應用系統開發經費523千元。","","true","","","","","","","","true"
"5120010904","資訊與科技教育行政及督導","6,994,334","04","資訊系統及網站維運業務","2000","業務費","2072","國內旅費","用途別二級","336","6.辦理各縣市政府地方教育發展基金會計系統增修、維護、資訊處理等相關經費4,792千元。7.因應法令或政策業務推動之資訊處理或資訊系統維護相關作業所需經費4,703千元。8.辦理本部各單位辦公室自動化作業等相關軟體使用授權事宜所需經費3,515千元。9.辦理本部及各級學校資訊管理相關業務經費1,836千元，包括：(1)辦理各級學校資訊管理相關推廣活動經費1,313千元。(2)辦理資訊管理應用系統開發經費523千元。","","true","","","","","","","","true"
"5120010904","資訊與科技教育行政及督導","6,994,334","04","資訊系統及網站維運業務","2000","業務費","2084","短程車資","用途別二級","161","6.辦理各縣市政府地方教育發展基金會計系統增修、維護、資訊處理等相關經費4,792千元。7.因應法令或政策業務推動之資訊處理或資訊系統維護相關作業所需經費4,703千元。8.辦理本部各單位辦公室自動化作業等相關軟體使用授權事宜所需經費3,515千元。9.辦理本部及各級學校資訊管理相關業務經費1,836千元，包括：(1)辦理各級學校資訊管理相關推廣活動經費1,313千元。(2)辦理資訊管理應用系統開發經費523千元。","","true","","","","","","","","true"
"5120010904","資訊與科技教育行政及督導","6,994,334","04","資訊系統及網站維運業務","3000","設備及投資","","","用途別一級","11000","6.辦理各縣市政府地方教育發展基金會計系統增修、維護、資訊處理等相關經費4,792千元。7.因應法令或政策業務推動之資訊處理或資訊系統維護相關作業所需經費4,703千元。8.辦理本部各單位辦公室自動化作業等相關軟體使用授權事宜所需經費3,515千元。9.辦理本部及各級學校資訊管理相關業務經費1,836千元，包括：(1)辦理各級學校資訊管理相關推廣活動經費1,313千元。(2)辦理資訊管理應用系統開發經費523千元。","","true","","","","","","","","true"
"5120010904","資訊與科技教育行政及督導","6,994,334","04","資訊系統及網站維運業務","3000","設備及投資","3030","資訊軟硬體設備費","用途別二級","11000","6.辦理各縣市政府地方教育發展基金會計系統增修、維護、資訊處理等相關經費4,792千元。7.因應法令或政策業務推動之資訊處理或資訊系統維護相關作業所需經費4,703千元。8.辦理本部各單位辦公室自動化作業等相關軟體使用授權事宜所需經費3,515千元。9.辦理本部及各級學校資訊管理相關業務經費1,836千元，包括：(1)辦理各級學校資訊管理相關推廣活動經費1,313千元。(2)辦理資訊管理應用系統開發經費523千元。","","true","","","","","","","","true"
"5120010904","資訊與科技教育行政及督導","6,994,334","04","資訊系統及網站維運業務","4000","獎補助費","","","用途別一級","6000","10.補助民間團體辦理學校資訊服務相關競賽業務經費6,000千元。","11","true","","","","","","","",""
"5120010904","資訊與科技教育行政及督導","6,994,334","04","資訊系統及網站維運業務","4000","獎補助費","4040","對國內團體之捐助","用途別二級","6000","10.補助民間團體辦理學校資訊服務相關競賽業務經費6,000千元。","11","true","","","","","","","",""
"5120010904","資訊與科技教育行政及督導","6,994,334","05","資訊科技融入教學","","","","","分支計畫","2201210","","","","","","","","","","",""
"5120010904","資訊與科技教育行政及督導","6,994,334","05","資訊科技融入教學","","","","","未歸戶說明","","1.賡續推動中小學數位學習等經費1,754,103千元，包括：(1)補助本部轄管中小學教師及學生學習用行動載具（含載具管理系統）、行動充電車、無線網路等推動數位學習所需之硬體設備更新（汰換）等經費1,046,236千元（含原住民族教育經費48,325千元）。","","","","","","","true","","",""
"5120010904","資訊與科技教育行政及督導","6,994,334","05","資訊科技融入教學","","","","","未歸戶說明","","(2)充實中小學數位學習內容，藉由公私協力及部會合作，開發生動活潑的數位內容，並依據教師教學需求，補助縣市與學校數位內容和教學軟體，活絡教學動能，實施多元教學模式等經費423,536千元。","","","","","","","true","","",""
"5120010904","資訊與科技教育行政及督導","6,994,334","05","資訊科技融入教學","","","","","未歸戶說明","","(3)辦理中小學教師數位學習、自主學習增能研習、講師培訓經費以及教師參與培訓與減授課所需代課鐘點費，組織教師社群，規劃相關主題交流活動，結合數位工具與資源普及應用等經費95,434千元。","","","","","","","true","","",""
"5120010904","資訊與科技教育行政及督導","6,994,334","05","資訊科技融入教學","","","","","未歸戶說明","","(4)支援地方政府推動數位學習所需人力與運作經費，落實中小學學習載具管理、數位學習平臺使用、網路規劃與調校、親師生數位學習社群經營、數位教學特色發展等工作，協助適性學習和自主學習導入，以及學習成效評估等經費56,035千元。","","","","","","","true","","",""
"5120010904","資訊與科技教育行政及督導","6,994,334","05","資訊科技融入教學","","","","","未歸戶說明","","(5)結合大專校院資源，協助大學生與國中小學生應用數位工具線上學習和交流，提升學童學習興趣與成效等經費62,562千元。","","","","","","","true","","",""
"5120010904","資訊與科技教育行政及督導","6,994,334","05","資訊科技融入教學","","","","","未歸戶說明","","(6)維運並優化教育大數據資料庫，以大數據分析做為學生學習難點偵測、教師教學模式改變等依據，針對親師生持續研發數位知能、教學、領導指引及推廣等經費70,300千元。","","","","","","","true","","",""
"5120010904","資訊與科技教育行政及督導","6,994,334","05","資訊科技融入教學","","","","","未歸戶說明","","2.辦理資訊科技融入教學輔導與督導推廣，管控各計畫執行進度與成果蒐集，建立跨校、跨領域的溝通機制，分層辦理各項工作，提升推動效益，並規劃辦理相關競賽與推廣活動等經費81,831千元。","","","","","","","true","","",""
"5120010904","資訊與科技教育行政及督導","6,994,334","05","資訊科技融入教學","","","","","未歸戶說明","","3.辦理新一代AI學習系統規格導入教學與學習，強化科技領域AI素養，研發系統與數位內容規格、審查及學習分析機制，設計AI素養課程及教材，規劃辦理相關課程、活動推廣、各領域教學法等經費210,000千元。","","","","","","","true","","",""
"5120010904","資訊與科技教育行政及督導","6,994,334","05","資訊科技融入教學","","","","","未歸戶說明","","4.辦理生成式AI應用於行政與教學，建置可信任及適用教育體系之生成式AI模型，透過高頻率對話流量及教育相關資料等，優化AI模型服務功能與效能，提供全國教師於行政業務推動和數位教學與學習應用等經費64,562千元。","","","","","","","true","","",""
"5120010904","資訊與科技教育行政及督導","6,994,334","05","資訊科技融入教學","","","","","未歸戶說明","","5.辦理教育雲2.0人工智慧應用於教學與學習，在既有的基礎上，穩健經營且積極創新，應用人工智慧和大型語言模型技術，升級、優化教育雲一站式服務，輔助教師教學與應用，並開發在地化教育用可信賴的大型人工智慧對話引擎（EDU-TAIDE）模型等經費46,714千元。","","","","","","","true","","",""
"5120010904","資訊與科技教育行政及督導","6,994,334","05","資訊科技融入教學","","","","","未歸戶說明","","6.應用新科技於課堂教學，導入沉浸式科技教材與學習空間，研發適當領域之主題示範課程及教學模式，促進新科技教學轉型、學生體驗教育、虛擬互動學習等經費22,000千元。","","","","","","","true","","",""
"5120010904","資訊與科技教育行政及督導","6,994,334","05","資訊科技融入教學","","","","","未歸戶說明","","7.推動學生安全健康上網教育，建置及維運學生安全健康上網、網路素養之相關網站，開發中小學教學資源，強化學生對資訊素養的認知與落實等經費14,000千元。","","","","","","","true","","",""
"5120010904","資訊與科技教育行政及督導","6,994,334","05","資訊科技融入教學","","","","","未歸戶說明","","8.推動運算思維，鼓勵學校及教師引導學生參與多元學習活動提升對於運算思維的正確認知，培養學生應用資訊科技與運算思維解決問題之能力等經費8,000千元。","","","","","","","true","","",""
"5120010904","資訊與科技教育行政及督導","6,994,334","05","資訊科技融入教學","2000","業務費","","","用途別一級","822155","","","","","","","","","","",""
"5120010904","資訊與科技教育行政及督導","6,994,334","05","資訊科技融入教學","2000","業務費","2018","資訊服務費","用途別二級","75622","","","","","","","","","","",""
"5120010904","資訊與科技教育行政及督導","6,994,334","05","資訊科技融入教學","2000","業務費","2033","約用人員酬金","用途別二級","8350","","","","","","","","","","",""
"5120010904","資訊與科技教育行政及督導","6,994,334","05","資訊科技融入教學","2000","業務費","2036","按日按件計資酬金","用途別二級","1180","","","","","","","","","","",""
"5120010904","資訊與科技教育行政及督導","6,994,334","05","資訊科技融入教學","2000","業務費","2039","委辦費","用途別二級","734663","","","","","","","","","","",""
"5120010904","資訊與科技教育行政及督導","6,994,334","05","資訊科技融入教學","2000","業務費","2054","一般事務費","用途別二級","600","","","","","","","","","","",""
"5120010904","資訊與科技教育行政及督導","6,994,334","05","資訊科技融入教學","2000","業務費","2072","國內旅費","用途別二級","1600","","","","","","","","","","",""
"5120010904","資訊與科技教育行政及督導","6,994,334","05","資訊科技融入教學","2000","業務費","2078","國外旅費","用途別二級","130","","","","","","","","","","",""
"5120010904","資訊與科技教育行政及督導","6,994,334","05","資訊科技融入教學","2000","業務費","2084","短程車資","用途別二級","10","","","","","","","","","","",""
"5120010904","資訊與科技教育行政及督導","6,994,334","05","資訊科技融入教學","3000","設備及投資","","","用途別一級","829462","","","","","","","","","","",""
"5120010904","資訊與科技教育行政及督導","6,994,334","05","資訊科技融入教學","3000","設備及投資","3030","資訊軟硬體設備費","用途別二級","64092","","","","","","","","","","",""
"5120010904","資訊與科技教育行政及督導","6,994,334","05","資訊科技融入教學","3000","設備及投資","3045","投資","用途別二級","765370","","","","","","","","","","",""
"5120010904","資訊與科技教育行政及督導","6,994,334","05","資訊科技融入教學","4000","獎補助費","","","用途別一級","549593","","","","","","","","","","",""
"5120010904","資訊與科技教育行政及督導","6,994,334","05","資訊科技融入教學","4000","獎補助費","4025","政府機關間之補助","用途別二級","71000","","","","","","","","","","",""
"5120010904","資訊與科技教育行政及督導","6,994,334","05","資訊科技融入教學","4000","獎補助費","4030","對特種基金之補助","用途別二級","93074","","","","","","","","","","",""
"5120010904","資訊與科技教育行政及督導","6,994,334","05","資訊科技融入教學","4000","獎補助費","4040","對國內團體之捐助","用途別二級","28000","","","","","","","","","","",""
"5120010904","資訊與科技教育行政及督導","6,994,334","05","資訊科技融入教學","4000","獎補助費","4045","對私校之獎助","用途別二級","357519","","","","","","","","","","",""
"5120010904","資訊與科技教育行政及督導","6,994,334","06","偏鄉數位培力推動計畫","","","","","分支計畫","121017","","","","","","","","","","",""
"5120010904","資訊與科技教育行政及督導","6,994,334","06","偏鄉數位培力推動計畫","","","","","未歸戶說明","","1.推動數位多元教學與學習經費42,640千元（含原住民族教育經費3,543千元），包括：(1)結合大專院校服務，培育大專校院學生自我管理、社會服務、品德提升與數位關懷精神，發揮線上陪伴與學習服務能量，提升大專校院學生社會服務與數位關懷精神。","","","","","","","true","","",""
"5120010904","資訊與科技教育行政及督導","6,994,334","06","偏鄉數位培力推動計畫","","","","","未歸戶說明","","2.提升及推廣資訊應用與技能經費71,727千元，包括：(1)辦理生活應用、資訊安全、新興科技及社群經營等課程，推廣數位學習平臺，介接部會線上學習資源，提供多元學習管道與課程，增進民眾自主數位學習能力。","","","","","","","true","","",""
"5120010904","資訊與科技教育行政及督導","6,994,334","06","偏鄉數位培力推動計畫","","","","","未歸戶說明","","3.推動在地特色發展經費6,650千元，包括：(1)透過資訊課程結合在地特色，並導入新興科技製作數位內容，推廣地方文化之數位保存、傳承及創新應用。","","","","","","","true","","",""
"5120010904","資訊與科技教育行政及督導","6,994,334","06","偏鄉數位培力推動計畫","2000","業務費","","","用途別一級","71527","","","","","","","","","","",""
"5120010904","資訊與科技教育行政及督導","6,994,334","06","偏鄉數位培力推動計畫","2000","業務費","2036","按日按件計資酬金","用途別二級","224","","","","","","","","","","",""
"5120010904","資訊與科技教育行政及督導","6,994,334","06","偏鄉數位培力推動計畫","2000","業務費","2039","委辦費","用途別二級","70927","","","","","","","","","","",""
"5120010904","資訊與科技教育行政及督導","6,994,334","06","偏鄉數位培力推動計畫","2000","業務費","2054","一般事務費","用途別二級","76","","","","","","","","","","",""
"5120010904","資訊與科技教育行政及督導","6,994,334","06","偏鄉數位培力推動計畫","2000","業務費","2072","國內旅費","用途別二級","300","","","","","","","","","","",""
"5120010904","資訊與科技教育行政及督導","6,994,334","06","偏鄉數位培力推動計畫","3000","設備及投資","","","用途別一級","800","","","","","","","","","","",""
"5120010904","資訊與科技教育行政及督導","6,994,334","06","偏鄉數位培力推動計畫","3000","設備及投資","3030","資訊軟硬體設備費","用途別二級","800","","","","","","","","","","",""
"5120010904","資訊與科技教育行政及督導","6,994,334","06","偏鄉數位培力推動計畫","4000","獎補助費","","","用途別一級","48690","","","","","","","","","","",""
"5120010904","資訊與科技教育行政及督導","6,994,334","06","偏鄉數位培力推動計畫","4000","獎補助費","4030","對特種基金之補助","用途別二級","29120","","","","","","","","","","",""
"5120010904","資訊與科技教育行政及督導","6,994,334","06","偏鄉數位培力推動計畫","4000","獎補助費","4040","對國內團體之捐助","用途別二級","6050","","","","","","","","","","",""
"5120010904","資訊與科技教育行政及督導","6,994,334","06","偏鄉數位培力推動計畫","4000","獎補助費","4045","對私校之獎助","用途別二級","13520","","","","","","","","","","",""
"5120010904","資訊與科技教育行政及督導","6,994,334","07","科技教育計畫","","","","","分支計畫","1045673","","","","","","","","","","",""
"5120010904","資訊與科技教育行政及督導","6,994,334","07","科技教育計畫","","","","","未歸戶說明","","1.推動人文社科教育先導計畫，數位人文跨域人才智慧領航計畫，強化人社領域師生應用數位智慧科技及量化分析技術，並融入人文關懷和批判思考，協助高教創新發展具人文社科系院特色之數位人文系列課群，培育師生跨域溝通與能體現人文社科價值之數位創新能力等經費31,838千元。","","","","","","","true","","",""
"5120010904","資訊與科技教育行政及督導","6,994,334","07","科技教育計畫","","","","","未歸戶說明","","2.配合五大信賴產業、國家希望工程-創新經濟、智慧國家，推動重點產業科技教育先導計畫，包括智慧創新關鍵人才躍升計畫、下世代行動通訊技術人才培育計畫、智慧製造人才培育計畫、跨域智慧晶片設計人才培育計畫、跨領域資通訊安全人才培育計畫、大學校院動物實驗替代科技人才培育計畫、高齡科技產業跨領域新創人才培育計畫、先進製程IC設計人才培育計畫、智慧健康產業跨領域生技人才培育計畫、淨零永續能源跨域應用人才培育計畫、人工智慧跨域應用與實務創新人才培育計畫、智慧雨林產業創生計畫等，補助大專校院成立教學資源中心或跨校聯盟、發展並開授重點領域及問題導向課（學）程、形塑人才培育社群、建立實作平臺及教學實驗室、推動產學交流、辦理創意應用專題競賽、參與國際競賽及交流活動、建構著重應用場域體驗、實作及做中學之人才培育模式等經費740,812千元。","","","","","","","true","","",""
"5120010904","資訊與科技教育行政及督導","6,994,334","07","科技教育計畫","","","","","未歸戶說明","","3.推動人文及科技跨領域教育先導計畫，包括人文社會與產業實務創新鏈結計畫、智慧社會跨領域人才培力計畫、第二期新工程教育方法實驗與建構計畫等經費153,045千元，包括：(1)回應當代社會與經濟發展需求，鼓勵形塑工程教育核心能力養成創新模式，並強化人社領域院系與產業界合作鏈結，結合產業及社會實務與實際問題，推動跨校、跨域產學交流合作，辦理競賽及國際交流活動，培育具備產業職能、解決問題之跨域人才；另以產業所需能力，推動大學人文社會系所專業課程與教學調整及分類重構等經費143,045千元。","","","","","","","true","","",""
"5120010904","資訊與科技教育行政及督導","6,994,334","07","科技教育計畫","","","","","未歸戶說明","","(2)配合新南向政策，對焦新南向國家學習需求，開發數位學習服務10,000千元。","","","","","","","true","","",""
"5120010904","資訊與科技教育行政及督導","6,994,334","07","科技教育計畫","","","","","未歸戶說明","","4.因應數位時代及網路化社會的發展，推動大專校院網路學習品質提升、推展開放教育與平臺服務，鼓勵數位資源應用與分享等經費21,198千元，包括：(1)辦理數位學習專班審核及數位學習認證審查，建立數位學習推展參考資源、規準與指標；經營及優化數位學習平臺，提供大學數位學習成果開放分享及再利用等經費17,698千元。","","","","","","","true","","",""
"5120010904","資訊與科技教育行政及督導","6,994,334","07","科技教育計畫","","","","","未歸戶說明","","(2)補助推展開放教育，參與國際組織，導入國際經驗並推廣我國推動成果等經費3,500千元。","","","","","","","true","","",""
"5120010904","資訊與科技教育行政及督導","6,994,334","07","科技教育計畫","","","","","未歸戶說明","","5.辦理各項科技教育計畫之推動規劃、申請說明會、徵件審查、制訂評估規範、計畫管理與查訪、成果彙整與績效評估，建立共同平臺、發行電子報等經費73,340千元。","","","","","","","true","","",""
"5120010904","資訊與科技教育行政及督導","6,994,334","07","科技教育計畫","","","","","未歸戶說明","","6.辦理各先導型計畫之諮詢、審查、訪視、考核、旅運及短程車資等經費18,460千元。","","","","","","","true","","",""
"5120010904","資訊與科技教育行政及督導","6,994,334","07","科技教育計畫","2000","業務費","","","用途別一級","116478","","","","","","","","","","",""
"5120010904","資訊與科技教育行政及督導","6,994,334","07","科技教育計畫","2000","業務費","2033","約用人員酬金","用途別二級","6980","7.辦理人文社科教育先導計畫、重點產業科技教育先導計畫、人文及科技跨領域教育先導計畫之總體企劃、推動及因應業務所需人力等相關經費6,980千元。","9","","","","","","","","",""
"5120010904","資訊與科技教育行政及督導","6,994,334","07","科技教育計畫","2000","業務費","2036","按日按件計資酬金","用途別二級","9578","","","","","","","","","","",""
"5120010904","資訊與科技教育行政及督導","6,994,334","07","科技教育計畫","2000","業務費","2039","委辦費","用途別二級","91038","","","","","","","","","","",""
"5120010904","資訊與科技教育行政及督導","6,994,334","07","科技教育計畫","2000","業務費","2051","物品","用途別二級","1600","","","","","","","","","","",""
"5120010904","資訊與科技教育行政及督導","6,994,334","07","科技教育計畫","2000","業務費","2054","一般事務費","用途別二級","2982","","","","","","","","","","",""
"5120010904","資訊與科技教育行政及督導","6,994,334","07","科技教育計畫","2000","業務費","2072","國內旅費","用途別二級","1700","","","","","","","","","","",""
"5120010904","資訊與科技教育行政及督導","6,994,334","07","科技教育計畫","2000","業務費","2078","國外旅費","用途別二級","100","","","","","","","","","","",""
"5120010904","資訊與科技教育行政及督導","6,994,334","07","科技教育計畫","2000","業務費","2084","短程車資","用途別二級","2500","","","","","","","","","","",""
"5120010904","資訊與科技教育行政及督導","6,994,334","07","科技教育計畫","3000","設備及投資","","","用途別一級","146847","","","","","","","","","","",""
"5120010904","資訊與科技教育行政及督導","6,994,334","07","科技教育計畫","3000","設備及投資","3045","投資","用途別二級","146847","","","","","","","","","","",""
"5120010904","資訊與科技教育行政及督導","6,994,334","07","科技教育計畫","4000","獎補助費","","","用途別一級","782348","","","","","","","","","","",""
"5120010904","資訊與科技教育行政及督導","6,994,334","07","科技教育計畫","4000","獎補助費","4025","政府機關間之補助","用途別二級","800","","","","","","","","","","",""
"5120010904","資訊與科技教育行政及督導","6,994,334","07","科技教育計畫","4000","獎補助費","4030","對特種基金之補助","用途別二級","544711","","","","","","","","","","",""
"5120010904","資訊與科技教育行政及督導","6,994,334","07","科技教育計畫","4000","獎補助費","4040","對國內團體之捐助","用途別二級","2700","","","","","","","","","","",""
"5120010904","資訊與科技教育行政及督導","6,994,334","07","科技教育計畫","4000","獎補助費","4045","對私校之獎助","用途別二級","234137","","","","","","","","","","",""
"5120010904","資訊與科技教育行政及督導","6,994,334","08","氣候變遷調適與防災教育及永","","","","","分支計畫","2653662","","","","","","","","","","",""
"5120010904","資訊與科技教育行政及督導","6,994,334","08","氣候變遷調適與防災教育及永","","","","","未歸戶說明","","1.配合行政院推動氣候變遷調適政策，成立防災及氣候變遷教育推動精進規劃、執行成效等相關工作計畫團隊經費20,589千元，包括：(1)推動中央、地方政府與學校防災計畫整體策略規劃，及地方政府防災教育輔導團、服務推廣團運作機制、幼教、特殊教育計畫推動。","","","","","","","true","","",""
"5120010904","資訊與科技教育行政及督導","6,994,334","08","氣候變遷調適與防災教育及永","","","","","未歸戶說明","","2.補助大專校院辦理氣候變遷教學活動計畫，以提升氣候變遷知能及培育氣候變遷人才所需經費2,000千元。","","","","","","","true","","",""
"5120010904","資訊與科技教育行政及督導","6,994,334","08","氣候變遷調適與防災教育及永","2000","業務費","","","用途別一級","39932","","","","","","","","","","",""
"5120010904","資訊與科技教育行政及督導","6,994,334","08","氣候變遷調適與防災教育及永","2000","業務費","2018","資訊服務費","用途別二級","2530","","","","","","","","","","",""
"5120010904","資訊與科技教育行政及督導","6,994,334","08","氣候變遷調適與防災教育及永","2000","業務費","2036","按日按件計資酬金","用途別二級","700","","","","","","","","","","",""
"5120010904","資訊與科技教育行政及督導","6,994,334","08","氣候變遷調適與防災教育及永","2000","業務費","2039","委辦費","用途別二級","35642","","","","","","","","","","",""
"5120010904","資訊與科技教育行政及督導","6,994,334","08","氣候變遷調適與防災教育及永","2000","業務費","2051","物品","用途別二級","100","","","","","","","","","","",""
"5120010904","資訊與科技教育行政及督導","6,994,334","08","氣候變遷調適與防災教育及永","2000","業務費","2054","一般事務費","用途別二級","200","","","","","","","","","","",""
"5120010904","資訊與科技教育行政及督導","6,994,334","08","氣候變遷調適與防災教育及永","2000","業務費","2072","國內旅費","用途別二級","600","3.補助防災校園建置、成立服務推廣團、產業與科技應用、教育宣導與推廣活動（含網路平臺推廣及行銷）、強化防災素養及災害應變能力、推動在地化課程與校園災害防救計畫（含疏散避難演練）等，建置服務推廣團隊、教育宣導推廣活動及產業科技應用專案計畫經費28,072千元（含媒體政策及業務宣導費600千元）。","7","","","","","","","","",""
"5120010904","資訊與科技教育行政及督導","6,994,334","08","氣候變遷調適與防災教育及永","","","","","未歸戶說明","","4.因應全球氣候變遷策略朝向積極淨零碳排的趨勢，以及我國2050年淨零碳排的宣示，透過物聯網（IoT）賦予校園各個角落神經網絡，蒐集即時環境資訊，打造無界教室之效果，型塑智慧化氣候友善校園20,000千元等所需經費，包括：(1)辦理建構智慧化氣候友善校園先導型計畫，透過物聯網進行校園環境監測及碳盤查，並運用監測資訊與碳盤查數據來推動校園減碳相關工作；培養師生氣候變遷與永續發展教育素養，以系統性思維與能力，採取氣候行動及落實減碳，強化校園師生環境永續概念。","","","","","","","true","","",""
"5120010904","資訊與科技教育行政及督導","6,994,334","08","氣候變遷調適與防災教育及永","","","","","未歸戶說明","","5.維護校園樹木資訊平臺及氣候變遷教學資訊平臺，提供查詢公立高級中等以下學校樹木地圖資訊，樹木圖鑑及匯出統計報表服務，協助教師發展與分享氣候變遷教學活動設計與教學資源等經費2,200千元。","","","","","","","true","","",""
"5120010904","資訊與科技教育行政及督導","6,994,334","08","氣候變遷調適與防災教育及永","","","","","未歸戶說明","","6.依據行政院113年7月8日召開研商電價優惠及前期政策因素凍漲差額由各主管機關編列預算事宜會議結論，辦理台灣電力股份有限公司優惠公私立大專校院教學用電電費補貼，包括補貼該公司減收學校用電優惠及電價凍漲差額2,580,801千元。","","","","","","","true","","",""
"5120010904","資訊與科技教育行政及督導","6,994,334","08","氣候變遷調適與防災教育及永","2000","業務費","2078","國外旅費","用途別二級","60","","","","","","","","","","",""
"5120010904","資訊與科技教育行政及督導","6,994,334","08","氣候變遷調適與防災教育及永","2000","業務費","2084","短程車資","用途別二級","100","","","","","","","","","","",""
"5120010904","資訊與科技教育行政及督導","6,994,334","08","氣候變遷調適與防災教育及永","3000","設備及投資","","","用途別一級","13600","","","","","","","","","","",""
"5120010904","資訊與科技教育行政及督導","6,994,334","08","氣候變遷調適與防災教育及永","3000","設備及投資","3030","資訊軟硬體設備費","用途別二級","3000","","","","","","","","","","",""
"5120010904","資訊與科技教育行政及督導","6,994,334","08","氣候變遷調適與防災教育及永","3000","設備及投資","3045","投資","用途別二級","10600","","","","","","","","","","",""
"5120010904","資訊與科技教育行政及督導","6,994,334","08","氣候變遷調適與防災教育及永","4000","獎補助費","","","用途別一級","2600130","","","","","","","","","","",""
"5120010904","資訊與科技教育行政及督導","6,994,334","08","氣候變遷調適與防災教育及永","4000","獎補助費","4025","政府機關間之補助","用途別二級","2329","","","","","","","","","","",""
"5120010904","資訊與科技教育行政及督導","6,994,334","08","氣候變遷調適與防災教育及永","4000","獎補助費","4030","對特種基金之補助","用途別二級","2590801","","","","","","","","","","",""
"5120010904","資訊與科技教育行政及督導","6,994,334","08","氣候變遷調適與防災教育及永","4000","獎補助費","4045","對私校之獎助","用途別二級","7000","","","","","","","","","","",""
"5120010908","國際及兩岸教育交流","3,617,147","01","辦理國際教育活動業務","","","","","分支計畫","101553","","","","","","","","","","",""
"5120010908","國際及兩岸教育交流","3,617,147","01","辦理國際教育活動業務","","","","","未歸戶說明","","1.辦理與重點區域國家洽簽教育協定與備忘錄，深化本部與國外各項教育學術交流合作事項所需經費72,710千元，包括：(1)推動「臺灣研究講座」計畫（含新南向國家）及網站維運費60,870千元。","","","","","","","true","","",""
"5120010908","國際及兩岸教育交流","3,617,147","01","辦理國際教育活動業務","","","","","未歸戶說明","","(2)依據「中美教育文化交換計畫協定」與美國共同推動傅爾布萊特臺美文教合作及交換學人等計畫經費11,840千元。","","","","","","","true","","",""
"5120010908","國際及兩岸教育交流","3,617,147","01","辦理國際教育活動業務","","","","","未歸戶說明","","2.結合駐外館處推動雙邊或多邊教育論壇或會議，尋求與外國高等教育機構合作所需經費28,843千元，包括：(1)駐外館處於轄區推動教育交流業務、補助國內大專校院辦理或派送代表出國參與雙邊教育論壇或會議、積極參與國際組織研提計畫、繳交亞太大學交流會（UMAP）與國際教育組織（EI）會費及相關宣導經費22,312千元（含媒體政策及業務宣導費800千元）。","","","","","","","true","","",""
"5120010908","國際及兩岸教育交流","3,617,147","01","辦理國際教育活動業務","2000","業務費","","","用途別一級","18950","","","","","","","","","","",""
"5120010908","國際及兩岸教育交流","3,617,147","01","辦理國際教育活動業務","2000","業務費","2003","教育訓練費","用途別二級","3602","","","","","","","","","","",""
"5120010908","國際及兩岸教育交流","3,617,147","01","辦理國際教育活動業務","2000","業務費","2027","保險費","用途別二級","10","","","","","","","","","","",""
"5120010908","國際及兩岸教育交流","3,617,147","01","辦理國際教育活動業務","2000","業務費","2036","按日按件計資酬金","用途別二級","826","","","","","","","","","","",""
"5120010908","國際及兩岸教育交流","3,617,147","01","辦理國際教育活動業務","2000","業務費","2039","委辦費","用途別二級","2607","","","","","","","","","","",""
"5120010908","國際及兩岸教育交流","3,617,147","01","辦理國際教育活動業務","2000","業務費","2051","物品","用途別二級","4103","","","","","","","","","","",""
"5120010908","國際及兩岸教育交流","3,617,147","01","辦理國際教育活動業務","2000","業務費","2054","一般事務費","用途別二級","5768","","","","","","","","","","",""
"5120010908","國際及兩岸教育交流","3,617,147","01","辦理國際教育活動業務","2000","業務費","2072","國內旅費","用途別二級","10","","","","","","","","","","",""
"5120010908","國際及兩岸教育交流","3,617,147","01","辦理國際教育活動業務","2000","業務費","2078","國外旅費","用途別二級","2004","(2)赴國外考察、出席會議及執行業務所需經費2,004千元。","4","","","","","","","","",""
"5120010908","國際及兩岸教育交流","3,617,147","01","辦理國際教育活動業務","","","","","未歸戶說明","","(3)委託國內大學校院擔任亞太經濟合作會議（APEC）教育發展分組（EDNET）資深幕僚作業所需經費644千元。","","","","","","","true","","",""
"5120010908","國際及兩岸教育交流","3,617,147","01","辦理國際教育活動業務","","","","","未歸戶說明","","(4)辦理具駐外資格人員國內語文課程、補助駐地語言進修、選送赴國外語文訓練、返國培訓及投保「因公赴國外出差綜合保險」等相關經費3,883千元。","","","","","","","true","","",""
"5120010908","國際及兩岸教育交流","3,617,147","01","辦理國際教育活動業務","2000","業務費","2084","短程車資","用途別二級","20","","","","","","","","","","",""
"5120010908","國際及兩岸教育交流","3,617,147","01","辦理國際教育活動業務","4000","獎補助費","","","用途別一級","82603","","","","","","","","","","",""
"5120010908","國際及兩岸教育交流","3,617,147","01","辦理國際教育活動業務","4000","獎補助費","4025","政府機關間之補助","用途別二級","6698","","","","","","","","","","",""
"5120010908","國際及兩岸教育交流","3,617,147","01","辦理國際教育活動業務","4000","獎補助費","4030","對特種基金之補助","用途別二級","1095","","","","","","","","","","",""
"5120010908","國際及兩岸教育交流","3,617,147","01","辦理國際教育活動業務","4000","獎補助費","4035","對外之捐助","用途別二級","72650","","","","","","","","","","",""
"5120010908","國際及兩岸教育交流","3,617,147","01","辦理國際教育活動業務","4000","獎補助費","4040","對國內團體之捐助","用途別二級","60","","","","","","","","","","",""
"5120010908","國際及兩岸教育交流","3,617,147","01","辦理國際教育活動業務","4000","獎補助費","4045","對私校之獎助","用途別二級","1400","","","","","","","","","","",""
"5120010908","國際及兩岸教育交流","3,617,147","01","辦理國際教育活動業務","4000","獎補助費","4050","對學生之獎助","用途別二級","700","","","","","","","","","","",""
"5120010908","國際及兩岸教育交流","3,617,147","02","邀請國際教育人士來臺訪問計畫","","","","","分支計畫","10040","","","","","","","","","","",""
"5120010908","國際及兩岸教育交流","3,617,147","02","邀請國際教育人士來臺訪問計畫","2000","業務費","","","用途別一級","10040","本項計需經費10,040千元，其內容如下：","0","true","","","","","","","",""
"5120010908","國際及兩岸教育交流","3,617,147","02","邀請國際教育人士來臺訪問計畫","","","","","未歸戶說明","","1.為開拓國際交流管道，創造各項教育合作機會，並配合新南向政策，辦理及邀請國際重要教育人士訪臺（含歐盟官員來臺參與臺灣研究研討會）與各國駐臺機構之各項交流會議或活動等經費8,776千元。","","","","","","","true","","",""
"5120010908","國際及兩岸教育交流","3,617,147","02","邀請國際教育人士來臺訪問計畫","","","","","未歸戶說明","","2.辦理邀請國際教育人士來臺訪問及所需人力等經費1,264千元。","","","","","","","true","","",""
"5120010908","國際及兩岸教育交流","3,617,147","02","邀請國際教育人士來臺訪問計畫","2000","業務費","2021","其他業務租金","用途別二級","843","","","","","","","","","","",""
"5120010908","國際及兩岸教育交流","3,617,147","02","邀請國際教育人士來臺訪問計畫","2000","業務費","2027","保險費","用途別二級","67","","","","","","","","","","",""
"5120010908","國際及兩岸教育交流","3,617,147","02","邀請國際教育人士來臺訪問計畫","2000","業務費","2033","約用人員酬金","用途別二級","1214","","","","","","","","","","",""
"5120010908","國際及兩岸教育交流","3,617,147","02","邀請國際教育人士來臺訪問計畫","2000","業務費","2054","一般事務費","用途別二級","7466","","","","","","","","","","",""
"5120010908","國際及兩岸教育交流","3,617,147","02","邀請國際教育人士來臺訪問計畫","2000","業務費","2072","國內旅費","用途別二級","352","","","","","","","","","","",""
"5120010908","國際及兩岸教育交流","3,617,147","02","邀請國際教育人士來臺訪問計畫","2000","業務費","2084","短程車資","用途別二級","98","","","","","","","","","","",""
"5120010908","國際及兩岸教育交流","3,617,147","03","辦理國際華語文教育","","","","","分支計畫","999693","","","","","","","","","","",""
"5120010908","國際及兩岸教育交流","3,617,147","03","辦理國際華語文教育","","","","","未歸戶說明","","1.促進華語文教育產業發展合作，打造華師培育基地，開拓海外華語文市場等經費223,966千元，包括：(1)辦理華語文教材研發、海外需求市場開拓與相關研討會及活動等計畫經費2,042千元。","","","","","","","true","","",""
"5120010908","國際及兩岸教育交流","3,617,147","03","辦理國際華語文教育","","","","","未歸戶說明","","(2)外國教師及學生來臺研習或培訓計畫經費5,730千元。","","","","","","","true","","",""
"5120010908","國際及兩岸教育交流","3,617,147","03","辦理國際華語文教育","","","","","未歸戶說明","","(3)輔導補助國內大學校院辦理海外目標地區華師薦送計畫經費2,100千元。","","","","","","","true","","",""
"5120010908","國際及兩岸教育交流","3,617,147","03","辦理國際華語文教育","","","","","未歸戶說明","","(4)補助華語文教學人員（含教師、教學助理）赴外國學校任教或實習經費208,194千元。","","","","","","","true","","",""
"5120010908","國際及兩岸教育交流","3,617,147","03","辦理國際華語文教育","","","","","未歸戶說明","","(5)推動新南向華語文教育所需經費5,900千元。","","","","","","","true","","",""
"5120010908","國際及兩岸教育交流","3,617,147","03","辦理國際華語文教育","","","","","未歸戶說明","","2.研發辦理華語文相關測驗及認證考試經費72,347千元，包括：(1)辦理及補助華語文測驗研發推廣與海外華語文測驗工作及所需人力等經費66,297千元。","","","","","","","true","","",""
"5120010908","國際及兩岸教育交流","3,617,147","03","辦理國際華語文教育","","","","","未歸戶說明","","(2)辦理對外華語文教學能力認證考試、華師培訓及所需人力等經費6,050千元。","","","","","","","true","","",""
"5120010908","國際及兩岸教育交流","3,617,147","03","辦理國際華語文教育","","","","","未歸戶說明","","3.提供本部華語文獎學金所需經費83,940千元。","","","","","","","true","","",""
"5120010908","國際及兩岸教育交流","3,617,147","03","辦理國際華語文教育","","","","","未歸戶說明","","4.運用海外教育資源，開拓華語文教育據點，補助商借國內教師至海外臺灣學校教學服務經費4,916千元。","","","","","","","true","","",""
"5120010908","國際及兩岸教育交流","3,617,147","03","辦理國際華語文教育","","","","","未歸戶說明","","5.華語教育2030計畫，完善華語文教材、優化華語教師培訓、擴大推動海外華語教育、精進華語數位教學與學習、提升華語教學品質及量能等經費611,524千元（含媒體政策及業務宣導費1,000千元）。","","","","","","","true","","",""
"5120010908","國際及兩岸教育交流","3,617,147","03","辦理國際華語文教育","2000","業務費","","","用途別一級","86900","","","","","","","","","","",""
"5120010908","國際及兩岸教育交流","3,617,147","03","辦理國際華語文教育","2000","業務費","2009","通訊費","用途別二級","10","","","","","","","","","","",""
"5120010908","國際及兩岸教育交流","3,617,147","03","辦理國際華語文教育","2000","業務費","2033","約用人員酬金","用途別二級","5902","","","","","","","","","","",""
"5120010908","國際及兩岸教育交流","3,617,147","03","辦理國際華語文教育","2000","業務費","2036","按日按件計資酬金","用途別二級","2750","","","","","","","","","","",""
"5120010908","國際及兩岸教育交流","3,617,147","03","辦理國際華語文教育","2000","業務費","2039","委辦費","用途別二級","75412","","","","","","","","","","",""
"5120010908","國際及兩岸教育交流","3,617,147","03","辦理國際華語文教育","2000","業務費","2054","一般事務費","用途別二級","2700","","","","","","","","","","",""
"5120010908","國際及兩岸教育交流","3,617,147","03","辦理國際華語文教育","2000","業務費","2072","國內旅費","用途別二級","116","","","","","","","","","","",""
"5120010908","國際及兩岸教育交流","3,617,147","03","辦理國際華語文教育","2000","業務費","2084","短程車資","用途別二級","10","","","","","","","","","","",""
"5120010908","國際及兩岸教育交流","3,617,147","03","辦理國際華語文教育","3000","設備及投資","","","用途別一級","914","","","","","","","","","","",""
"5120010908","國際及兩岸教育交流","3,617,147","03","辦理國際華語文教育","3000","設備及投資","3045","投資","用途別二級","914","","","","","","","","","","",""
"5120010908","國際及兩岸教育交流","3,617,147","03","辦理國際華語文教育","4000","獎補助費","","","用途別一級","911879","","","","","","","","","","",""
"5120010908","國際及兩岸教育交流","3,617,147","03","辦理國際華語文教育","4000","獎補助費","4025","政府機關間之補助","用途別二級","30561","","","","","","","","","","",""
"5120010908","國際及兩岸教育交流","3,617,147","03","辦理國際華語文教育","4000","獎補助費","4030","對特種基金之補助","用途別二級","102372","","","","","","","","","","",""
"5120010908","國際及兩岸教育交流","3,617,147","03","辦理國際華語文教育","4000","獎補助費","4040","對國內團體之捐助","用途別二級","71223","","","","","","","","","","",""
"5120010908","國際及兩岸教育交流","3,617,147","03","辦理國際華語文教育","4000","獎補助費","4045","對私校之獎助","用途別二級","121270","","","","","","","","","","",""
"5120010908","國際及兩岸教育交流","3,617,147","03","辦理國際華語文教育","4000","獎補助費","4050","對學生之獎助","用途別二級","318160","","","","","","","","","","",""
"5120010908","國際及兩岸教育交流","3,617,147","03","辦理國際華語文教育","4000","獎補助費","4090","其他補助及捐助","用途別二級","268293","","","","","","","","","","",""
"5120010908","國際及兩岸教育交流","3,617,147","04","培育宏觀視野國際人才","","","","","分支計畫","1658677","","","","","","","","","","",""
"5120010908","國際及兩岸教育交流","3,617,147","04","培育宏觀視野國際人才","2000","業務費","","","用途別一級","34927","1.配合產業發展及國家人才培育政策，整合規劃公費留學制度並設置多元獎補助措施，辦理公費留學考試、各類獎學金甄試、公費留學生研習、獎助選送學生出國研修或實習、留遊學講座及留學貸款等所需經費34,927千元，包括：(1)試務及座談會場地租金等135千元。","1","","","","","","","","",""
"5120010908","國際及兩岸教育交流","3,617,147","04","培育宏觀視野國際人才","2000","業務費","2021","其他業務租金","用途別二級","135","1.配合產業發展及國家人才培育政策，整合規劃公費留學制度並設置多元獎補助措施，辦理公費留學考試、各類獎學金甄試、公費留學生研習、獎助選送學生出國研修或實習、留遊學講座及留學貸款等所需經費34,927千元，包括：(1)試務及座談會場地租金等135千元。(2)召開考試委員會與諮詢委員會及考試、研習會等經費12,716千元。(3)辦理試務工作所需經費12,061千元（含媒體政策及業務宣導費870千元）。(4)辦理各國交換獎學金計畫及留學輔導所需人力等經費8,015千元。(5)委託財團法人中小企業信用保證基金辦理留學貸款保證作業之費用2,000千元。","1","","","","","true","","","",""
"5120010908","國際及兩岸教育交流","3,617,147","04","培育宏觀視野國際人才","2000","業務費","2033","約用人員酬金","用途別二級","5648","2.鼓勵學生赴國外交流，獎勵公費留學生（含新南向公費留學）國外經費472,128千元，原住民族公費留學生所需經費32,670千元（原住民族教育經費），連同身心障礙公費生所需經費27,885千元，合共532,683千元。3.鼓勵赴世界各國（含新南向國家及北歐國家等特定國家）一流大學留學獎學金225,211千元。4.補助國內大專校院選送在校生赴國外大專校院研修或企業專業實習，並加強選赴新南向國家之產業實習所需經費512,298千元。5.為重點培育高階人才，與世界百大名校合作設置獎學金317,501千元、推動外國政府或團體贈我獎學金計畫3,700千元及本部歐盟獎學金計畫等經費4,800千元，合共326,001千元。","","true","","","","","","","","true"
"5120010908","國際及兩岸教育交流","3,617,147","04","培育宏觀視野國際人才","2000","業務費","2036","按日按件計資酬金","用途別二級","11763","2.鼓勵學生赴國外交流，獎勵公費留學生（含新南向公費留學）國外經費472,128千元，原住民族公費留學生所需經費32,670千元（原住民族教育經費），連同身心障礙公費生所需經費27,885千元，合共532,683千元。3.鼓勵赴世界各國（含新南向國家及北歐國家等特定國家）一流大學留學獎學金225,211千元。4.補助國內大專校院選送在校生赴國外大專校院研修或企業專業實習，並加強選赴新南向國家之產業實習所需經費512,298千元。5.為重點培育高階人才，與世界百大名校合作設置獎學金317,501千元、推動外國政府或團體贈我獎學金計畫3,700千元及本部歐盟獎學金計畫等經費4,800千元，合共326,001千元。","","true","","","","","","","","true"
"5120010908","國際及兩岸教育交流","3,617,147","04","培育宏觀視野國際人才","2000","業務費","2039","委辦費","用途別二級","14061","2.鼓勵學生赴國外交流，獎勵公費留學生（含新南向公費留學）國外經費472,128千元，原住民族公費留學生所需經費32,670千元（原住民族教育經費），連同身心障礙公費生所需經費27,885千元，合共532,683千元。3.鼓勵赴世界各國（含新南向國家及北歐國家等特定國家）一流大學留學獎學金225,211千元。4.補助國內大專校院選送在校生赴國外大專校院研修或企業專業實習，並加強選赴新南向國家之產業實習所需經費512,298千元。5.為重點培育高階人才，與世界百大名校合作設置獎學金317,501千元、推動外國政府或團體贈我獎學金計畫3,700千元及本部歐盟獎學金計畫等經費4,800千元，合共326,001千元。","","true","","","","","","","","true"
"5120010908","國際及兩岸教育交流","3,617,147","04","培育宏觀視野國際人才","2000","業務費","2051","物品","用途別二級","100","2.鼓勵學生赴國外交流，獎勵公費留學生（含新南向公費留學）國外經費472,128千元，原住民族公費留學生所需經費32,670千元（原住民族教育經費），連同身心障礙公費生所需經費27,885千元，合共532,683千元。3.鼓勵赴世界各國（含新南向國家及北歐國家等特定國家）一流大學留學獎學金225,211千元。4.補助國內大專校院選送在校生赴國外大專校院研修或企業專業實習，並加強選赴新南向國家之產業實習所需經費512,298千元。5.為重點培育高階人才，與世界百大名校合作設置獎學金317,501千元、推動外國政府或團體贈我獎學金計畫3,700千元及本部歐盟獎學金計畫等經費4,800千元，合共326,001千元。","","true","","","","","","","","true"
"5120010908","國際及兩岸教育交流","3,617,147","04","培育宏觀視野國際人才","2000","業務費","2054","一般事務費","用途別二級","2367","2.鼓勵學生赴國外交流，獎勵公費留學生（含新南向公費留學）國外經費472,128千元，原住民族公費留學生所需經費32,670千元（原住民族教育經費），連同身心障礙公費生所需經費27,885千元，合共532,683千元。3.鼓勵赴世界各國（含新南向國家及北歐國家等特定國家）一流大學留學獎學金225,211千元。4.補助國內大專校院選送在校生赴國外大專校院研修或企業專業實習，並加強選赴新南向國家之產業實習所需經費512,298千元。5.為重點培育高階人才，與世界百大名校合作設置獎學金317,501千元、推動外國政府或團體贈我獎學金計畫3,700千元及本部歐盟獎學金計畫等經費4,800千元，合共326,001千元。","","true","","","","","","","","true"
"5120010908","國際及兩岸教育交流","3,617,147","04","培育宏觀視野國際人才","2000","業務費","2072","國內旅費","用途別二級","550","2.鼓勵學生赴國外交流，獎勵公費留學生（含新南向公費留學）國外經費472,128千元，原住民族公費留學生所需經費32,670千元（原住民族教育經費），連同身心障礙公費生所需經費27,885千元，合共532,683千元。3.鼓勵赴世界各國（含新南向國家及北歐國家等特定國家）一流大學留學獎學金225,211千元。4.補助國內大專校院選送在校生赴國外大專校院研修或企業專業實習，並加強選赴新南向國家之產業實習所需經費512,298千元。5.為重點培育高階人才，與世界百大名校合作設置獎學金317,501千元、推動外國政府或團體贈我獎學金計畫3,700千元及本部歐盟獎學金計畫等經費4,800千元，合共326,001千元。","","true","","","","","","","","true"
"5120010908","國際及兩岸教育交流","3,617,147","04","培育宏觀視野國際人才","2000","業務費","2081","運費","用途別二級","303","2.鼓勵學生赴國外交流，獎勵公費留學生（含新南向公費留學）國外經費472,128千元，原住民族公費留學生所需經費32,670千元（原住民族教育經費），連同身心障礙公費生所需經費27,885千元，合共532,683千元。3.鼓勵赴世界各國（含新南向國家及北歐國家等特定國家）一流大學留學獎學金225,211千元。4.補助國內大專校院選送在校生赴國外大專校院研修或企業專業實習，並加強選赴新南向國家之產業實習所需經費512,298千元。5.為重點培育高階人才，與世界百大名校合作設置獎學金317,501千元、推動外國政府或團體贈我獎學金計畫3,700千元及本部歐盟獎學金計畫等經費4,800千元，合共326,001千元。","","true","","","","","","","","true"
"5120010908","國際及兩岸教育交流","3,617,147","04","培育宏觀視野國際人才","4000","獎補助費","","","用途別一級","1623750","2.鼓勵學生赴國外交流，獎勵公費留學生（含新南向公費留學）國外經費472,128千元，原住民族公費留學生所需經費32,670千元（原住民族教育經費），連同身心障礙公費生所需經費27,885千元，合共532,683千元。3.鼓勵赴世界各國（含新南向國家及北歐國家等特定國家）一流大學留學獎學金225,211千元。4.補助國內大專校院選送在校生赴國外大專校院研修或企業專業實習，並加強選赴新南向國家之產業實習所需經費512,298千元。5.為重點培育高階人才，與世界百大名校合作設置獎學金317,501千元、推動外國政府或團體贈我獎學金計畫3,700千元及本部歐盟獎學金計畫等經費4,800千元，合共326,001千元。","","true","","","","","","","","true"
"5120010908","國際及兩岸教育交流","3,617,147","04","培育宏觀視野國際人才","4000","獎補助費","4025","政府機關間之補助","用途別二級","5300","6.補助本部駐外機構辦理留學生服務聯繫所需經費5,300千元。","10","","","","","","","","",""
"5120010908","國際及兩岸教育交流","3,617,147","04","培育宏觀視野國際人才","","","","","未歸戶說明","","7.補助留學生就學貸款利息22,257千元。","","","","","","","true","","",""
"5120010908","國際及兩岸教育交流","3,617,147","04","培育宏觀視野國際人才","4000","獎補助費","4050","對學生之獎助","用途別二級","1618450","","","","","","","","","","",""
"5120010908","國際及兩岸教育交流","3,617,147","05","吸引國際學生來臺就學","","","","","分支計畫","830497","","","","","","","","","","",""
"5120010908","國際及兩岸教育交流","3,617,147","05","吸引國際學生來臺就學","2000","業務費","","","用途別一級","33690","","","","","","","","","","",""
"5120010908","國際及兩岸教育交流","3,617,147","05","吸引國際學生來臺就學","2000","業務費","2036","按日按件計資酬金","用途別二級","350","","","","","","","","","","",""
"5120010908","國際及兩岸教育交流","3,617,147","05","吸引國際學生來臺就學","2000","業務費","2039","委辦費","用途別二級","32638","","","","","","","","","","",""
"5120010908","國際及兩岸教育交流","3,617,147","05","吸引國際學生來臺就學","2000","業務費","2054","一般事務費","用途別二級","57","","","","","","","","","","",""
"5120010908","國際及兩岸教育交流","3,617,147","05","吸引國際學生來臺就學","2000","業務費","2072","國內旅費","用途別二級","615","","","","","","","","","","",""
"5120010908","國際及兩岸教育交流","3,617,147","05","吸引國際學生來臺就學","2000","業務費","2084","短程車資","用途別二級","30","","","","","","","","","","",""
"5120010908","國際及兩岸教育交流","3,617,147","05","吸引國際學生來臺就學","4000","獎補助費","","","用途別一級","796807","","","","","","","","","","",""
"5120010908","國際及兩岸教育交流","3,617,147","05","吸引國際學生來臺就學","4000","獎補助費","4005","對直轄市政府之補助","用途別二級","1100","","","","","","","","","","",""
"5120010908","國際及兩岸教育交流","3,617,147","05","吸引國際學生來臺就學","4000","獎補助費","4025","政府機關間之補助","用途別二級","15000","","","","","","","","","","",""
"5120010908","國際及兩岸教育交流","3,617,147","05","吸引國際學生來臺就學","4000","獎補助費","4030","對特種基金之補助","用途別二級","198119","","","","","","","","","","",""
"5120010908","國際及兩岸教育交流","3,617,147","05","吸引國際學生來臺就學","4000","獎補助費","4040","對國內團體之捐助","用途別二級","7048","1.擴大招收國際學生，舉辦臺灣高等教育展及招生工作說明會，精進國際學生學習環境及行銷留學臺灣之優勢，吸引僑生、外國學生來臺就學等相關經費172,157千元，包括：(1)補助財團法人高等教育國際合作基金會及大學校院赴國外舉辦來臺留學教育展，統籌校際特色資源參與美洲（NAFSA）、亞太（APAIE）及歐洲（EAIE）國際教育者年會，推動精進國際學生學習環境及強化留學臺灣宣傳工作，辦理雙邊高教論壇、國際事務主管會議及進行活動宣導經費7,048千元（含媒體政策及業務宣導費1,290千元）。(2)辦理國內大學校院境外設立臺灣教育中心，以及補助新南向國家駐組加強推動與當地官方、學界之教育交流所需經費27,735千元。(3)強化境外學生輔導人員支援體系，擴展大專校院境外學生輔導人員資訊交流平臺，以及協助大專校院建立境外學生接待家庭機制所需經費10,000千元。(4)辦理及補助相關單位赴海外招生、國際學生在臺學習、輔導及活動；補助外國優秀青年來臺研習及實習等相關經費114,386千元。(5)擴充全國大專校院境外生資料管理資訊系統計畫，建置人才庫所需經費9,960千元。(6)辦理臺灣獎學金及華語文獎學金計畫，宣導計畫內容，維護獎學金資料庫平臺，辦理獎學金核撥行政作業，舉辦受獎新生講習、學校輔導人員研習等活動經費3,028千元（含媒體政策及業務宣導費900千元）。","1","","","","","true","","","",""
"5120010908","國際及兩岸教育交流","3,617,147","05","吸引國際學生來臺就學","4000","獎補助費","4045","對私校之獎助","用途別二級","187000","","","","","","","","","","",""
"5120010908","國際及兩岸教育交流","3,617,147","05","吸引國際學生來臺就學","4000","獎補助費","4050","對學生之獎助","用途別二級","388540","2.提供臺灣獎學金，加強人才雙向流動，吸引優秀境外生來臺就讀，提供外國來臺留學獎學金388,540千元，包括：(1)提供臺灣獎學金312,040千元。(2)提供外國研究生來臺短期研究獎學金1,500千元。(3)辦理培英專案，獎補助大學招收外國大學講師來臺攻讀學位經費75,000千元。","7","","","","","true","","","",""
"5120010908","國際及兩岸教育交流","3,617,147","06","辦理港澳及兩岸教育相關事務","","","","","分支計畫","16687","","","","","","","","","","",""
"5120010908","國際及兩岸教育交流","3,617,147","06","辦理港澳及兩岸教育相關事務","","","","","未歸戶說明","","1.補助學校、研究機構與民間團體舉辦兩岸（含港澳）學術研討會、學藝競賽等教育交流活動及辦理兩岸（含港澳）學術教育交流相關會議出席費1,120千元。","","","","","","","true","","",""
"5120010908","國際及兩岸教育交流","3,617,147","06","辦理港澳及兩岸教育相關事務","","","","","未歸戶說明","","2.辦理及補助相關單位赴香港、澳門辦理港澳學生來臺就學招生工作、審查及合作辦學等相關經費1,277千元。","","","","","","","true","","",""
"5120010908","國際及兩岸教育交流","3,617,147","06","辦理港澳及兩岸教育相關事務","","","","","未歸戶說明","","3.補助大陸地區臺商學校與臺灣地區學校交流合作，商借教師至大陸地區臺商學校服務經費12,389千元。","","","","","","","true","","",""
"5120010908","國際及兩岸教育交流","3,617,147","06","辦理港澳及兩岸教育相關事務","","","","","未歸戶說明","","4.補助設置大陸地區臺商學校大學學科能力測驗及英語聽力測驗試場經費1,901千元。","","","","","","","true","","",""
"5120010908","國際及兩岸教育交流","3,617,147","06","辦理港澳及兩岸教育相關事務","2000","業務費","","","用途別一級","514","","","","","","","","","","",""
"5120010908","國際及兩岸教育交流","3,617,147","06","辦理港澳及兩岸教育相關事務","2000","業務費","2036","按日按件計資酬金","用途別二級","120","","","","","","","","","","",""
"5120010908","國際及兩岸教育交流","3,617,147","06","辦理港澳及兩岸教育相關事務","2000","業務費","2039","委辦費","用途別二級","162","","","","","","","","","","",""
"5120010908","國際及兩岸教育交流","3,617,147","06","辦理港澳及兩岸教育相關事務","2000","業務費","2054","一般事務費","用途別二級","212","","","","","","","","","","",""
"5120010908","國際及兩岸教育交流","3,617,147","06","辦理港澳及兩岸教育相關事務","2000","業務費","2072","國內旅費","用途別二級","10","","","","","","","","","","",""
"5120010908","國際及兩岸教育交流","3,617,147","06","辦理港澳及兩岸教育相關事務","2000","業務費","2084","短程車資","用途別二級","10","","","","","","","","","","",""
"5120010908","國際及兩岸教育交流","3,617,147","06","辦理港澳及兩岸教育相關事務","4000","獎補助費","","","用途別一級","16173","","","","","","","","","","",""
"5120010908","國際及兩岸教育交流","3,617,147","06","辦理港澳及兩岸教育相關事務","4000","獎補助費","4030","對特種基金之補助","用途別二級","2773","","","","","","","","","","",""
"5120010908","國際及兩岸教育交流","3,617,147","06","辦理港澳及兩岸教育相關事務","4000","獎補助費","4040","對國內團體之捐助","用途別二級","2091","","","","","","","","","","",""
"5120010908","國際及兩岸教育交流","3,617,147","06","辦理港澳及兩岸教育相關事務","4000","獎補助費","4045","對私校之獎助","用途別二級","11309","","","","","","","","","","",""
"5120018110","國立大學校院校務及附設醫院基金","5,649,523","01","國立大學校院校務基金","","","","","分支計畫","3055585","","","","","","","","","","",""
"5120018110","國立大學校院校務及附設醫院基金","5,649,523","01","國立大學校院校務基金","3000","設備及投資","","","用途別一級","3055585","項計需經費3,055,585千元，係輔助實施國立學校院校務基金（含附設實驗國民小學）之各校房屋興建及設備購置經費，其內容如下：","0","true","","","","","","","",""
"5120018110","國立大學校院校務及附設醫院基金","5,649,523","01","國立大學校院校務基金","3000","設備及投資","3045","投資","用途別二級","3055585","項計需經費3,055,585千元，係輔助實施國立學校院校務基金（含附設實驗國民小學）之各校房屋興建及設備購置經費，其內容如下：","0","true","","","","","","","",""
"5120018110","國立大學校院校務及附設醫院基金","5,649,523","01","國立大學校院校務基金","","","","","未歸戶說明","","1.輔助國立臺灣大學購置圖書儀器設備經費161,906千元。","","","","","","","true","","",""
"5120018110","國立大學校院校務及附設醫院基金","5,649,523","01","國立大學校院校務基金","","","","","未歸戶說明","","2.輔助國立政治大學購置圖書儀器設備經費35,000千元。","","","","","","","true","","",""
"5120018110","國立大學校院校務及附設醫院基金","5,649,523","01","國立大學校院校務基金","","","","","未歸戶說明","","3.輔助國立清華大學購置圖書儀器設備經費27,737千元（含附設實驗國民小學4,065千元）。","","","","","","","true","","",""
"5120018110","國立大學校院校務及附設醫院基金","5,649,523","01","國立大學校院校務基金","","","","","未歸戶說明","","4.輔助國立中興大學國際獸醫防疫人才培訓中心暨獸醫教學醫院大樓新建工程經費78,900千元，國家植物園方舟計畫（第二期）經費68,550千元及購置圖書儀器設備經費83,830千元，合共231,280千元。","","","","","","","true","","",""
"5120018110","國立大學校院校務及附設醫院基金","5,649,523","01","國立大學校院校務基金","","","","","未歸戶說明","","5.輔助國立成功大學購置圖書儀器設備經費54,742千元。","","","","","","","true","","",""
"5120018110","國立大學校院校務及附設醫院基金","5,649,523","01","國立大學校院校務基金","","","","","未歸戶說明","","6.輔助國立中央大學購置圖書儀器設備經費48,000千元。","","","","","","","true","","",""
"5120018110","國立大學校院校務及附設醫院基金","5,649,523","01","國立大學校院校務基金","","","","","未歸戶說明","","7.輔助國立中山大學購置圖書儀器設備經費19,172千元。","","","","","","","true","","",""
"5120018110","國立大學校院校務及附設醫院基金","5,649,523","01","國立大學校院校務基金","","","","","未歸戶說明","","8.輔助國立中正大學購置圖書儀器設備經費50,252千元。","","","","","","","true","","",""
"5120018110","國立大學校院校務及附設醫院基金","5,649,523","01","國立大學校院校務基金","","","","","未歸戶說明","","9.輔助國立臺灣海洋大學購置圖書儀器設備經費44,127千元。","","","","","","","true","","",""
"5120018110","國立大學校院校務及附設醫院基金","5,649,523","01","國立大學校院校務基金","","","","","未歸戶說明","","10.輔助國立東華大學理工學院一館D棟異地興建工程經費212,438千元及購置圖書儀器設備經費45,175千元（含附設實驗國民小學4,000千元），合共257,613千元。","","","","","","","true","","",""
"5120018110","國立大學校院校務及附設醫院基金","5,649,523","01","國立大學校院校務基金","","","","","未歸戶說明","","11.輔助國立暨南國際大學購置圖書儀器設備經費21,000千元。","","","","","","","true","","",""
"5120018110","國立大學校院校務及附設醫院基金","5,649,523","01","國立大學校院校務基金","","","","","未歸戶說明","","12.輔助國立臺北大學購置圖書儀器設備經費16,050千元。","","","","","","","true","","",""
"5120018110","國立大學校院校務及附設醫院基金","5,649,523","01","國立大學校院校務基金","","","","","未歸戶說明","","13.輔助國立嘉義大學購置圖書儀器設備經費27,158千元（含附設實驗國民小學3,158千元）。","","","","","","","true","","",""
"5120018110","國立大學校院校務及附設醫院基金","5,649,523","01","國立大學校院校務基金","","","","","未歸戶說明","","14.輔助國立高雄大學購置圖書儀器設備經費16,250千元。","","","","","","","true","","",""
"5120018110","國立大學校院校務及附設醫院基金","5,649,523","01","國立大學校院校務基金","","","","","未歸戶說明","","15.輔助國立臺東大學購置圖書儀器設備經費23,835千元（含附設實驗國民小學4,075千元）。","","","","","","","true","","",""
"5120018110","國立大學校院校務及附設醫院基金","5,649,523","01","國立大學校院校務基金","","","","","未歸戶說明","","16.輔助國立宜蘭大學購置圖書儀器設備經費47,773千元。","","","","","","","true","","",""
"5120018110","國立大學校院校務及附設醫院基金","5,649,523","01","國立大學校院校務基金","","","","","未歸戶說明","","17.輔助國立聯合大學購置圖書儀器設備經費33,047千元。","","","","","","","true","","",""
"5120018110","國立大學校院校務及附設醫院基金","5,649,523","01","國立大學校院校務基金","","","","","未歸戶說明","","18.輔助國立臺南大學府城校區教學研究大樓新建工程經費218,890千元及購置圖書儀器設備經費28,368千元（含附設實驗國民小學4,800千元），合共247,258千元。","","","","","","","true","","",""
"5120018110","國立大學校院校務及附設醫院基金","5,649,523","01","國立大學校院校務基金","","","","","未歸戶說明","","19.輔助國立屏東大學購置圖書儀器設備經費15,078千元（含附設實驗國民小學2,078千元）。","","","","","","","true","","",""
"5120018110","國立大學校院校務及附設醫院基金","5,649,523","01","國立大學校院校務基金","","","","","未歸戶說明","","20.輔助國立陽明交通大學購置圖書儀器設備經費63,907千元。","","","","","","","true","","",""
"5120018110","國立大學校院校務及附設醫院基金","5,649,523","01","國立大學校院校務基金","","","","","未歸戶說明","","21.輔助國立臺灣師範大學購置圖書儀器設備經費23,965千元。","","","","","","","true","","",""
"5120018110","國立大學校院校務及附設醫院基金","5,649,523","01","國立大學校院校務基金","","","","","未歸戶說明","","22.輔助國立彰化師範大學購置圖書儀器設備經費33,042千元。","","","","","","","true","","",""
"5120018110","國立大學校院校務及附設醫院基金","5,649,523","01","國立大學校院校務基金","","","","","未歸戶說明","","23.輔助國立高雄師範大學購置圖書儀器設備經費40,070千元。","","","","","","","true","","",""
"5120018110","國立大學校院校務及附設醫院基金","5,649,523","01","國立大學校院校務基金","","","","","未歸戶說明","","24.輔助國立臺北教育大學購置圖書儀器設備經費18,262千元（含附設實驗國民小學3,680千元）。","","","","","","","true","","",""
"5120018110","國立大學校院校務及附設醫院基金","5,649,523","01","國立大學校院校務基金","","","","","未歸戶說明","","25.輔助國立臺中教育大學智慧教育大樓新建工程經費16,416千元及購置圖書儀器設備經費20,743千元（含附設實驗國民小學2,800千元），合共37,159千元。","","","","","","","true","","",""
"5120018110","國立大學校院校務及附設醫院基金","5,649,523","01","國立大學校院校務基金","","","","","未歸戶說明","","26.輔助國立臺北藝術大學購置圖書儀器設備經費15,000千元。","","","","","","","true","","",""
"5120018110","國立大學校院校務及附設醫院基金","5,649,523","01","國立大學校院校務基金","","","","","未歸戶說明","","27.輔助國立臺灣藝術大學購置圖書儀器設備經費25,497千元。","","","","","","","true","","",""
"5120018110","國立大學校院校務及附設醫院基金","5,649,523","01","國立大學校院校務基金","","","","","未歸戶說明","","28.輔助國立臺南藝術大學購置圖書儀器設備經費16,464千元。","","","","","","","true","","",""
"5120018110","國立大學校院校務及附設醫院基金","5,649,523","01","國立大學校院校務基金","","","","","未歸戶說明","","29.輔助國立空中大學購置圖書儀器設備經費6,500千元。","","","","","","","true","","",""
"5120018110","國立大學校院校務及附設醫院基金","5,649,523","01","國立大學校院校務基金","","","","","未歸戶說明","","30.輔助國立臺灣科技大學購置圖書儀器設備經費152,426千元。","","","","","","","true","","",""
"5120018110","國立大學校院校務及附設醫院基金","5,649,523","01","國立大學校院校務基金","","","","","未歸戶說明","","31.輔助國立臺北科技大學購置圖書儀器設備經費301,751千元。","","","","","","","true","","",""
"5120018110","國立大學校院校務及附設醫院基金","5,649,523","01","國立大學校院校務基金","","","","","未歸戶說明","","32.輔助國立雲林科技大學購置圖書儀器設備經費64,468千元。","","","","","","","true","","",""
"5120018110","國立大學校院校務及附設醫院基金","5,649,523","01","國立大學校院校務基金","","","","","未歸戶說明","","33.輔助國立虎尾科技大學購置圖書儀器設備經費88,268千元。","","","","","","","true","","",""
"5120018110","國立大學校院校務及附設醫院基金","5,649,523","01","國立大學校院校務基金","","","","","未歸戶說明","","34.輔助國立澎湖科技大學行政大樓新建工程56,646千元及購置圖書儀器設備經費16,608千元，合共73,254千元。","","","","","","","true","","",""
"5120018110","國立大學校院校務及附設醫院基金","5,649,523","01","國立大學校院校務基金","","","","","未歸戶說明","","35.輔助國立勤益科技大學購置圖書儀器設備經費49,326千元。","","","","","","","true","","",""
"5120018110","國立大學校院校務及附設醫院基金","5,649,523","01","國立大學校院校務基金","","","","","未歸戶說明","","36.輔助國立臺北護理健康大學購置圖書儀器設備經費30,975千元。","","","","","","","true","","",""
"5120018110","國立大學校院校務及附設醫院基金","5,649,523","01","國立大學校院校務基金","","","","","未歸戶說明","","37.輔助國立臺中科技大學中護健康學院綜合大樓新建工程經費214,838千元及購置圖書儀器設備經費76,558千元，合共291,396千元。","","","","","","","true","","",""
"5120018110","國立大學校院校務及附設醫院基金","5,649,523","01","國立大學校院校務基金","","","","","未歸戶說明","","38.輔助國立臺北商業大學購置圖書儀器設備經費51,503千元。","","","","","","","true","","",""
"5120018110","國立大學校院校務及附設醫院基金","5,649,523","01","國立大學校院校務基金","","","","","未歸戶說明","","39.輔助國立高雄科技大學購置圖書儀器設備經費106,857千元。","","","","","","","true","","",""
"5120018110","國立大學校院校務及附設醫院基金","5,649,523","01","國立大學校院校務基金","","","","","未歸戶說明","","40.輔助國立體育大學綜合體育館主體暨設施改善工程15,000千元。","","","","","","","true","","",""
"5120018110","國立大學校院校務及附設醫院基金","5,649,523","01","國立大學校院校務基金","","","","","未歸戶說明","","41.輔助國立臺灣體育運動大學長安學區技擊類訓練館新建工程經費88,978千元及購置圖書儀器設備經費16,000千元，合共104,978千元。","","","","","","","true","","",""
"5120018110","國立大學校院校務及附設醫院基金","5,649,523","01","國立大學校院校務基金","","","","","未歸戶說明","","42.輔助國立臺灣戲曲學院內湖校區劇藝教學大樓新建工程經費30,980千元及購置圖書儀器設備經費21,824千元，合共52,804千元。","","","","","","","true","","",""
"5120018110","國立大學校院校務及附設醫院基金","5,649,523","01","國立大學校院校務基金","","","","","未歸戶說明","","43.輔助國立臺南護理專科學校購置圖書儀器設備經費14,739千元。","","","","","","","true","","",""
"5120018110","國立大學校院校務及附設醫院基金","5,649,523","01","國立大學校院校務基金","","","","","未歸戶說明","","44.輔助國立臺東專科學校購置圖書儀器設備經費696千元。","","","","","","","true","","",""
"5120018110","國立大學校院校務及附設醫院基金","5,649,523","02","國立大學附設醫院基金","","","","","分支計畫","2593938","","","","","","","","","","",""
"5120018110","國立大學校院校務及附設醫院基金","5,649,523","02","國立大學附設醫院基金","3000","設備及投資","","","用途別一級","2593938","本項計需經費2,593,938千元，係輔助國立大學附設醫院作業基金之房屋興建及設備購置經費，包括：","0","true","","","","","","","",""
"5120018110","國立大學校院校務及附設醫院基金","5,649,523","02","國立大學附設醫院基金","3000","設備及投資","3045","投資","用途別二級","2593938","本項計需經費2,593,938千元，係輔助國立大學附設醫院作業基金之房屋興建及設備購置經費，包括：","0","true","","","","","","","",""
"5120018110","國立大學校院校務及附設醫院基金","5,649,523","02","國立大學附設醫院基金","","","","","未歸戶說明","","1.輔助國立臺灣大學醫學院附設醫院新竹生物醫學園區分院興建及設備購置經費514,641千元。","","","","","","","true","","",""
"5120018110","國立大學校院校務及附設醫院基金","5,649,523","02","國立大學附設醫院基金","","","","","未歸戶說明","","2.輔助國立成功大學醫學院附設醫院老人醫院暨高齡醫藥智慧照護發展教育中心經費300,000千元及沙崙醫療服務與創新園區第一階段（F區第一期）經費267,447千元，合共567,447千元。","","","","","","","true","","",""
"5120018110","國立大學校院校務及附設醫院基金","5,649,523","02","國立大學附設醫院基金","","","","","未歸戶說明","","3.輔助國立陽明交通大學附設醫院第二期擴建計畫經費1,505,000千元。","","","","","","","true","","",""
"5120019011","交通及運輸設備","1,140","01","汰換公務用車","","","","","分支計畫","1140","","","","","","","","","","",""
"5120019011","交通及運輸設備","1,140","01","汰換公務用車","3000","設備及投資","","","用途別一級","1140","","","","","","","","","","",""
"5120019011","交通及運輸設備","1,140","01","汰換公務用車","3000","設備及投資","3025","運輸設備費","用途別二級","1140","","","","","","","","","","",""
"5120019800","第一預備金","466,292","01","第一預備金","","","","","分支計畫","466292","","","","","","","","","","",""
"5120019800","第一預備金","466,292","01","第一預備金","6000","預備金","","","用途別一級","466292","","","","","","","","","","",""
"5120019800","第一預備金","466,292","01","第一預備金","6000","預備金","6005","第一預備金","用途別二級","466292","","","","","","","","","","",""
"5320011101","國立社教機構創新與發展","25,800","01","輔導國家級演藝團體","","","","","分支計畫","8000","","","","","","","","","","",""
"5320011101","國立社教機構創新與發展","25,800","01","輔導國家級演藝團體","4000","獎補助費","","","用途別一級","8000","本項計需經費8,000千元，係補助與輔導實驗合唱團表演運作與推展藝術教育所需經費。","0","true","","","","","","","",""
"5320011101","國立社教機構創新與發展","25,800","01","輔導國家級演藝團體","4000","獎補助費","4030","對特種基金之補助","用途別二級","8000","本項計需經費8,000千元，係補助與輔導實驗合唱團表演運作與推展藝術教育所需經費。","0","true","","","","","","","",""
"5320011101","國立社教機構創新與發展","25,800","02","推動國立社教機構之創新與發展","","","","","分支計畫","17800","","","","","","","","","","",""
"5320011101","國立社教機構創新與發展","25,800","02","推動國立社教機構之創新與發展","3000","設備及投資","","","用途別一級","15800","","","","","","","","","","",""
"5320011101","國立社教機構創新與發展","25,800","02","推動國立社教機構之創新與發展","3000","設備及投資","3045","投資","用途別二級","15800","","","","","","","","","","",""
"5320011101","國立社教機構創新與發展","25,800","02","推動國立社教機構之創新與發展","4000","獎補助費","","","用途別一級","2000","","","","","","","","","","",""
"5320011101","國立社教機構創新與發展","25,800","02","推動國立社教機構之創新與發展","4000","獎補助費","4030","對特種基金之補助","用途別二級","2000","","","","","","","","","","",""
"5320011103","教育部所屬機構維持及發展輔助","1,174,933","01","教育部所屬機構維持及發展輔助","","","","","分支計畫","1174933","","","","","","","","","","",""
"5320011103","教育部所屬機構維持及發展輔助","1,174,933","01","教育部所屬機構維持及發展輔助","4000","獎補助費","","","用途別一級","1174933","本項計需經費1,174,933千元，係輔助納入教育部所屬機構作業基金之各館經費，其內容如下：","0","true","","","","","","","",""
"5320011103","教育部所屬機構維持及發展輔助","1,174,933","01","教育部所屬機構維持及發展輔助","4000","獎補助費","4030","對特種基金之補助","用途別二級","1174933","本項計需經費1,174,933千元，係輔助納入教育部所屬機構作業基金之各館經費，其內容如下：","0","true","","","","","","","",""
"5320011103","教育部所屬機構維持及發展輔助","1,174,933","01","教育部所屬機構維持及發展輔助","","","","","未歸戶說明","","1.輔助國立自然科學博物館經費512,966千元。","","","","","","","true","","",""
"5320011103","教育部所屬機構維持及發展輔助","1,174,933","01","教育部所屬機構維持及發展輔助","","","","","未歸戶說明","","2.輔助國立科學工藝博物館經費203,071千元。","","","","","","","true","","",""
"5320011103","教育部所屬機構維持及發展輔助","1,174,933","01","教育部所屬機構維持及發展輔助","","","","","未歸戶說明","","3.輔助國立海洋生物博物館經費110,840千元。","","","","","","","true","","",""
"5320011103","教育部所屬機構維持及發展輔助","1,174,933","01","教育部所屬機構維持及發展輔助","","","","","未歸戶說明","","4.輔助國立臺灣科學教育館經費119,449千元。","","","","","","","true","","",""
"5320011103","教育部所屬機構維持及發展輔助","1,174,933","01","教育部所屬機構維持及發展輔助","","","","","未歸戶說明","","5.輔助國立臺灣圖書館經費131,577千元。","","","","","","","true","","",""
"5320011103","教育部所屬機構維持及發展輔助","1,174,933","01","教育部所屬機構維持及發展輔助","","","","","未歸戶說明","","6.輔助國立海洋科技博物館經費97,030千元。","","","","","","","true","","",""
"7620012100","學校教職員暨社教機構聘任人員退休撫卹給付","28,797,953","01","學校教職員暨社教機構聘任人員退休撫卹給付","","","","","分支計畫","28797953","","","","","","","","","","",""
"7620012100","學校教職員暨社教機構聘任人員退休撫卹給付","28,797,953","01","學校教職員暨社教機構聘任人員退休撫卹給付","","","","","未歸戶說明","","1.國立專科以上學校與部屬機構教育人員退休金、撫慰金及撫卹金4,222,624千元。","","","","","","","true","","",""
"7620012100","學校教職員暨社教機構聘任人員退休撫卹給付","28,797,953","01","學校教職員暨社教機構聘任人員退休撫卹給付","","","","","未歸戶說明","","2.實施基金之國立專科以上學校與部屬機構公務人員退休金、撫慰金及撫卹金1,460,584千元。","","","","","","","true","","",""
"7620012100","學校教職員暨社教機構聘任人員退休撫卹給付","28,797,953","01","學校教職員暨社教機構聘任人員退休撫卹給付","","","","","未歸戶說明","","3.國立專科以上學校與部屬機構公教人員支領月退休金及領卹遺族子女教育補助費568千元。","","","","","","","true","","",""
"7620012100","學校教職員暨社教機構聘任人員退休撫卹給付","28,797,953","01","學校教職員暨社教機構聘任人員退休撫卹給付","","","","","未歸戶說明","","4.部屬機關（構）及學校公教人員早期退休生活困難年節特別照護金460千元。","","","","","","","true","","",""
"7620012100","學校教職員暨社教機構聘任人員退休撫卹給付","28,797,953","01","學校教職員暨社教機構聘任人員退休撫卹給付","","","","","未歸戶說明","","5.私立學校教師、校長曾任國立學校教師、校長年資應發退休金、撫慰金及撫卹金28,300千元。","","","","","","","true","","",""
"7620012100","學校教職員暨社教機構聘任人員退休撫卹給付","28,797,953","01","學校教職員暨社教機構聘任人員退休撫卹給付","","","","","未歸戶說明","","6.國立高中職（含國立大學附設高中職及附設小學）公教人員退休金、撫慰金、撫卹金及子女教育補助費6,907,470千元。","","","","","","","true","","",""
"7620012100","學校教職員暨社教機構聘任人員退休撫卹給付","28,797,953","01","學校教職員暨社教機構聘任人員退休撫卹給付","1000","人事費","","","用途別一級","12628406","","","","","","","","","","",""
"7620012100","學校教職員暨社教機構聘任人員退休撫卹給付","28,797,953","01","學校教職員暨社教機構聘任人員退休撫卹給付","1000","人事費","1045","退休退職給付","用途別二級","12628406","","","","","","","","","","",""
"7620012100","學校教職員暨社教機構聘任人員退休撫卹給付","28,797,953","01","學校教職員暨社教機構聘任人員退休撫卹給付","4000","獎補助費","","","用途別一級","16169547","7.部屬機關（構）及學校公教人員調降退休所得節省經費挹注退撫基金（優惠存款利息）6,190,056千元。8.依法撥補教育人員退撫基金9,200,000千元。9.補貼國立專科以上學校與部屬機構退休教育人員及實施基金之學校機構退休公務人員優惠存款利息差額257,280千元。10.補貼國立高中職（含國立大學附設高中職及附設小學）退休教育人員及實施基金之學校公務人員優惠存款利息差額522,211千元。","7","","","","","","","true","",""
"7620012100","學校教職員暨社教機構聘任人員退休撫卹給付","28,797,953","01","學校教職員暨社教機構聘任人員退休撫卹給付","","","","","未歸戶說明","","11.公私立學校軍訓教官與護理教師退休金、撫慰金及撫卹金8,400千元（學生事務及特殊教育司）。","","","","","","","true","","",""
"7620012100","學校教職員暨社教機構聘任人員退休撫卹給付","28,797,953","01","學校教職員暨社教機構聘任人員退休撫卹給付","4000","獎補助費","4060","對公保軍保退撫基金之補助及挹注","用途別二級","15390056","","","","","","","","","","",""
"7620012100","學校教職員暨社教機構聘任人員退休撫卹給付","28,797,953","01","學校教職員暨社教機構聘任人員退休撫卹給付","4000","獎補助費","4075","差額補貼","用途別二級","779491","","","","","","","","","","",""