planCode,planName,planBudget,branchCode,branchName,l1Code,l1Name,l2Code,l2Name,level,amount,desc,descIdx,descShared,sumMatched,nameMatched,ambiguous,orphan,multiSum,inferred,inheritedSub,headcount,comboMatched
"5157011100","公費生培育","321,386","01","辦理重點科別培育公費醫師制度","","","","","分支計畫","179522","","","","","","","","","","","",""
"5157011100","公費生培育","321,386","01","辦理重點科別培育公費醫師制度","2000","業務費","","","用途別一級","4000","辦理補（捐）助公私立醫學院管理費、教學用設備與醫學系公費生114學年度下學期581名及115學年度上學期573名公費生待遇、辦理公費生招募、分發管理及輔導相關計畫等，計列179,522千元（含資本門17,952千元）（委辦費4,000千元、對特種基金之補助15,932千元、對私校之獎助10,020千元、對學生之獎助149,570千元）。","0","true","","","","","","","","",""
"5157011100","公費生培育","321,386","01","辦理重點科別培育公費醫師制度","2000","業務費","2039","委辦費","用途別二級","4000","辦理補（捐）助公私立醫學院管理費、教學用設備與醫學系公費生114學年度下學期581名及115學年度上學期573名公費生待遇、辦理公費生招募、分發管理及輔導相關計畫等，計列179,522千元（含資本門17,952千元）（委辦費4,000千元、對特種基金之補助15,932千元、對私校之獎助10,020千元、對學生之獎助149,570千元）。","0","true","","","","","","","","",""
"5157011100","公費生培育","321,386","01","辦理重點科別培育公費醫師制度","4000","獎補助費","","","用途別一級","175522","辦理補（捐）助公私立醫學院管理費、教學用設備與醫學系公費生114學年度下學期581名及115學年度上學期573名公費生待遇、辦理公費生招募、分發管理及輔導相關計畫等，計列179,522千元（含資本門17,952千元）（委辦費4,000千元、對特種基金之補助15,932千元、對私校之獎助10,020千元、對學生之獎助149,570千元）。","0","true","true","","","","","","","",""
"5157011100","公費生培育","321,386","01","辦理重點科別培育公費醫師制度","4000","獎補助費","4030","對特種基金之補助","用途別二級","15932","辦理補（捐）助公私立醫學院管理費、教學用設備與醫學系公費生114學年度下學期581名及115學年度上學期573名公費生待遇、辦理公費生招募、分發管理及輔導相關計畫等，計列179,522千元（含資本門17,952千元）（委辦費4,000千元、對特種基金之補助15,932千元、對私校之獎助10,020千元、對學生之獎助149,570千元）。","0","true","","","","","","","","",""
"5157011100","公費生培育","321,386","01","辦理重點科別培育公費醫師制度","4000","獎補助費","4045","對私校之獎助","用途別二級","10020","辦理補（捐）助公私立醫學院管理費、教學用設備與醫學系公費生114學年度下學期581名及115學年度上學期573名公費生待遇、辦理公費生招募、分發管理及輔導相關計畫等，計列179,522千元（含資本門17,952千元）（委辦費4,000千元、對特種基金之補助15,932千元、對私校之獎助10,020千元、對學生之獎助149,570千元）。","0","true","","","","","","","","",""
"5157011100","公費生培育","321,386","01","辦理重點科別培育公費醫師制度","4000","獎補助費","4050","對學生之獎助","用途別二級","149570","辦理補（捐）助公私立醫學院管理費、教學用設備與醫學系公費生114學年度下學期581名及115學年度上學期573名公費生待遇、辦理公費生招募、分發管理及輔導相關計畫等，計列179,522千元（含資本門17,952千元）（委辦費4,000千元、對特種基金之補助15,932千元、對私校之獎助10,020千元、對學生之獎助149,570千元）。","0","true","","","","","","","","",""
"5157011100","公費生培育","321,386","02","原住民族及離島地區醫事人員養成計畫第五期","","","","","分支計畫","141864","","","","","","","","","","","",""
"5157011100","公費生培育","321,386","02","原住民族及離島地區醫事人員養成計畫第五期","2000","業務費","","","用途別一級","6386","「原住民族及離島地區醫事人員養成計畫第五期」奉行政院110年9月29日院臺衛字第1100029706號函核定，總經費728,097千元，招生期間為111至115年，111至114年度已編列586,233千元，本年度續編最後1年經費141,864千元，係補（捐）助公私立醫學院培育原住民族及離島地區114學年度下學期535名及115學年度上學期519名公費生待遇、教學用設備、辦理甄試事務、輔導訓練與追蹤管理、系統開發費等，計列141,864千元（含資本門12,031千元）（按日按件計資酬金30千元、委辦費5,640千元、一般事務費646千元、國內旅費70千元、資訊軟硬體設備費3,000千元、對特種基金之補助4,975千元、對私校之獎助4,056千元、對學生之獎助123,447千元）（預計投注於原住民族地區50,685千元）。","0","true","true","","","","","","","",""
"5157011100","公費生培育","321,386","02","原住民族及離島地區醫事人員養成計畫第五期","2000","業務費","2036","按日按件計資酬金","用途別二級","30","「原住民族及離島地區醫事人員養成計畫第五期」奉行政院110年9月29日院臺衛字第1100029706號函核定，總經費728,097千元，招生期間為111至115年，111至114年度已編列586,233千元，本年度續編最後1年經費141,864千元，係補（捐）助公私立醫學院培育原住民族及離島地區114學年度下學期535名及115學年度上學期519名公費生待遇、教學用設備、辦理甄試事務、輔導訓練與追蹤管理、系統開發費等，計列141,864千元（含資本門12,031千元）（按日按件計資酬金30千元、委辦費5,640千元、一般事務費646千元、國內旅費70千元、資訊軟硬體設備費3,000千元、對特種基金之補助4,975千元、對私校之獎助4,056千元、對學生之獎助123,447千元）（預計投注於原住民族地區50,685千元）。","0","true","","","","","","","","",""
"5157011100","公費生培育","321,386","02","原住民族及離島地區醫事人員養成計畫第五期","2000","業務費","2039","委辦費","用途別二級","5640","「原住民族及離島地區醫事人員養成計畫第五期」奉行政院110年9月29日院臺衛字第1100029706號函核定，總經費728,097千元，招生期間為111至115年，111至114年度已編列586,233千元，本年度續編最後1年經費141,864千元，係補（捐）助公私立醫學院培育原住民族及離島地區114學年度下學期535名及115學年度上學期519名公費生待遇、教學用設備、辦理甄試事務、輔導訓練與追蹤管理、系統開發費等，計列141,864千元（含資本門12,031千元）（按日按件計資酬金30千元、委辦費5,640千元、一般事務費646千元、國內旅費70千元、資訊軟硬體設備費3,000千元、對特種基金之補助4,975千元、對私校之獎助4,056千元、對學生之獎助123,447千元）（預計投注於原住民族地區50,685千元）。","0","true","","","","","","","","",""
"5157011100","公費生培育","321,386","02","原住民族及離島地區醫事人員養成計畫第五期","2000","業務費","2054","一般事務費","用途別二級","646","「原住民族及離島地區醫事人員養成計畫第五期」奉行政院110年9月29日院臺衛字第1100029706號函核定，總經費728,097千元，招生期間為111至115年，111至114年度已編列586,233千元，本年度續編最後1年經費141,864千元，係補（捐）助公私立醫學院培育原住民族及離島地區114學年度下學期535名及115學年度上學期519名公費生待遇、教學用設備、辦理甄試事務、輔導訓練與追蹤管理、系統開發費等，計列141,864千元（含資本門12,031千元）（按日按件計資酬金30千元、委辦費5,640千元、一般事務費646千元、國內旅費70千元、資訊軟硬體設備費3,000千元、對特種基金之補助4,975千元、對私校之獎助4,056千元、對學生之獎助123,447千元）（預計投注於原住民族地區50,685千元）。","0","true","","","","","","","","",""
"5157011100","公費生培育","321,386","02","原住民族及離島地區醫事人員養成計畫第五期","2000","業務費","2072","國內旅費","用途別二級","70","「原住民族及離島地區醫事人員養成計畫第五期」奉行政院110年9月29日院臺衛字第1100029706號函核定，總經費728,097千元，招生期間為111至115年，111至114年度已編列586,233千元，本年度續編最後1年經費141,864千元，係補（捐）助公私立醫學院培育原住民族及離島地區114學年度下學期535名及115學年度上學期519名公費生待遇、教學用設備、辦理甄試事務、輔導訓練與追蹤管理、系統開發費等，計列141,864千元（含資本門12,031千元）（按日按件計資酬金30千元、委辦費5,640千元、一般事務費646千元、國內旅費70千元、資訊軟硬體設備費3,000千元、對特種基金之補助4,975千元、對私校之獎助4,056千元、對學生之獎助123,447千元）（預計投注於原住民族地區50,685千元）。","0","true","","","","","","","","",""
"5157011100","公費生培育","321,386","02","原住民族及離島地區醫事人員養成計畫第五期","3000","設備及投資","","","用途別一級","3000","「原住民族及離島地區醫事人員養成計畫第五期」奉行政院110年9月29日院臺衛字第1100029706號函核定，總經費728,097千元，招生期間為111至115年，111至114年度已編列586,233千元，本年度續編最後1年經費141,864千元，係補（捐）助公私立醫學院培育原住民族及離島地區114學年度下學期535名及115學年度上學期519名公費生待遇、教學用設備、辦理甄試事務、輔導訓練與追蹤管理、系統開發費等，計列141,864千元（含資本門12,031千元）（按日按件計資酬金30千元、委辦費5,640千元、一般事務費646千元、國內旅費70千元、資訊軟硬體設備費3,000千元、對特種基金之補助4,975千元、對私校之獎助4,056千元、對學生之獎助123,447千元）（預計投注於原住民族地區50,685千元）。","0","true","","","","","","","","",""
"5157011100","公費生培育","321,386","02","原住民族及離島地區醫事人員養成計畫第五期","3000","設備及投資","3030","資訊軟硬體設備費","用途別二級","3000","「原住民族及離島地區醫事人員養成計畫第五期」奉行政院110年9月29日院臺衛字第1100029706號函核定，總經費728,097千元，招生期間為111至115年，111至114年度已編列586,233千元，本年度續編最後1年經費141,864千元，係補（捐）助公私立醫學院培育原住民族及離島地區114學年度下學期535名及115學年度上學期519名公費生待遇、教學用設備、辦理甄試事務、輔導訓練與追蹤管理、系統開發費等，計列141,864千元（含資本門12,031千元）（按日按件計資酬金30千元、委辦費5,640千元、一般事務費646千元、國內旅費70千元、資訊軟硬體設備費3,000千元、對特種基金之補助4,975千元、對私校之獎助4,056千元、對學生之獎助123,447千元）（預計投注於原住民族地區50,685千元）。","0","true","","","","","","","","",""
"5157011100","公費生培育","321,386","02","原住民族及離島地區醫事人員養成計畫第五期","4000","獎補助費","","","用途別一級","132478","「原住民族及離島地區醫事人員養成計畫第五期」奉行政院110年9月29日院臺衛字第1100029706號函核定，總經費728,097千元，招生期間為111至115年，111至114年度已編列586,233千元，本年度續編最後1年經費141,864千元，係補（捐）助公私立醫學院培育原住民族及離島地區114學年度下學期535名及115學年度上學期519名公費生待遇、教學用設備、辦理甄試事務、輔導訓練與追蹤管理、系統開發費等，計列141,864千元（含資本門12,031千元）（按日按件計資酬金30千元、委辦費5,640千元、一般事務費646千元、國內旅費70千元、資訊軟硬體設備費3,000千元、對特種基金之補助4,975千元、對私校之獎助4,056千元、對學生之獎助123,447千元）（預計投注於原住民族地區50,685千元）。","0","true","true","","","","","","","",""
"5157011100","公費生培育","321,386","02","原住民族及離島地區醫事人員養成計畫第五期","4000","獎補助費","4030","對特種基金之補助","用途別二級","4975","「原住民族及離島地區醫事人員養成計畫第五期」奉行政院110年9月29日院臺衛字第1100029706號函核定，總經費728,097千元，招生期間為111至115年，111至114年度已編列586,233千元，本年度續編最後1年經費141,864千元，係補（捐）助公私立醫學院培育原住民族及離島地區114學年度下學期535名及115學年度上學期519名公費生待遇、教學用設備、辦理甄試事務、輔導訓練與追蹤管理、系統開發費等，計列141,864千元（含資本門12,031千元）（按日按件計資酬金30千元、委辦費5,640千元、一般事務費646千元、國內旅費70千元、資訊軟硬體設備費3,000千元、對特種基金之補助4,975千元、對私校之獎助4,056千元、對學生之獎助123,447千元）（預計投注於原住民族地區50,685千元）。","0","true","","","","","","","","",""
"5157011100","公費生培育","321,386","02","原住民族及離島地區醫事人員養成計畫第五期","4000","獎補助費","4045","對私校之獎助","用途別二級","4056","「原住民族及離島地區醫事人員養成計畫第五期」奉行政院110年9月29日院臺衛字第1100029706號函核定，總經費728,097千元，招生期間為111至115年，111至114年度已編列586,233千元，本年度續編最後1年經費141,864千元，係補（捐）助公私立醫學院培育原住民族及離島地區114學年度下學期535名及115學年度上學期519名公費生待遇、教學用設備、辦理甄試事務、輔導訓練與追蹤管理、系統開發費等，計列141,864千元（含資本門12,031千元）（按日按件計資酬金30千元、委辦費5,640千元、一般事務費646千元、國內旅費70千元、資訊軟硬體設備費3,000千元、對特種基金之補助4,975千元、對私校之獎助4,056千元、對學生之獎助123,447千元）（預計投注於原住民族地區50,685千元）。","0","true","","","","","","","","",""
"5157011100","公費生培育","321,386","02","原住民族及離島地區醫事人員養成計畫第五期","4000","獎補助費","4050","對學生之獎助","用途別二級","123447","「原住民族及離島地區醫事人員養成計畫第五期」奉行政院110年9月29日院臺衛字第1100029706號函核定，總經費728,097千元，招生期間為111至115年，111至114年度已編列586,233千元，本年度續編最後1年經費141,864千元，係補（捐）助公私立醫學院培育原住民族及離島地區114學年度下學期535名及115學年度上學期519名公費生待遇、教學用設備、辦理甄試事務、輔導訓練與追蹤管理、系統開發費等，計列141,864千元（含資本門12,031千元）（按日按件計資酬金30千元、委辦費5,640千元、一般事務費646千元、國內旅費70千元、資訊軟硬體設備費3,000千元、對特種基金之補助4,975千元、對私校之獎助4,056千元、對學生之獎助123,447千元）（預計投注於原住民族地區50,685千元）。","0","true","","","","","","","","",""
"5257011710","科技發展工作","1,099,362","01","推動衛生福利科技發展與管理","","","","","分支計畫","70500","","","","","","","","","","","",""
"5257011710","科技發展工作","1,099,362","01","推動衛生福利科技發展與管理","2000","業務費","","","用途別一級","19350","","","","","","","","","","","",""
"5257011710","科技發展工作","1,099,362","01","推動衛生福利科技發展與管理","2000","業務費","2003","教育訓練費","用途別二級","1000","","","","","","","","","","","",""
"5257011710","科技發展工作","1,099,362","01","推動衛生福利科技發展與管理","2000","業務費","2009","通訊費","用途別二級","320","1.辦理衛生福利科技發展與管理業務及相關會議等所需行政費用，計列12,500千元（含資本門150千元）（教育訓練費100千元、通訊費320千元、資訊服務費40千元、保險費400千元、按日按件計資酬金3,000千元、委辦費6,400千元、物品240千元、一般事務費1,200千元、車輛及辦公器具養護費100千元、國內旅費400千元、運費50千元、短程車資100千元、資訊軟硬體設備費100千元、雜項設備費50千元）。","1","true","","","","","","","","",""
"5257011710","科技發展工作","1,099,362","01","推動衛生福利科技發展與管理","2000","業務費","2018","資訊服務費","用途別二級","40","1.辦理衛生福利科技發展與管理業務及相關會議等所需行政費用，計列12,500千元（含資本門150千元）（教育訓練費100千元、通訊費320千元、資訊服務費40千元、保險費400千元、按日按件計資酬金3,000千元、委辦費6,400千元、物品240千元、一般事務費1,200千元、車輛及辦公器具養護費100千元、國內旅費400千元、運費50千元、短程車資100千元、資訊軟硬體設備費100千元、雜項設備費50千元）。","1","true","","","","","","","","",""
"5257011710","科技發展工作","1,099,362","01","推動衛生福利科技發展與管理","2000","業務費","2021","其他業務租金","用途別二級","2000","2.參與籌辦國內外學術、生技醫藥科技展覽，推廣生醫相關法規或環境建置成果等業務及相關會議，計列5,000千元（其他業務租金2,000千元、委辦費3,000千元）。","2","","","true","","","","","","",""
"5257011710","科技發展工作","1,099,362","01","推動衛生福利科技發展與管理","2000","業務費","2027","保險費","用途別二級","400","1.辦理衛生福利科技發展與管理業務及相關會議等所需行政費用，計列12,500千元（含資本門150千元）（教育訓練費100千元、通訊費320千元、資訊服務費40千元、保險費400千元、按日按件計資酬金3,000千元、委辦費6,400千元、物品240千元、一般事務費1,200千元、車輛及辦公器具養護費100千元、國內旅費400千元、運費50千元、短程車資100千元、資訊軟硬體設備費100千元、雜項設備費50千元）。","1","true","","true","","","","","","",""
"5257011710","科技發展工作","1,099,362","01","推動衛生福利科技發展與管理","2000","業務費","2036","按日按件計資酬金","用途別二級","3000","1.辦理衛生福利科技發展與管理業務及相關會議等所需行政費用，計列12,500千元（含資本門150千元）（教育訓練費100千元、通訊費320千元、資訊服務費40千元、保險費400千元、按日按件計資酬金3,000千元、委辦費6,400千元、物品240千元、一般事務費1,200千元、車輛及辦公器具養護費100千元、國內旅費400千元、運費50千元、短程車資100千元、資訊軟硬體設備費100千元、雜項設備費50千元）。","1","true","","true","","","","","","",""
"5257011710","科技發展工作","1,099,362","01","推動衛生福利科技發展與管理","2000","業務費","2039","委辦費","用途別二級","9400","1.辦理衛生福利科技發展與管理業務及相關會議等所需行政費用，計列12,500千元（含資本門150千元）（教育訓練費100千元、通訊費320千元、資訊服務費40千元、保險費400千元、按日按件計資酬金3,000千元、委辦費6,400千元、物品240千元、一般事務費1,200千元、車輛及辦公器具養護費100千元、國內旅費400千元、運費50千元、短程車資100千元、資訊軟硬體設備費100千元、雜項設備費50千元）。","1","true","true","","","","","","","",""
"5257011710","科技發展工作","1,099,362","01","推動衛生福利科技發展與管理","2000","業務費","2051","物品","用途別二級","240","1.辦理衛生福利科技發展與管理業務及相關會議等所需行政費用，計列12,500千元（含資本門150千元）（教育訓練費100千元、通訊費320千元、資訊服務費40千元、保險費400千元、按日按件計資酬金3,000千元、委辦費6,400千元、物品240千元、一般事務費1,200千元、車輛及辦公器具養護費100千元、國內旅費400千元、運費50千元、短程車資100千元、資訊軟硬體設備費100千元、雜項設備費50千元）。","1","true","","","","","","","","",""
"5257011710","科技發展工作","1,099,362","01","推動衛生福利科技發展與管理","2000","業務費","2054","一般事務費","用途別二級","1200","1.辦理衛生福利科技發展與管理業務及相關會議等所需行政費用，計列12,500千元（含資本門150千元）（教育訓練費100千元、通訊費320千元、資訊服務費40千元、保險費400千元、按日按件計資酬金3,000千元、委辦費6,400千元、物品240千元、一般事務費1,200千元、車輛及辦公器具養護費100千元、國內旅費400千元、運費50千元、短程車資100千元、資訊軟硬體設備費100千元、雜項設備費50千元）。","1","true","","","","","","","","",""
"5257011710","科技發展工作","1,099,362","01","推動衛生福利科技發展與管理","2000","業務費","2066","器具養護費","用途別二級","100","1.辦理衛生福利科技發展與管理業務及相關會議等所需行政費用，計列12,500千元（含資本門150千元）（教育訓練費100千元、通訊費320千元、資訊服務費40千元、保險費400千元、按日按件計資酬金3,000千元、委辦費6,400千元、物品240千元、一般事務費1,200千元、車輛及辦公器具養護費100千元、國內旅費400千元、運費50千元、短程車資100千元、資訊軟硬體設備費100千元、雜項設備費50千元）。","1","true","","true","","","","","","",""
"5257011710","科技發展工作","1,099,362","01","推動衛生福利科技發展與管理","2000","業務費","2072","國內旅費","用途別二級","400","1.辦理衛生福利科技發展與管理業務及相關會議等所需行政費用，計列12,500千元（含資本門150千元）（教育訓練費100千元、通訊費320千元、資訊服務費40千元、保險費400千元、按日按件計資酬金3,000千元、委辦費6,400千元、物品240千元、一般事務費1,200千元、車輛及辦公器具養護費100千元、國內旅費400千元、運費50千元、短程車資100千元、資訊軟硬體設備費100千元、雜項設備費50千元）。","1","true","","true","","","","","","",""
"5257011710","科技發展工作","1,099,362","01","推動衛生福利科技發展與管理","2000","業務費","2078","國外旅費","用途別二級","1100","3.參加BIO2026北美生技展及2026年行政院生技產業策略諮議委員會海外場預備會議（pre－BTC），計列621千元；2026歐洲、北美、紐澳及亞太地區數位健康及精準醫療展會，計列479千元，合共1,100千元（國外旅費）。","3","","","true","","","","","","",""
"5257011710","科技發展工作","1,099,362","01","推動衛生福利科技發展與管理","2000","業務費","2081","運費","用途別二級","50","1.辦理衛生福利科技發展與管理業務及相關會議等所需行政費用，計列12,500千元（含資本門150千元）（教育訓練費100千元、通訊費320千元、資訊服務費40千元、保險費400千元、按日按件計資酬金3,000千元、委辦費6,400千元、物品240千元、一般事務費1,200千元、車輛及辦公器具養護費100千元、國內旅費400千元、運費50千元、短程車資100千元、資訊軟硬體設備費100千元、雜項設備費50千元）。","1","true","","true","","","","","","",""
"5257011710","科技發展工作","1,099,362","01","推動衛生福利科技發展與管理","2000","業務費","2084","短程車資","用途別二級","100","1.辦理衛生福利科技發展與管理業務及相關會議等所需行政費用，計列12,500千元（含資本門150千元）（教育訓練費100千元、通訊費320千元、資訊服務費40千元、保險費400千元、按日按件計資酬金3,000千元、委辦費6,400千元、物品240千元、一般事務費1,200千元、車輛及辦公器具養護費100千元、國內旅費400千元、運費50千元、短程車資100千元、資訊軟硬體設備費100千元、雜項設備費50千元）。","1","true","","true","","","","","","",""
"5257011710","科技發展工作","1,099,362","01","推動衛生福利科技發展與管理","3000","設備及投資","","","用途別一級","150","1.辦理衛生福利科技發展與管理業務及相關會議等所需行政費用，計列12,500千元（含資本門150千元）（教育訓練費100千元、通訊費320千元、資訊服務費40千元、保險費400千元、按日按件計資酬金3,000千元、委辦費6,400千元、物品240千元、一般事務費1,200千元、車輛及辦公器具養護費100千元、國內旅費400千元、運費50千元、短程車資100千元、資訊軟硬體設備費100千元、雜項設備費50千元）。","1","true","","","","","","","","",""
"5257011710","科技發展工作","1,099,362","01","推動衛生福利科技發展與管理","3000","設備及投資","3030","資訊軟硬體設備費","用途別二級","100","4.赴歐洲、北美、紐澳、亞太地區先進國家辦理之國際數位健康及精準醫療人才研習或訓練，計列900千元（教育訓練費）。","","true","","","true","","","","","",""
"5257011710","科技發展工作","1,099,362","01","推動衛生福利科技發展與管理","3000","設備及投資","3035","雜項設備費","用途別二級","50","4.赴歐洲、北美、紐澳、亞太地區先進國家辦理之國際數位健康及精準醫療人才研習或訓練，計列900千元（教育訓練費）。","","true","","","true","","","","","",""
"5257011710","科技發展工作","1,099,362","01","推動衛生福利科技發展與管理","4000","獎補助費","","","用途別一級","51000","4.赴歐洲、北美、紐澳、亞太地區先進國家辦理之國際數位健康及精準醫療人才研習或訓練，計列900千元（教育訓練費）。","","true","","","true","","","","","",""
"5257011710","科技發展工作","1,099,362","01","推動衛生福利科技發展與管理","4000","獎補助費","4030","對特種基金之補助","用途別二級","3000","5.補（捐）助學術研究機構、醫療機構、公協學會等辦理科技研究先驅規劃暨實證創新研究，計列35,000千元（對特種基金之補助3,000千元、對國內團體之捐助32,000千元）。","5","","","true","","","","","","",""
"5257011710","科技發展工作","1,099,362","01","推動衛生福利科技發展與管理","4000","獎補助費","4040","對國內團體之捐助","用途別二級","44000","","","","","","","","","","","",""
"5257011710","科技發展工作","1,099,362","01","推動衛生福利科技發展與管理","4000","獎補助費","4045","對私校之獎助","用途別二級","4000","6.捐助學術研究機構、醫療機構、公協學會等辦理國際或區域性科技研討會、科技計畫相關成果之論文發表、科技交流及科技環境建置計畫（含醫藥衛生相關之國際科技合作、人才培訓、科技展覽及建置科技期刊資源提升科技知識普及等），計列16,000千元（對國內團體之捐助12,000千元、對私校之獎助4,000千元）。","6","","","true","","","","","","",""
"5257011710","科技發展工作","1,099,362","02","健康醫藥生技轉譯臨床推動計畫","","","","","分支計畫","110562","","","","","","","","","","","",""
"5257011710","科技發展工作","1,099,362","02","健康醫藥生技轉譯臨床推動計畫","4000","獎補助費","","","用途別一級","110562","健康醫藥生技轉譯臨床推動計畫編列110,562千元，包括「新常態創新臨床試驗環境提升計畫」27,962千元、「健康大數據治理應用計畫」21,000千元、「衛生福利科技管理計畫」36,600千元及「在宅醫療科技推動計畫」25,000千元，其內容如下：","0","true","","","","","","","","",""
"5257011710","科技發展工作","1,099,362","02","健康醫藥生技轉譯臨床推動計畫","4000","獎補助費","4040","對國內團體之捐助","用途別二級","110562","健康醫藥生技轉譯臨床推動計畫編列110,562千元，包括「新常態創新臨床試驗環境提升計畫」27,962千元、「健康大數據治理應用計畫」21,000千元、「衛生福利科技管理計畫」36,600千元及「在宅醫療科技推動計畫」25,000千元，其內容如下：","0","true","","","","","","","","",""
"5257011710","科技發展工作","1,099,362","02","健康醫藥生技轉譯臨床推動計畫","","","","","未歸戶說明","","1.辦理穩健醫療及產業整合推進醫療健康產業創新與鏈結國際計畫，計列27,962千元（含資本門500千元）（對國內團體之捐助）。","","","","","","true","","","","",""
"5257011710","科技發展工作","1,099,362","02","健康醫藥生技轉譯臨床推動計畫","","","","","未歸戶說明","","2.捐助財團法人醫藥品查驗中心，執行「健康大數據之真實世界數據加值應用計畫」，計列11,000千元；辦理健康大數據治理應用協調規劃，計列34,000千元，合共45,000千元（對國內團體之捐助）。","","","","","","true","","","","",""
"5257011710","科技發展工作","1,099,362","02","健康醫藥生技轉譯臨床推動計畫","","","","","未歸戶說明","","3.捐助財團法人醫藥品查驗中心，執行「衛生福利科技政策醫療科技評估計畫」，計列12,600千元；執行「在宅醫療科技推動計畫－建構智慧化在宅醫療生態系」，計列25,000千元，合共37,600千元（對國內團體之捐助）。","","","","","","true","","","","",""
"5257011710","科技發展工作","1,099,362","03","社會福利及統計應用計畫","","","","","分支計畫","57973","","","","","","","","","","","",""
"5257011710","科技發展工作","1,099,362","03","社會福利及統計應用計畫","2000","業務費","","","用途別一級","25106","","","","","","","","","","","",""
"5257011710","科技發展工作","1,099,362","03","社會福利及統計應用計畫","2000","業務費","2009","通訊費","用途別二級","18","1.辦理社會福利線上申請與實證決策模式計畫之性別暴力防治子計畫等，計列8,916千元（含資本門1,216千元）（通訊費18千元、按日按件計資酬金59千元、委辦費7,523千元、一般事務費65千元、國內旅費35千元、資訊軟硬體設備費1,216千元）。","1","true","","","","","","","","",""
"5257011710","科技發展工作","1,099,362","03","社會福利及統計應用計畫","2000","業務費","2018","資訊服務費","用途別二級","6361","2.辦理社會工作人員智慧決策行動平臺計畫及社會福利資源整合系統智慧轉型計畫相關工作，計列29,057千元（含資本門22,651千元）（資訊服務費6,361千元、按日按件計資酬金30千元、國內旅費15千元、資訊軟硬體設備費22,651千元）。","2","","","true","","","","","","",""
"5257011710","科技發展工作","1,099,362","03","社會福利及統計應用計畫","","","","","未歸戶說明","","3.辦理健康大數據專區服務管理專案計畫，購置精準醫療工作站等相關設備，計列20,000千元（含資本門9,000千元）（委辦費11,000千元、資訊軟硬體設備費9,000千元）。","","","","","","true","","","","",""
"5257011710","科技發展工作","1,099,362","03","社會福利及統計應用計畫","2000","業務費","2036","按日按件計資酬金","用途別二級","89","","","","","","","","","","","",""
"5257011710","科技發展工作","1,099,362","03","社會福利及統計應用計畫","2000","業務費","2039","委辦費","用途別二級","18523","","","","","","","","","","","",""
"5257011710","科技發展工作","1,099,362","03","社會福利及統計應用計畫","2000","業務費","2054","一般事務費","用途別二級","65","1.辦理社會福利線上申請與實證決策模式計畫之性別暴力防治子計畫等，計列8,916千元（含資本門1,216千元）（通訊費18千元、按日按件計資酬金59千元、委辦費7,523千元、一般事務費65千元、國內旅費35千元、資訊軟硬體設備費1,216千元）。","1","true","","","","","","","","",""
"5257011710","科技發展工作","1,099,362","03","社會福利及統計應用計畫","2000","業務費","2072","國內旅費","用途別二級","50","","","","","","","","","","","",""
"5257011710","科技發展工作","1,099,362","03","社會福利及統計應用計畫","3000","設備及投資","","","用途別一級","32867","","","","","","","","","","","",""
"5257011710","科技發展工作","1,099,362","03","社會福利及統計應用計畫","3000","設備及投資","3030","資訊軟硬體設備費","用途別二級","32867","","","","","","","","","","","",""
"5257011710","科技發展工作","1,099,362","04","永續提供高品質健康醫療服務","","","","","分支計畫","261645","","","","","","","","","","","",""
"5257011710","科技發展工作","1,099,362","04","永續提供高品質健康醫療服務","","","","","未歸戶說明","","1.辦理健康照護發展及數位健康照護管理暨強化原鄉醫療照護服務韌性等相關計畫，計列36,872千元（含資本門15,000千元）（資訊服務費2,000千元、委辦費19,872千元、資訊軟硬體設備費15,000千元）。","","","","","","true","","","","",""
"5257011710","科技發展工作","1,099,362","04","永續提供高品質健康醫療服務","","","","","未歸戶說明","","2.辦理研發資訊科技運用於優化互動式心理支持服務平臺方案、酒癮共病治療模式發展研究、特定人口群心理健康介入方案成效評估研究及精神障礙者司法處遇制度成效分析等，計列14,320千元（含資本門2,500千元）（按日按件計資酬金117千元、委辦費13,526千元、國內旅費677千元）。","","","","","","true","","","","",""
"5257011710","科技發展工作","1,099,362","04","永續提供高品質健康醫療服務","","","","","未歸戶說明","","3.辦理6至18歲兒童及青少年口腔健康調查計畫及特殊需求者口腔健康調查等，計列8,092千元（按日按件計資酬金40千元、委辦費8,044千元、國內旅費8千元）。","","","","","","true","","","","",""
"5257011710","科技發展工作","1,099,362","04","永續提供高品質健康醫療服務","","","","","未歸戶說明","","4.辦理推動全民健康保險資料特定目的外利用相關法令實施等，計列2,000千元（按日按件計資酬金100千元、一般事務費1,860千元、國內旅費40千元）。","","","","","","true","","","","",""
"5257011710","科技發展工作","1,099,362","04","永續提供高品質健康醫療服務","","","","","未歸戶說明","","5.運用公民參與模式及大數據資料庫分析，檢視及評估健保資源投入效益之研究，計列3,388千元（委辦費）。","","","","","","true","","","","",""
"5257011710","科技發展工作","1,099,362","04","永續提供高品質健康醫療服務","","","","","未歸戶說明","","6.補助所屬醫院辦理疫後社區精神醫療之創新整合與再生韌性、數位化全責式日照中心世代資料庫之建構與應用、智能檢驗管理與環保永續發展、手術排程相關資源智能配置及自動通知系統、人力資源E指通、推動綠色醫療邁向永續發展、全人醫療與綠能友善醫院之建構計畫－提升慢性病管理效率與高齡友善環境計畫，計列28,911千元（含資本門6,987千元）（對特種基金之補助）。","","","","","","true","","","","",""
"5257011710","科技發展工作","1,099,362","04","永續提供高品質健康醫療服務","2000","業務費","","","用途別一級","164234","","","","","","","","","","","",""
"5257011710","科技發展工作","1,099,362","04","永續提供高品質健康醫療服務","2000","業務費","2009","通訊費","用途別二級","500","8.維護及增修急重症資料交換平臺、戰情中心資訊系統（含緊急醫療管理系統）、AED急救資訊網系統與醫療申辦相關資訊系統等，計列23,000千元（含資本門18,000千元）（通訊費500千元、資訊服務費4,500千元、資訊軟硬體設備費18,000千元）。","8","","","true","","","","","","",""
"5257011710","科技發展工作","1,099,362","04","永續提供高品質健康醫療服務","2000","業務費","2018","資訊服務費","用途別二級","6500","","","","","","","","","","","",""
"5257011710","科技發展工作","1,099,362","04","永續提供高品質健康醫療服務","2000","業務費","2027","保險費","用途別二級","15","7.辦理後疫時代醫療照護計畫、建置國家級生物資料庫整合平臺等所需行政費用，計列95千元（保險費15千元、按日按件計資酬金50千元、國內旅費20千元、短程車資10千元）。","7","true","","","","","","","","",""
"5257011710","科技發展工作","1,099,362","04","永續提供高品質健康醫療服務","2000","業務費","2033","約用人員酬金","用途別二級","800","9.約用人員1名，計列800千元（約用人員酬金）。","9","","","true","","","","","","",""
"5257011710","科技發展工作","1,099,362","04","永續提供高品質健康醫療服務","2000","業務費","2036","按日按件計資酬金","用途別二級","365","10.辦理我國醫事管理及醫療服務模式因應環境變遷之對策分析、人體生物資料庫之資料治理相關法規研析、推動再生醫療發展、數位醫政管理及新興醫療技術應用優化、緊急醫療智能救護平臺、高齡科技產業－運用智慧科技構築優質高齡社區生活及晶片驅動產業創新對策分析等，計列61,710千元（含資本門2,460千元）（委辦費）。11.辦理輔導醫療機構淨零碳排及資訊整合平臺所需行政費用，計列43,200千元（含資本門6,000千元）（按日按件計資酬金50千元、委辦費43,000千元、一般事務費50千元、國內旅費100千元）。","","true","","","true","","","","","",""
"5257011710","科技發展工作","1,099,362","04","永續提供高品質健康醫療服務","2000","業務費","2039","委辦費","用途別二級","152809","10.辦理我國醫事管理及醫療服務模式因應環境變遷之對策分析、人體生物資料庫之資料治理相關法規研析、推動再生醫療發展、數位醫政管理及新興醫療技術應用優化、緊急醫療智能救護平臺、高齡科技產業－運用智慧科技構築優質高齡社區生活及晶片驅動產業創新對策分析等，計列61,710千元（含資本門2,460千元）（委辦費）。11.辦理輔導醫療機構淨零碳排及資訊整合平臺所需行政費用，計列43,200千元（含資本門6,000千元）（按日按件計資酬金50千元、委辦費43,000千元、一般事務費50千元、國內旅費100千元）。","","true","","","true","","","","","",""
"5257011710","科技發展工作","1,099,362","04","永續提供高品質健康醫療服務","2000","業務費","2054","一般事務費","用途別二級","1910","10.辦理我國醫事管理及醫療服務模式因應環境變遷之對策分析、人體生物資料庫之資料治理相關法規研析、推動再生醫療發展、數位醫政管理及新興醫療技術應用優化、緊急醫療智能救護平臺、高齡科技產業－運用智慧科技構築優質高齡社區生活及晶片驅動產業創新對策分析等，計列61,710千元（含資本門2,460千元）（委辦費）。11.辦理輔導醫療機構淨零碳排及資訊整合平臺所需行政費用，計列43,200千元（含資本門6,000千元）（按日按件計資酬金50千元、委辦費43,000千元、一般事務費50千元、國內旅費100千元）。","","true","","","true","","","","","",""
"5257011710","科技發展工作","1,099,362","04","永續提供高品質健康醫療服務","2000","業務費","2072","國內旅費","用途別二級","850","10.辦理我國醫事管理及醫療服務模式因應環境變遷之對策分析、人體生物資料庫之資料治理相關法規研析、推動再生醫療發展、數位醫政管理及新興醫療技術應用優化、緊急醫療智能救護平臺、高齡科技產業－運用智慧科技構築優質高齡社區生活及晶片驅動產業創新對策分析等，計列61,710千元（含資本門2,460千元）（委辦費）。11.辦理輔導醫療機構淨零碳排及資訊整合平臺所需行政費用，計列43,200千元（含資本門6,000千元）（按日按件計資酬金50千元、委辦費43,000千元、一般事務費50千元、國內旅費100千元）。","","true","","","true","","","","","",""
"5257011710","科技發展工作","1,099,362","04","永續提供高品質健康醫療服務","2000","業務費","2078","國外旅費","用途別二級","475","12.赴歐美國家參加新興生醫科技相關會議與考察，計列475千元（國外旅費）。","12","","","true","","","","","","",""
"5257011710","科技發展工作","1,099,362","04","永續提供高品質健康醫療服務","2000","業務費","2084","短程車資","用途別二級","10","7.辦理後疫時代醫療照護計畫、建置國家級生物資料庫整合平臺等所需行政費用，計列95千元（保險費15千元、按日按件計資酬金50千元、國內旅費20千元、短程車資10千元）。","7","true","","","","","","","","",""
"5257011710","科技發展工作","1,099,362","04","永續提供高品質健康醫療服務","3000","設備及投資","","","用途別一級","33000","","","","","","","","","","","",""
"5257011710","科技發展工作","1,099,362","04","永續提供高品質健康醫療服務","3000","設備及投資","3030","資訊軟硬體設備費","用途別二級","33000","","","","","","","","","","","",""
"5257011710","科技發展工作","1,099,362","04","永續提供高品質健康醫療服務","4000","獎補助費","","","用途別一級","64411","","","","","","","","","","","",""
"5257011710","科技發展工作","1,099,362","04","永續提供高品質健康醫療服務","4000","獎補助費","4030","對特種基金之補助","用途別二級","38911","","","","","","","","","","","",""
"5257011710","科技發展工作","1,099,362","04","永續提供高品質健康醫療服務","4000","獎補助費","4040","對國內團體之捐助","用途別二級","25500","13.補（捐）助醫療機構辦理淨零碳排及醫療廢棄物循環再利用等，計列21,000千元（對特種基金之補助10,000千元、對國內團體之捐助11,000千元）。14.捐助國內團體及財團法人辦理推動創新醫療技術及促進醫療科技發展相關研討會等，計列4,500千元（對國內團體之捐助）。","13","","","","","","true","","","",""
"5257011710","科技發展工作","1,099,362","04","永續提供高品質健康醫療服務","","","","","未歸戶說明","","15.辦理日照中心導入科技輔具推動計畫，計列13,282千元（按日按件計資酬金8千元、委辦費3,269千元、國內旅費5千元、對國內團體之捐助10,000千元）。","","","","","","true","","","","",""
"5257011710","科技發展工作","1,099,362","05","數位資訊醫療之推動與整合","","","","","分支計畫","451820","","","","","","","","","","","",""
"5257011710","科技發展工作","1,099,362","05","數位資訊醫療之推動與整合","2000","業務費","","","用途別一級","288820","","","","","","","","","","","",""
"5257011710","科技發展工作","1,099,362","05","數位資訊醫療之推動與整合","2000","業務費","2003","教育訓練費","用途別二級","2000","","","","","","","","","","","",""
"5257011710","科技發展工作","1,099,362","05","數位資訊醫療之推動與整合","2000","業務費","2009","通訊費","用途別二級","5730","","","","","","","","","","","",""
"5257011710","科技發展工作","1,099,362","05","數位資訊醫療之推動與整合","2000","業務費","2018","資訊服務費","用途別二級","125483","","","","","","","","","","","",""
"5257011710","科技發展工作","1,099,362","05","數位資訊醫療之推動與整合","2000","業務費","2027","保險費","用途別二級","10","3.辦理數位資訊醫療之推動與整合等所需行政費用，計列100千元（保險費10千元、按日按件計資酬金70千元、一般事務費10千元、國內旅費10千元）。","3","","","true","","","","","","",""
"5257011710","科技發展工作","1,099,362","05","數位資訊醫療之推動與整合","2000","業務費","2036","按日按件計資酬金","用途別二級","1880","","","","","","","","","","","",""
"5257011710","科技發展工作","1,099,362","05","數位資訊醫療之推動與整合","2000","業務費","2039","委辦費","用途別二級","150825","","","","","","","","","","","",""
"5257011710","科技發展工作","1,099,362","05","數位資訊醫療之推動與整合","2000","業務費","2051","物品","用途別二級","1430","","","","","","","","","","","",""
"5257011710","科技發展工作","1,099,362","05","數位資訊醫療之推動與整合","2000","業務費","2054","一般事務費","用途別二級","723","","","","","","","","","","","",""
"5257011710","科技發展工作","1,099,362","05","數位資訊醫療之推動與整合","2000","業務費","2072","國內旅費","用途別二級","734","","","","","","","","","","","",""
"5257011710","科技發展工作","1,099,362","05","數位資訊醫療之推動與整合","2000","業務費","2084","短程車資","用途別二級","5","1.辦理關鍵基礎設施領域資安推動工作計畫等所需行政費用，計列1,692千元（教育訓練費100千元、通訊費1,000千元、按日按件計資酬金350千元、物品200千元、一般事務費13千元、國內旅費24千元、短程車資5千元）。","1","","","true","","","","","","",""
"5257011710","科技發展工作","1,099,362","05","數位資訊醫療之推動與整合","3000","設備及投資","","","用途別一級","83000","2.辦理次世代數位醫療平臺計畫所需行政費用，計列5,000千元（教育訓練費1,900千元、通訊費720千元、按日按件計資酬金780千元、物品900千元、一般事務費400千元、國內旅費300千元）。4.辦理在宅醫療科技推動計畫所需行政費用，計列5,720千元（通訊費4,010千元、按日按件計資酬金680千元、物品330千元、一般事務費300千元、國內旅費400千元）。5.辦理電子病歷、數位同意書雲端化整合應用計畫之基礎設備與資安強化（含醫事憑證管理中心）、公務機關蒐集資料運用查詢、技術支援服務等，計列8,900千元（含資本門1,500千元）（資訊服務費7,400千元、資訊軟硬體設備費1,500千元）。6.辦理關鍵基礎設施資安防護、進行醫療資安人才認證機制之研究、資訊分享與分析中心、購置電腦緊急應變處理機制設備及系統增修等，計列15,303千元（含資本門2,500千元）（資訊服務費7,803千元、委辦費5,000千元、資訊軟硬體設備費2,500千元）。7.建立及維運次世代數位醫療平臺互通標準；平臺架構及開發策略擬定執行與導入次世代數位醫療平臺，計列274,000千元（含資本門66,000千元）（資訊服務費66,000千元、委辦費142,000千元、資訊軟硬體設備費66,000千元）。8.維護及增修在宅醫療資訊系統模組及軟體管理系統，計列54,280千元（含資本門10,000千元）（資訊服務費44,280千元、資訊軟硬體設備費10,000千元）。9.辦理智慧醫材輔導培育，計列3,825千元（委辦費）。10.研發次世代數位醫療模組，建立特色醫療資訊系統，計列3,000千元（資本門）（資訊軟硬體設備費）。","","true","","","true","","","","","",""
"5257011710","科技發展工作","1,099,362","05","數位資訊醫療之推動與整合","3000","設備及投資","3030","資訊軟硬體設備費","用途別二級","83000","2.辦理次世代數位醫療平臺計畫所需行政費用，計列5,000千元（教育訓練費1,900千元、通訊費720千元、按日按件計資酬金780千元、物品900千元、一般事務費400千元、國內旅費300千元）。4.辦理在宅醫療科技推動計畫所需行政費用，計列5,720千元（通訊費4,010千元、按日按件計資酬金680千元、物品330千元、一般事務費300千元、國內旅費400千元）。5.辦理電子病歷、數位同意書雲端化整合應用計畫之基礎設備與資安強化（含醫事憑證管理中心）、公務機關蒐集資料運用查詢、技術支援服務等，計列8,900千元（含資本門1,500千元）（資訊服務費7,400千元、資訊軟硬體設備費1,500千元）。6.辦理關鍵基礎設施資安防護、進行醫療資安人才認證機制之研究、資訊分享與分析中心、購置電腦緊急應變處理機制設備及系統增修等，計列15,303千元（含資本門2,500千元）（資訊服務費7,803千元、委辦費5,000千元、資訊軟硬體設備費2,500千元）。7.建立及維運次世代數位醫療平臺互通標準；平臺架構及開發策略擬定執行與導入次世代數位醫療平臺，計列274,000千元（含資本門66,000千元）（資訊服務費66,000千元、委辦費142,000千元、資訊軟硬體設備費66,000千元）。8.維護及增修在宅醫療資訊系統模組及軟體管理系統，計列54,280千元（含資本門10,000千元）（資訊服務費44,280千元、資訊軟硬體設備費10,000千元）。9.辦理智慧醫材輔導培育，計列3,825千元（委辦費）。10.研發次世代數位醫療模組，建立特色醫療資訊系統，計列3,000千元（資本門）（資訊軟硬體設備費）。","","true","","","true","","","","","",""
"5257011710","科技發展工作","1,099,362","05","數位資訊醫療之推動與整合","4000","獎補助費","","","用途別一級","80000","11.補（捐）助醫療機構及國內團體辦理醫院次世代數位醫療資訊平臺等，計列80,000千元（對特種基金之補助40,000千元、對國內團體之捐助40,000千元）。","11","true","","","","","","","","",""
"5257011710","科技發展工作","1,099,362","05","數位資訊醫療之推動與整合","4000","獎補助費","4030","對特種基金之補助","用途別二級","40000","11.補（捐）助醫療機構及國內團體辦理醫院次世代數位醫療資訊平臺等，計列80,000千元（對特種基金之補助40,000千元、對國內團體之捐助40,000千元）。","11","true","","true","","","","","","",""
"5257011710","科技發展工作","1,099,362","05","數位資訊醫療之推動與整合","4000","獎補助費","4040","對國內團體之捐助","用途別二級","40000","11.補（捐）助醫療機構及國內團體辦理醫院次世代數位醫療資訊平臺等，計列80,000千元（對特種基金之補助40,000千元、對國內團體之捐助40,000千元）。","11","true","","true","","","","","","",""
"5257011710","科技發展工作","1,099,362","06","推動中醫藥科技發展計畫","","","","","分支計畫","32130","","","","","","","","","","","",""
"5257011710","科技發展工作","1,099,362","06","推動中醫藥科技發展計畫","2000","業務費","","","用途別一級","31630","","","","","","","","","","","",""
"5257011710","科技發展工作","1,099,362","06","推動中醫藥科技發展計畫","2000","業務費","2003","教育訓練費","用途別二級","40","1.辦理政策研究重點規劃、管理及中醫藥交流等，共需經費2,731千元，其內容如下：(1)辦理中醫藥科技發展研究、政策規劃與管理、研究計畫資料建檔與處理及成果報告等所需行政費用，計列2,631千元（含資本門500千元）（教育訓練費40千元、通訊費83千元、資訊服務費100千元、保險費20千元、按日按件計資酬金1,400千元、物品120千元、一般事務費50千元、國內旅費268千元、運費10千元、短程車資40千元、資訊軟硬體設備費500千元）。","1","true","","true","","","","","","",""
"5257011710","科技發展工作","1,099,362","06","推動中醫藥科技發展計畫","2000","業務費","2009","通訊費","用途別二級","83","1.辦理政策研究重點規劃、管理及中醫藥交流等，共需經費2,731千元，其內容如下：(1)辦理中醫藥科技發展研究、政策規劃與管理、研究計畫資料建檔與處理及成果報告等所需行政費用，計列2,631千元（含資本門500千元）（教育訓練費40千元、通訊費83千元、資訊服務費100千元、保險費20千元、按日按件計資酬金1,400千元、物品120千元、一般事務費50千元、國內旅費268千元、運費10千元、短程車資40千元、資訊軟硬體設備費500千元）。","1","true","","","","","","","","",""
"5257011710","科技發展工作","1,099,362","06","推動中醫藥科技發展計畫","2000","業務費","2018","資訊服務費","用途別二級","100","1.辦理政策研究重點規劃、管理及中醫藥交流等，共需經費2,731千元，其內容如下：(1)辦理中醫藥科技發展研究、政策規劃與管理、研究計畫資料建檔與處理及成果報告等所需行政費用，計列2,631千元（含資本門500千元）（教育訓練費40千元、通訊費83千元、資訊服務費100千元、保險費20千元、按日按件計資酬金1,400千元、物品120千元、一般事務費50千元、國內旅費268千元、運費10千元、短程車資40千元、資訊軟硬體設備費500千元）。","1","true","","true","","","","","","",""
"5257011710","科技發展工作","1,099,362","06","推動中醫藥科技發展計畫","2000","業務費","2027","保險費","用途別二級","20","1.辦理政策研究重點規劃、管理及中醫藥交流等，共需經費2,731千元，其內容如下：(1)辦理中醫藥科技發展研究、政策規劃與管理、研究計畫資料建檔與處理及成果報告等所需行政費用，計列2,631千元（含資本門500千元）（教育訓練費40千元、通訊費83千元、資訊服務費100千元、保險費20千元、按日按件計資酬金1,400千元、物品120千元、一般事務費50千元、國內旅費268千元、運費10千元、短程車資40千元、資訊軟硬體設備費500千元）。","1","true","","","","","","","","",""
"5257011710","科技發展工作","1,099,362","06","推動中醫藥科技發展計畫","2000","業務費","2036","按日按件計資酬金","用途別二級","1400","1.辦理政策研究重點規劃、管理及中醫藥交流等，共需經費2,731千元，其內容如下：(1)辦理中醫藥科技發展研究、政策規劃與管理、研究計畫資料建檔與處理及成果報告等所需行政費用，計列2,631千元（含資本門500千元）（教育訓練費40千元、通訊費83千元、資訊服務費100千元、保險費20千元、按日按件計資酬金1,400千元、物品120千元、一般事務費50千元、國內旅費268千元、運費10千元、短程車資40千元、資訊軟硬體設備費500千元）。","1","true","","","","","","","","",""
"5257011710","科技發展工作","1,099,362","06","推動中醫藥科技發展計畫","2000","業務費","2039","委辦費","用途別二級","29399","2.辦理建構中醫特色與智慧醫療模式、促進中醫多元發展及精進中藥品質安全與建立管理規範研究計畫等，計列29,399千元（委辦費）。","3","","","true","","","","","","",""
"5257011710","科技發展工作","1,099,362","06","推動中醫藥科技發展計畫","2000","業務費","2051","物品","用途別二級","120","1.辦理政策研究重點規劃、管理及中醫藥交流等，共需經費2,731千元，其內容如下：(1)辦理中醫藥科技發展研究、政策規劃與管理、研究計畫資料建檔與處理及成果報告等所需行政費用，計列2,631千元（含資本門500千元）（教育訓練費40千元、通訊費83千元、資訊服務費100千元、保險費20千元、按日按件計資酬金1,400千元、物品120千元、一般事務費50千元、國內旅費268千元、運費10千元、短程車資40千元、資訊軟硬體設備費500千元）。","1","true","","","","","","","","",""
"5257011710","科技發展工作","1,099,362","06","推動中醫藥科技發展計畫","2000","業務費","2054","一般事務費","用途別二級","50","1.辦理政策研究重點規劃、管理及中醫藥交流等，共需經費2,731千元，其內容如下：(1)辦理中醫藥科技發展研究、政策規劃與管理、研究計畫資料建檔與處理及成果報告等所需行政費用，計列2,631千元（含資本門500千元）（教育訓練費40千元、通訊費83千元、資訊服務費100千元、保險費20千元、按日按件計資酬金1,400千元、物品120千元、一般事務費50千元、國內旅費268千元、運費10千元、短程車資40千元、資訊軟硬體設備費500千元）。","1","true","","","","","","","","",""
"5257011710","科技發展工作","1,099,362","06","推動中醫藥科技發展計畫","2000","業務費","2072","國內旅費","用途別二級","268","1.辦理政策研究重點規劃、管理及中醫藥交流等，共需經費2,731千元，其內容如下：(1)辦理中醫藥科技發展研究、政策規劃與管理、研究計畫資料建檔與處理及成果報告等所需行政費用，計列2,631千元（含資本門500千元）（教育訓練費40千元、通訊費83千元、資訊服務費100千元、保險費20千元、按日按件計資酬金1,400千元、物品120千元、一般事務費50千元、國內旅費268千元、運費10千元、短程車資40千元、資訊軟硬體設備費500千元）。","1","true","","","","","","","","",""
"5257011710","科技發展工作","1,099,362","06","推動中醫藥科技發展計畫","2000","業務費","2078","國外旅費","用途別二級","100","(2)參加歐亞地區傳統醫藥國際會議，計列100千元（國外旅費）。","2","","","true","","","","","","",""
"5257011710","科技發展工作","1,099,362","06","推動中醫藥科技發展計畫","2000","業務費","2081","運費","用途別二級","10","1.辦理政策研究重點規劃、管理及中醫藥交流等，共需經費2,731千元，其內容如下：(1)辦理中醫藥科技發展研究、政策規劃與管理、研究計畫資料建檔與處理及成果報告等所需行政費用，計列2,631千元（含資本門500千元）（教育訓練費40千元、通訊費83千元、資訊服務費100千元、保險費20千元、按日按件計資酬金1,400千元、物品120千元、一般事務費50千元、國內旅費268千元、運費10千元、短程車資40千元、資訊軟硬體設備費500千元）。","1","true","","","","","","","","",""
"5257011710","科技發展工作","1,099,362","06","推動中醫藥科技發展計畫","2000","業務費","2084","短程車資","用途別二級","40","1.辦理政策研究重點規劃、管理及中醫藥交流等，共需經費2,731千元，其內容如下：(1)辦理中醫藥科技發展研究、政策規劃與管理、研究計畫資料建檔與處理及成果報告等所需行政費用，計列2,631千元（含資本門500千元）（教育訓練費40千元、通訊費83千元、資訊服務費100千元、保險費20千元、按日按件計資酬金1,400千元、物品120千元、一般事務費50千元、國內旅費268千元、運費10千元、短程車資40千元、資訊軟硬體設備費500千元）。","1","true","","true","","","","","","",""
"5257011710","科技發展工作","1,099,362","06","推動中醫藥科技發展計畫","3000","設備及投資","","","用途別一級","500","1.辦理政策研究重點規劃、管理及中醫藥交流等，共需經費2,731千元，其內容如下：(1)辦理中醫藥科技發展研究、政策規劃與管理、研究計畫資料建檔與處理及成果報告等所需行政費用，計列2,631千元（含資本門500千元）（教育訓練費40千元、通訊費83千元、資訊服務費100千元、保險費20千元、按日按件計資酬金1,400千元、物品120千元、一般事務費50千元、國內旅費268千元、運費10千元、短程車資40千元、資訊軟硬體設備費500千元）。","1","true","","","","","","","","",""
"5257011710","科技發展工作","1,099,362","06","推動中醫藥科技發展計畫","3000","設備及投資","3030","資訊軟硬體設備費","用途別二級","500","1.辦理政策研究重點規劃、管理及中醫藥交流等，共需經費2,731千元，其內容如下：(1)辦理中醫藥科技發展研究、政策規劃與管理、研究計畫資料建檔與處理及成果報告等所需行政費用，計列2,631千元（含資本門500千元）（教育訓練費40千元、通訊費83千元、資訊服務費100千元、保險費20千元、按日按件計資酬金1,400千元、物品120千元、一般事務費50千元、國內旅費268千元、運費10千元、短程車資40千元、資訊軟硬體設備費500千元）。","1","true","","","","","","","","",""
"5257011710","科技發展工作","1,099,362","07","智慧政府數位化精進發展計畫","","","","","分支計畫","114732","","","","","","","","","","","",""
"5257011710","科技發展工作","1,099,362","07","智慧政府數位化精進發展計畫","2000","業務費","","","用途別一級","62302","","","","","","","","","","","",""
"5257011710","科技發展工作","1,099,362","07","智慧政府數位化精進發展計畫","2000","業務費","2009","通訊費","用途別二級","2883","","","","","","","","","","","",""
"5257011710","科技發展工作","1,099,362","07","智慧政府數位化精進發展計畫","2000","業務費","2018","資訊服務費","用途別二級","49875","","","","","","","","","","","",""
"5257011710","科技發展工作","1,099,362","07","智慧政府數位化精進發展計畫","2000","業務費","2033","約用人員酬金","用途別二級","750","6.約用人員1名，計列750千元（約用人員酬金）。","5","","","true","","","","","","",""
"5257011710","科技發展工作","1,099,362","07","智慧政府數位化精進發展計畫","2000","業務費","2036","按日按件計資酬金","用途別二級","648","7.辦理社會救助及社工之社福資訊整合應用計畫及全程行動數位化線上申辦服務相關工作，計列8,407千元（含資本門6,676千元）（通訊費43千元、資訊服務費1,624千元、按日按件計資酬金48千元、國內旅費16千元、資訊軟硬體設備費6,676千元）。","6","","","","true","","","false","","",""
"5257011710","科技發展工作","1,099,362","07","智慧政府數位化精進發展計畫","2000","業務費","2039","委辦費","用途別二級","7343","8.辦理口腔健康防癌智能工具計畫等，計列17,311千元（含資本門9,891千元）（按日按件計資酬金50千元、委辦費7,343千元、國內旅費27千元、資訊軟硬體設備費9,891千元）。","7","","","true","","","","","","",""
"5257011710","科技發展工作","1,099,362","07","智慧政府數位化精進發展計畫","2000","業務費","2051","物品","用途別二級","240","1.辦理建構臺灣國家級醫學影像與醫學文字資料庫之AI應用平臺所需行政費用，計列4,050千元（通訊費2,840千元、按日按件計資酬金470千元、物品240千元、一般事務費210千元、國內旅費290千元）。","0","true","","","","","","","","",""
"5257011710","科技發展工作","1,099,362","07","智慧政府數位化精進發展計畫","2000","業務費","2054","一般事務費","用途別二級","210","1.辦理建構臺灣國家級醫學影像與醫學文字資料庫之AI應用平臺所需行政費用，計列4,050千元（通訊費2,840千元、按日按件計資酬金470千元、物品240千元、一般事務費210千元、國內旅費290千元）。","0","true","","","","","","","","",""
"5257011710","科技發展工作","1,099,362","07","智慧政府數位化精進發展計畫","","","","","未歸戶說明","","2.建構衛福大數據AI平臺環境開發及運算資源應用、隱私強化及資料經緯、AI模型開發及研究等相關工作，計列31,270千元（含資本門17,838千元）（資訊服務費13,432千元、資訊軟硬體設備費17,838千元）。","","","","","","true","","","","",""
"5257011710","科技發展工作","1,099,362","07","智慧政府數位化精進發展計畫","","","","","未歸戶說明","","3.辦理智慧社會安全網建置與相關應用工作，計列7,477千元（含資本門4,452千元）（資訊服務費3,025千元、資訊軟硬體設備費4,452千元）。","","","","","","true","","","","",""
"5257011710","科技發展工作","1,099,362","07","智慧政府數位化精進發展計畫","","","","","未歸戶說明","","4.維護及增修資訊系統模組及軟體管理系統，計列40,466千元（含資本門9,202千元）（資訊服務費31,264千元、資訊軟硬體設備費9,202千元）。","","","","","","true","","","","",""
"5257011710","科技發展工作","1,099,362","07","智慧政府數位化精進發展計畫","","","","","未歸戶說明","","5.辦理智慧轉型衛社政資料治理精進作業與人民線上申辦智能客服及擴充，計列5,001千元（含資本門4,371千元）（資訊服務費530千元、按日按件計資酬金80千元、國內旅費20千元、資訊軟硬體設備費4,371千元）。","","","","","","true","","","","",""
"5257011710","科技發展工作","1,099,362","07","智慧政府數位化精進發展計畫","2000","業務費","2072","國內旅費","用途別二級","353","","","","","","","","","","","",""
"5257011710","科技發展工作","1,099,362","07","智慧政府數位化精進發展計畫","3000","設備及投資","","","用途別一級","52430","","","","","","","","","","","",""
"5257011710","科技發展工作","1,099,362","07","智慧政府數位化精進發展計畫","3000","設備及投資","3030","資訊軟硬體設備費","用途別二級","52430","","","","","","","","","","","",""
"5257011720","財團法人國家衛生研究院發展計畫","4,355,395","01","國家衛生研究院基本運作計畫","","","","","分支計畫","2098772","","","","","","","","","","","",""
"5257011720","財團法人國家衛生研究院發展計畫","4,355,395","01","國家衛生研究院基本運作計畫","4000","獎補助費","","","用途別一級","2098772","1.「國家衛生研究院發展及維運計畫」編列1,928,772千元，係支持國家衛生研究院運作，包含基本營運及重大設施維運費、人事費、基本及重要研究任務，配合本部之科技發展策略目標，積極規劃執行各項任務導向型研究計畫，包含醫藥衛生政策建言、國內重大疾病防治研究、推動醫藥生技產業、整合及提升國內醫藥衛生研究、建立國內外學術合作等，整併生物製劑廠營運、新穎分子標靶藥物開發、蚊媒傳染病防治等研究計畫，以加強支援國家緊急防疫及健康事件需求之整體佈局，有效整合集中資源，透過醫藥衛生基礎與臨床研究，積極解決國人重大疾病問題，發展國內生物科技技術研究，協助本部達成促進全民健康與福祉之使命，計列1,928,772千元（含資本門65,605千元）（對國內團體之捐助）。2.協助本部因應急迫醫藥衛生議題、維持基本運作、維護及汰換院區老舊設施等，計列170,000千元（對國內團體之捐助）。","0","","","","","","true","","","",""
"5257011720","財團法人國家衛生研究院發展計畫","4,355,395","01","國家衛生研究院基本運作計畫","4000","獎補助費","4040","對國內團體之捐助","用途別二級","2098772","","","","","","","","","","","",""
"5257011720","財團法人國家衛生研究院發展計畫","4,355,395","02","國家健康政策智庫與研究","","","","","分支計畫","70689","","","","","","","","","","","",""
"5257011720","財團法人國家衛生研究院發展計畫","4,355,395","02","國家健康政策智庫與研究","4000","獎補助費","","","用途別一級","70689","國家健康政策智庫與研究編列70,689千元，包括「全人健康促進與成癮防治研究」11,420千元、「健康星球永續發展前瞻策略規劃－以曝險科學技術建構精準環境與健康」25,883千元、「打造食品安全智慧預警體系計畫」4,386千元、「原住民健康研究中心計畫」25,000千元及「因應氣候變遷淨零碳排－整合衛星與次世代環境大氣及溫室氣體監測評估計畫」4,000千元，係辦理醫藥衛生研究，藉研究之實證成果，形成與國人健康相關之政策建言，協助政府規劃制訂更為精確與有效率之政策；維持「原住民族健康資料庫」運作，及針對臺灣原住民族健康相關議題進行研究並提出政策建言；積極配合政府政策，推動各項任務導向型計畫，協助政府釐清當前國人最為關注之醫藥衛生、環境健康、食品安全及藥物濫用成癮防治等議題，計列70,689千元（含資本門520千元）（對國內團體之捐助）。","0","true","","","","","","","","",""
"5257011720","財團法人國家衛生研究院發展計畫","4,355,395","02","國家健康政策智庫與研究","4000","獎補助費","4040","對國內團體之捐助","用途別二級","70689","國家健康政策智庫與研究編列70,689千元，包括「全人健康促進與成癮防治研究」11,420千元、「健康星球永續發展前瞻策略規劃－以曝險科學技術建構精準環境與健康」25,883千元、「打造食品安全智慧預警體系計畫」4,386千元、「原住民健康研究中心計畫」25,000千元及「因應氣候變遷淨零碳排－整合衛星與次世代環境大氣及溫室氣體監測評估計畫」4,000千元，係辦理醫藥衛生研究，藉研究之實證成果，形成與國人健康相關之政策建言，協助政府規劃制訂更為精確與有效率之政策；維持「原住民族健康資料庫」運作，及針對臺灣原住民族健康相關議題進行研究並提出政策建言；積極配合政府政策，推動各項任務導向型計畫，協助政府釐清當前國人最為關注之醫藥衛生、環境健康、食品安全及藥物濫用成癮防治等議題，計列70,689千元（含資本門520千元）（對國內團體之捐助）。","0","true","","true","","","","","","",""
"5257011720","財團法人國家衛生研究院發展計畫","4,355,395","03","健康福祉研究","","","","","分支計畫","597371","","","","","","","","","","","",""
"5257011720","財團法人國家衛生研究院發展計畫","4,355,395","03","健康福祉研究","4000","獎補助費","","","用途別一級","597371","健康福祉研究編列597,371千元，包括「國家高齡醫學暨健康福祉研究中心發展及維運計畫」239,000千元、「守護兒童健康成長－少子化下兒少醫療與衛福創新策略」76,000千元、「高齡科技產業－運用智慧科技構築優質高齡社區生活」92,080千元、「高齡科技產業－科技導入提升照護品質計畫」50,176千元、「高齡科技產業－數位賦能推動銀髮世代社會連結計畫」10,115千元及「在宅醫療科技推動計畫」130,000千元，係運用科技整合醫療健康照護及社區生活資源，聚焦創新照護科技技術，應用於長期照護機構與家庭，建立全方位高齡健康及亞健康者之社區整體照顧服務體系，同時發展照護相關產業，以智慧化科技串連銀髮健康照護各環節之總目標並永續經營，落實照護政策及地方發展特色，建構完善的高齡社會福利體系，以及建構智慧化在宅醫療生態系，推動社區資源落地應用，計列597,371千元（含資本門10,580千元）（對國內團體之捐助）。","0","true","","","","","","","","",""
"5257011720","財團法人國家衛生研究院發展計畫","4,355,395","03","健康福祉研究","4000","獎補助費","4040","對國內團體之捐助","用途別二級","597371","健康福祉研究編列597,371千元，包括「國家高齡醫學暨健康福祉研究中心發展及維運計畫」239,000千元、「守護兒童健康成長－少子化下兒少醫療與衛福創新策略」76,000千元、「高齡科技產業－運用智慧科技構築優質高齡社區生活」92,080千元、「高齡科技產業－科技導入提升照護品質計畫」50,176千元、「高齡科技產業－數位賦能推動銀髮世代社會連結計畫」10,115千元及「在宅醫療科技推動計畫」130,000千元，係運用科技整合醫療健康照護及社區生活資源，聚焦創新照護科技技術，應用於長期照護機構與家庭，建立全方位高齡健康及亞健康者之社區整體照顧服務體系，同時發展照護相關產業，以智慧化科技串連銀髮健康照護各環節之總目標並永續經營，落實照護政策及地方發展特色，建構完善的高齡社會福利體系，以及建構智慧化在宅醫療生態系，推動社區資源落地應用，計列597,371千元（含資本門10,580千元）（對國內團體之捐助）。","0","true","","true","","","","","","",""
"5257011720","財團法人國家衛生研究院發展計畫","4,355,395","04","生技醫藥產品與技術研發","","","","","分支計畫","434113","","","","","","","","","","","",""
"5257011720","財團法人國家衛生研究院發展計畫","4,355,395","04","生技醫藥產品與技術研發","4000","獎補助費","","","用途別一級","434113","生技醫藥產品與技術研發編列434,113千元，包括「全方位新藥研發加速器計畫」68,000千元、「新常態創新臨床試驗環境提升計畫」84,038千元、「代謝等相關慢性疾病精準防治策略研發：『智慧預測系統』預測與導入」22,000千元、「推動國家級人體生物資料庫整合平臺檢體數據加值與運用及雲端服務」53,887千元、「健康大數據治理應用計畫」110,188千元、「以智慧防疫碁盤建構韌性健康台灣」81,000千元及「晶片驅動產業創新再升級－前瞻晶片與系統加速生醫新農產業創新計畫」15,000千元，係配合政府政策，建立癌症醫療次世代基因定序資料、主題式資料庫及公私合作聯盟，加速新藥新科技轉移。","0","true","true","","","","","","","",""
"5257011720","財團法人國家衛生研究院發展計畫","4,355,395","04","生技醫藥產品與技術研發","4000","獎補助費","4040","對國內團體之捐助","用途別二級","434113","維持國家感染性疾病資源庫與國家標準品服務推動及品質提升，與建構新興傳染病監測系統及動態傳播模式提升防疫韌性，迎接新興傳染病的常態化發生，並透過技術移轉或產學合作方式，協助國內廠商加速醫藥生技開發，計列434,113千元（含資本門19,623千元）（對國內團體之捐助）。","2","true","","true","","","","","","",""
"5257011720","財團法人國家衛生研究院發展計畫","4,355,395","05","財團法人國家衛生研究院新建生物製劑廠及戰略平臺資源庫","","","","","分支計畫","600000","","","","","","","","","","","",""
"5257011720","財團法人國家衛生研究院發展計畫","4,355,395","05","財團法人國家衛生研究院新建生物製劑廠及戰略平臺資源庫","4000","獎補助費","","","用途別一級","600000","「財團法人國家衛生研究院新建生物製劑廠及戰略平臺資源庫計畫」奉行政院111年12月8日院臺衛字第1110097581號函核定，總經費3,982,095千元，公務預算負擔1,982,095千元，執行期間為110至115年，110至114年度已編列1,382,095千元，本年度續編最後1年經費600,000千元，係與本部疾病管制署組成完整疫苗開發網絡，降低疫苗供應中斷風險，並健全國內疫苗產業發展基礎架構，興建全功能國家級疫苗廠工程先期規劃（資本門）（對國內團體之捐助）。","0","true","","","","","","","","",""
"5257011720","財團法人國家衛生研究院發展計畫","4,355,395","05","財團法人國家衛生研究院新建生物製劑廠及戰略平臺資源庫","4000","獎補助費","4040","對國內團體之捐助","用途別二級","600000","「財團法人國家衛生研究院新建生物製劑廠及戰略平臺資源庫計畫」奉行政院111年12月8日院臺衛字第1110097581號函核定，總經費3,982,095千元，公務預算負擔1,982,095千元，執行期間為110至115年，110至114年度已編列1,382,095千元，本年度續編最後1年經費600,000千元，係與本部疾病管制署組成完整疫苗開發網絡，降低疫苗供應中斷風險，並健全國內疫苗產業發展基礎架構，興建全功能國家級疫苗廠工程先期規劃（資本門）（對國內團體之捐助）。","0","true","","true","","","","","","",""
"5257011720","財團法人國家衛生研究院發展計畫","4,355,395","06","國家防疫一體聯合行動方案","","","","","分支計畫","359450","","","","","","","","","","","",""
"5257011720","財團法人國家衛生研究院發展計畫","4,355,395","06","國家防疫一體聯合行動方案","4000","獎補助費","","","用途別一級","359450","國家防疫一體聯合行動方案編列359,450千元，係配合政府政策，響應聯合國OneHealth聯合行動計畫，推動整合性策略以有效因應跨領域之防疫挑戰，保障國人健康安全，計列359,450千元（含資本門60,000千元）（對國內團體之捐助）。","0","true","","","","","","","","",""
"5257011720","財團法人國家衛生研究院發展計畫","4,355,395","06","國家防疫一體聯合行動方案","4000","獎補助費","4040","對國內團體之捐助","用途別二級","359450","國家防疫一體聯合行動方案編列359,450千元，係配合政府政策，響應聯合國OneHealth聯合行動計畫，推動整合性策略以有效因應跨領域之防疫挑戰，保障國人健康安全，計列359,450千元（含資本門60,000千元）（對國內團體之捐助）。","0","true","","true","","","","","","",""
"5257011720","財團法人國家衛生研究院發展計畫","4,355,395","07","國家藥物韌性整備","","","","","分支計畫","195000","","","","","","","","","","","",""
"5257011720","財團法人國家衛生研究院發展計畫","4,355,395","07","國家藥物韌性整備","4000","獎補助費","","","用途別一級","195000","國家藥物韌性整備編列195,000千元，係配合政府政策，協助政府全面強化我國藥品供應鏈的韌性與應變能力，將利用生物製劑廠能量以及已建置之疫苗技術平臺，全面提升國產疫苗之臨床應用廣度、產業競爭力與公共衛生價值，計列195,000千元（含資本門45,000千元）（對國內團體之捐助）。","0","true","","","","","","","","",""
"5257011720","財團法人國家衛生研究院發展計畫","4,355,395","07","國家藥物韌性整備","4000","獎補助費","4040","對國內團體之捐助","用途別二級","195000","國家藥物韌性整備編列195,000千元，係配合政府政策，協助政府全面強化我國藥品供應鏈的韌性與應變能力，將利用生物製劑廠能量以及已建置之疫苗技術平臺，全面提升國產疫苗之臨床應用廣度、產業競爭力與公共衛生價值，計列195,000千元（含資本門45,000千元）（對國內團體之捐助）。","0","true","","true","","","","","","",""
"6157012010","社會保險行政工作","35,899","01","全民健康保險管理","","","","","分支計畫","4200","","","","","","","","","","","",""
"6157012010","社會保險行政工作","35,899","01","全民健康保險管理","2000","業務費","","","用途別一級","4152","","","","","","","","","","","",""
"6157012010","社會保險行政工作","35,899","01","全民健康保險管理","2000","業務費","2009","通訊費","用途別二級","65","1.辦理全民健保相關業務，計列2,583千元（通訊費65千元、資訊服務費359千元、保險費5千元、按日按件計資酬金1,123千元、物品262千元、一般事務費729千元、國內旅費30千元、短程車資10千元）。","0","true","","","","","","","","",""
"6157012010","社會保險行政工作","35,899","01","全民健康保險管理","2000","業務費","2018","資訊服務費","用途別二級","359","1.辦理全民健保相關業務，計列2,583千元（通訊費65千元、資訊服務費359千元、保險費5千元、按日按件計資酬金1,123千元、物品262千元、一般事務費729千元、國內旅費30千元、短程車資10千元）。","0","true","","","","","","","","",""
"6157012010","社會保險行政工作","35,899","01","全民健康保險管理","2000","業務費","2027","保險費","用途別二級","5","1.辦理全民健保相關業務，計列2,583千元（通訊費65千元、資訊服務費359千元、保險費5千元、按日按件計資酬金1,123千元、物品262千元、一般事務費729千元、國內旅費30千元、短程車資10千元）。","0","true","","","","","","","","",""
"6157012010","社會保險行政工作","35,899","01","全民健康保險管理","2000","業務費","2033","約用人員酬金","用途別二級","1421","2.約用人員2名，計列1,421千元（約用人員酬金）。","1","","","true","","","","","","",""
"6157012010","社會保險行政工作","35,899","01","全民健康保險管理","2000","業務費","2036","按日按件計資酬金","用途別二級","1123","1.辦理全民健保相關業務，計列2,583千元（通訊費65千元、資訊服務費359千元、保險費5千元、按日按件計資酬金1,123千元、物品262千元、一般事務費729千元、國內旅費30千元、短程車資10千元）。","0","true","","","","","","","","",""
"6157012010","社會保險行政工作","35,899","01","全民健康保險管理","2000","業務費","2051","物品","用途別二級","262","1.辦理全民健保相關業務，計列2,583千元（通訊費65千元、資訊服務費359千元、保險費5千元、按日按件計資酬金1,123千元、物品262千元、一般事務費729千元、國內旅費30千元、短程車資10千元）。","0","true","","","","","","","","",""
"6157012010","社會保險行政工作","35,899","01","全民健康保險管理","2000","業務費","2054","一般事務費","用途別二級","729","1.辦理全民健保相關業務，計列2,583千元（通訊費65千元、資訊服務費359千元、保險費5千元、按日按件計資酬金1,123千元、物品262千元、一般事務費729千元、國內旅費30千元、短程車資10千元）。","0","true","","","","","","","","",""
"6157012010","社會保險行政工作","35,899","01","全民健康保險管理","2000","業務費","2072","國內旅費","用途別二級","30","1.辦理全民健保相關業務，計列2,583千元（通訊費65千元、資訊服務費359千元、保險費5千元、按日按件計資酬金1,123千元、物品262千元、一般事務費729千元、國內旅費30千元、短程車資10千元）。","0","true","","","","","","","","",""
"6157012010","社會保險行政工作","35,899","01","全民健康保險管理","2000","業務費","2078","國外旅費","用途別二級","148","3.參加2026年歐洲健康經濟學會（EuHEA）年會，計列148千元（國外旅費）。","2","","","true","","","","","","",""
"6157012010","社會保險行政工作","35,899","01","全民健康保險管理","2000","業務費","2084","短程車資","用途別二級","10","1.辦理全民健保相關業務，計列2,583千元（通訊費65千元、資訊服務費359千元、保險費5千元、按日按件計資酬金1,123千元、物品262千元、一般事務費729千元、國內旅費30千元、短程車資10千元）。","0","true","","","","","","","","",""
"6157012010","社會保險行政工作","35,899","01","全民健康保險管理","3000","設備及投資","","","用途別一級","48","4.購置業務所需設備，計列48千元（資本門）（雜項設備費）。","3","true","","","","","","","","",""
"6157012010","社會保險行政工作","35,899","01","全民健康保險管理","3000","設備及投資","3035","雜項設備費","用途別二級","48","4.購置業務所需設備，計列48千元（資本門）（雜項設備費）。","3","true","","true","","","","","","",""
"6157012010","社會保險行政工作","35,899","02","全民健康保險醫療費用協定及監理","","","","","分支計畫","5563","","","","","","","","","","","",""
"6157012010","社會保險行政工作","35,899","02","全民健康保險醫療費用協定及監理","2000","業務費","","","用途別一級","5515","","","","","","","","","","","",""
"6157012010","社會保險行政工作","35,899","02","全民健康保險醫療費用協定及監理","2000","業務費","2003","教育訓練費","用途別二級","52","1.辦理健保總額協定分配、給付範圍審議及費率審議，計列4,666千元（教育訓練費52千元、通訊費66千元、保險費220千元、兼職費1,794千元、按日按件計資酬金560千元、物品355千元、一般事務費1,091千元、車輛及辦公器具養護費4千元、國內旅費494千元、運費10千元、短程車資20千元）。","0","true","","","","","","","","",""
"6157012010","社會保險行政工作","35,899","02","全民健康保險醫療費用協定及監理","2000","業務費","2009","通訊費","用途別二級","66","1.辦理健保總額協定分配、給付範圍審議及費率審議，計列4,666千元（教育訓練費52千元、通訊費66千元、保險費220千元、兼職費1,794千元、按日按件計資酬金560千元、物品355千元、一般事務費1,091千元、車輛及辦公器具養護費4千元、國內旅費494千元、運費10千元、短程車資20千元）。","0","true","","","","","","","","",""
"6157012010","社會保險行政工作","35,899","02","全民健康保險醫療費用協定及監理","2000","業務費","2027","保險費","用途別二級","220","1.辦理健保總額協定分配、給付範圍審議及費率審議，計列4,666千元（教育訓練費52千元、通訊費66千元、保險費220千元、兼職費1,794千元、按日按件計資酬金560千元、物品355千元、一般事務費1,091千元、車輛及辦公器具養護費4千元、國內旅費494千元、運費10千元、短程車資20千元）。","0","true","","","","","","","","",""
"6157012010","社會保險行政工作","35,899","02","全民健康保險醫療費用協定及監理","2000","業務費","2030","兼職費","用途別二級","1794","1.辦理健保總額協定分配、給付範圍審議及費率審議，計列4,666千元（教育訓練費52千元、通訊費66千元、保險費220千元、兼職費1,794千元、按日按件計資酬金560千元、物品355千元、一般事務費1,091千元、車輛及辦公器具養護費4千元、國內旅費494千元、運費10千元、短程車資20千元）。","0","true","","","","","","","","",""
"6157012010","社會保險行政工作","35,899","02","全民健康保險醫療費用協定及監理","2000","業務費","2033","約用人員酬金","用途別二級","677","2.約用人員1名，計列677千元（約用人員酬金）。","1","","","true","","","","","","",""
"6157012010","社會保險行政工作","35,899","02","全民健康保險醫療費用協定及監理","2000","業務費","2036","按日按件計資酬金","用途別二級","560","1.辦理健保總額協定分配、給付範圍審議及費率審議，計列4,666千元（教育訓練費52千元、通訊費66千元、保險費220千元、兼職費1,794千元、按日按件計資酬金560千元、物品355千元、一般事務費1,091千元、車輛及辦公器具養護費4千元、國內旅費494千元、運費10千元、短程車資20千元）。","0","true","","","","","","","","",""
"6157012010","社會保險行政工作","35,899","02","全民健康保險醫療費用協定及監理","2000","業務費","2051","物品","用途別二級","355","1.辦理健保總額協定分配、給付範圍審議及費率審議，計列4,666千元（教育訓練費52千元、通訊費66千元、保險費220千元、兼職費1,794千元、按日按件計資酬金560千元、物品355千元、一般事務費1,091千元、車輛及辦公器具養護費4千元、國內旅費494千元、運費10千元、短程車資20千元）。","0","true","","","","","","","","",""
"6157012010","社會保險行政工作","35,899","02","全民健康保險醫療費用協定及監理","2000","業務費","2054","一般事務費","用途別二級","1091","1.辦理健保總額協定分配、給付範圍審議及費率審議，計列4,666千元（教育訓練費52千元、通訊費66千元、保險費220千元、兼職費1,794千元、按日按件計資酬金560千元、物品355千元、一般事務費1,091千元、車輛及辦公器具養護費4千元、國內旅費494千元、運費10千元、短程車資20千元）。","0","true","","","","","","","","",""
"6157012010","社會保險行政工作","35,899","02","全民健康保險醫療費用協定及監理","2000","業務費","2066","器具養護費","用途別二級","4","1.辦理健保總額協定分配、給付範圍審議及費率審議，計列4,666千元（教育訓練費52千元、通訊費66千元、保險費220千元、兼職費1,794千元、按日按件計資酬金560千元、物品355千元、一般事務費1,091千元、車輛及辦公器具養護費4千元、國內旅費494千元、運費10千元、短程車資20千元）。","0","true","","","","","","","","",""
"6157012010","社會保險行政工作","35,899","02","全民健康保險醫療費用協定及監理","2000","業務費","2072","國內旅費","用途別二級","494","1.辦理健保總額協定分配、給付範圍審議及費率審議，計列4,666千元（教育訓練費52千元、通訊費66千元、保險費220千元、兼職費1,794千元、按日按件計資酬金560千元、物品355千元、一般事務費1,091千元、車輛及辦公器具養護費4千元、國內旅費494千元、運費10千元、短程車資20千元）。","0","true","","","","","","","","",""
"6157012010","社會保險行政工作","35,899","02","全民健康保險醫療費用協定及監理","2000","業務費","2078","國外旅費","用途別二級","172","3.參加2026年全球健康體系研討會（The9thGlobalSymposiumonHSR），計列172千元（國外旅費）。","2","","","true","","","","","","",""
"6157012010","社會保險行政工作","35,899","02","全民健康保險醫療費用協定及監理","2000","業務費","2081","運費","用途別二級","10","1.辦理健保總額協定分配、給付範圍審議及費率審議，計列4,666千元（教育訓練費52千元、通訊費66千元、保險費220千元、兼職費1,794千元、按日按件計資酬金560千元、物品355千元、一般事務費1,091千元、車輛及辦公器具養護費4千元、國內旅費494千元、運費10千元、短程車資20千元）。","0","true","","","","","","","","",""
"6157012010","社會保險行政工作","35,899","02","全民健康保險醫療費用協定及監理","2000","業務費","2084","短程車資","用途別二級","20","1.辦理健保總額協定分配、給付範圍審議及費率審議，計列4,666千元（教育訓練費52千元、通訊費66千元、保險費220千元、兼職費1,794千元、按日按件計資酬金560千元、物品355千元、一般事務費1,091千元、車輛及辦公器具養護費4千元、國內旅費494千元、運費10千元、短程車資20千元）。","0","true","","","","","","","","",""
"6157012010","社會保險行政工作","35,899","02","全民健康保險醫療費用協定及監理","3000","設備及投資","","","用途別一級","48","4.購置業務所需設備，計列48千元（資本門）（雜項設備費）。","3","true","","","","","","","","",""
"6157012010","社會保險行政工作","35,899","02","全民健康保險醫療費用協定及監理","3000","設備及投資","3035","雜項設備費","用途別二級","48","4.購置業務所需設備，計列48千元（資本門）（雜項設備費）。","3","true","","true","","","","","","",""
"6157012010","社會保險行政工作","35,899","03","全民健康保險爭議審議作業","","","","","分支計畫","14046","","","","","","","","","","","",""
"6157012010","社會保險行政工作","35,899","03","全民健康保險爭議審議作業","2000","業務費","","","用途別一級","12928","","","","","","","","","","","",""
"6157012010","社會保險行政工作","35,899","03","全民健康保險爭議審議作業","2000","業務費","2003","教育訓練費","用途別二級","3","1.辦理全民健康保險爭議審議相關業務，計列12,229千元（教育訓練費3千元、通訊費1,050千元、資訊服務費2,511千元、其他業務租金69千元、保險費120千元、兼職費747千元、按日按件計資酬金7,416千元、物品112千元、一般事務費2千元、車輛及辦公器具養護費19千元、國內旅費178千元、短程車資2千元）。","0","true","","","","","","","","",""
"6157012010","社會保險行政工作","35,899","03","全民健康保險爭議審議作業","2000","業務費","2009","通訊費","用途別二級","1050","1.辦理全民健康保險爭議審議相關業務，計列12,229千元（教育訓練費3千元、通訊費1,050千元、資訊服務費2,511千元、其他業務租金69千元、保險費120千元、兼職費747千元、按日按件計資酬金7,416千元、物品112千元、一般事務費2千元、車輛及辦公器具養護費19千元、國內旅費178千元、短程車資2千元）。","0","true","","","","","","","","",""
"6157012010","社會保險行政工作","35,899","03","全民健康保險爭議審議作業","2000","業務費","2018","資訊服務費","用途別二級","2511","1.辦理全民健康保險爭議審議相關業務，計列12,229千元（教育訓練費3千元、通訊費1,050千元、資訊服務費2,511千元、其他業務租金69千元、保險費120千元、兼職費747千元、按日按件計資酬金7,416千元、物品112千元、一般事務費2千元、車輛及辦公器具養護費19千元、國內旅費178千元、短程車資2千元）。","0","true","","","","","","","","",""
"6157012010","社會保險行政工作","35,899","03","全民健康保險爭議審議作業","2000","業務費","2021","其他業務租金","用途別二級","69","1.辦理全民健康保險爭議審議相關業務，計列12,229千元（教育訓練費3千元、通訊費1,050千元、資訊服務費2,511千元、其他業務租金69千元、保險費120千元、兼職費747千元、按日按件計資酬金7,416千元、物品112千元、一般事務費2千元、車輛及辦公器具養護費19千元、國內旅費178千元、短程車資2千元）。","0","true","","","","","","","","",""
"6157012010","社會保險行政工作","35,899","03","全民健康保險爭議審議作業","2000","業務費","2027","保險費","用途別二級","120","1.辦理全民健康保險爭議審議相關業務，計列12,229千元（教育訓練費3千元、通訊費1,050千元、資訊服務費2,511千元、其他業務租金69千元、保險費120千元、兼職費747千元、按日按件計資酬金7,416千元、物品112千元、一般事務費2千元、車輛及辦公器具養護費19千元、國內旅費178千元、短程車資2千元）。","0","true","","","","","","","","",""
"6157012010","社會保險行政工作","35,899","03","全民健康保險爭議審議作業","2000","業務費","2030","兼職費","用途別二級","747","1.辦理全民健康保險爭議審議相關業務，計列12,229千元（教育訓練費3千元、通訊費1,050千元、資訊服務費2,511千元、其他業務租金69千元、保險費120千元、兼職費747千元、按日按件計資酬金7,416千元、物品112千元、一般事務費2千元、車輛及辦公器具養護費19千元、國內旅費178千元、短程車資2千元）。","0","true","","","","","","","","",""
"6157012010","社會保險行政工作","35,899","03","全民健康保險爭議審議作業","2000","業務費","2033","約用人員酬金","用途別二級","699","2.約用人員1名，計列699千元（約用人員酬金）。","1","","","true","","","","","","",""
"6157012010","社會保險行政工作","35,899","03","全民健康保險爭議審議作業","2000","業務費","2036","按日按件計資酬金","用途別二級","7416","1.辦理全民健康保險爭議審議相關業務，計列12,229千元（教育訓練費3千元、通訊費1,050千元、資訊服務費2,511千元、其他業務租金69千元、保險費120千元、兼職費747千元、按日按件計資酬金7,416千元、物品112千元、一般事務費2千元、車輛及辦公器具養護費19千元、國內旅費178千元、短程車資2千元）。","0","true","","","","","","","","",""
"6157012010","社會保險行政工作","35,899","03","全民健康保險爭議審議作業","2000","業務費","2051","物品","用途別二級","112","1.辦理全民健康保險爭議審議相關業務，計列12,229千元（教育訓練費3千元、通訊費1,050千元、資訊服務費2,511千元、其他業務租金69千元、保險費120千元、兼職費747千元、按日按件計資酬金7,416千元、物品112千元、一般事務費2千元、車輛及辦公器具養護費19千元、國內旅費178千元、短程車資2千元）。","0","true","","","","","","","","",""
"6157012010","社會保險行政工作","35,899","03","全民健康保險爭議審議作業","2000","業務費","2054","一般事務費","用途別二級","2","1.辦理全民健康保險爭議審議相關業務，計列12,229千元（教育訓練費3千元、通訊費1,050千元、資訊服務費2,511千元、其他業務租金69千元、保險費120千元、兼職費747千元、按日按件計資酬金7,416千元、物品112千元、一般事務費2千元、車輛及辦公器具養護費19千元、國內旅費178千元、短程車資2千元）。","0","true","","true","","","","","","",""
"6157012010","社會保險行政工作","35,899","03","全民健康保險爭議審議作業","2000","業務費","2066","器具養護費","用途別二級","19","1.辦理全民健康保險爭議審議相關業務，計列12,229千元（教育訓練費3千元、通訊費1,050千元、資訊服務費2,511千元、其他業務租金69千元、保險費120千元、兼職費747千元、按日按件計資酬金7,416千元、物品112千元、一般事務費2千元、車輛及辦公器具養護費19千元、國內旅費178千元、短程車資2千元）。","0","true","","","","","","","","",""
"6157012010","社會保險行政工作","35,899","03","全民健康保險爭議審議作業","2000","業務費","2072","國內旅費","用途別二級","178","1.辦理全民健康保險爭議審議相關業務，計列12,229千元（教育訓練費3千元、通訊費1,050千元、資訊服務費2,511千元、其他業務租金69千元、保險費120千元、兼職費747千元、按日按件計資酬金7,416千元、物品112千元、一般事務費2千元、車輛及辦公器具養護費19千元、國內旅費178千元、短程車資2千元）。","0","true","","","","","","","","",""
"6157012010","社會保險行政工作","35,899","03","全民健康保險爭議審議作業","2000","業務費","2084","短程車資","用途別二級","2","1.辦理全民健康保險爭議審議相關業務，計列12,229千元（教育訓練費3千元、通訊費1,050千元、資訊服務費2,511千元、其他業務租金69千元、保險費120千元、兼職費747千元、按日按件計資酬金7,416千元、物品112千元、一般事務費2千元、車輛及辦公器具養護費19千元、國內旅費178千元、短程車資2千元）。","0","true","","true","","","","","","",""
"6157012010","社會保險行政工作","35,899","03","全民健康保險爭議審議作業","3000","設備及投資","","","用途別一級","1118","3.增修全民健康保險爭議審議會資訊整合系統等，計列1,118千元（資本門）（資訊軟硬體設備費）。","2","true","","","","","","","","",""
"6157012010","社會保險行政工作","35,899","03","全民健康保險爭議審議作業","3000","設備及投資","3030","資訊軟硬體設備費","用途別二級","1118","3.增修全民健康保險爭議審議會資訊整合系統等，計列1,118千元（資本門）（資訊軟硬體設備費）。","2","true","","true","","","","","","",""
"6157012010","社會保險行政工作","35,899","04","國民年金保險管理","","","","","分支計畫","3448","","","","","","","","","","","",""
"6157012010","社會保險行政工作","35,899","04","國民年金保險管理","2000","業務費","","","用途別一級","2461","","","","","","","","","","","",""
"6157012010","社會保險行政工作","35,899","04","國民年金保險管理","2000","業務費","2009","通訊費","用途別二級","210","1.辦理國民年金保險相關業務，計列616千元（通訊費210千元、保險費2千元、按日按件計資酬金181千元、物品140千元、一般事務費15千元、國內旅費68千元）。","0","true","","","","","","","","",""
"6157012010","社會保險行政工作","35,899","04","國民年金保險管理","2000","業務費","2018","資訊服務費","用途別二級","1755","2.維護及增修國民年金所得未達一定標準比對及審核管理資訊系統，計列2,742千元（含資本門987千元）（資訊服務費1,755千元、資訊軟硬體設備費987千元）。","1","true","","","","","","","","",""
"6157012010","社會保險行政工作","35,899","04","國民年金保險管理","2000","業務費","2027","保險費","用途別二級","2","1.辦理國民年金保險相關業務，計列616千元（通訊費210千元、保險費2千元、按日按件計資酬金181千元、物品140千元、一般事務費15千元、國內旅費68千元）。","0","true","","","","","","","","",""
"6157012010","社會保險行政工作","35,899","04","國民年金保險管理","2000","業務費","2036","按日按件計資酬金","用途別二級","181","1.辦理國民年金保險相關業務，計列616千元（通訊費210千元、保險費2千元、按日按件計資酬金181千元、物品140千元、一般事務費15千元、國內旅費68千元）。","0","true","","","","","","","","",""
"6157012010","社會保險行政工作","35,899","04","國民年金保險管理","2000","業務費","2051","物品","用途別二級","140","1.辦理國民年金保險相關業務，計列616千元（通訊費210千元、保險費2千元、按日按件計資酬金181千元、物品140千元、一般事務費15千元、國內旅費68千元）。","0","true","","","","","","","","",""
"6157012010","社會保險行政工作","35,899","04","國民年金保險管理","2000","業務費","2054","一般事務費","用途別二級","15","1.辦理國民年金保險相關業務，計列616千元（通訊費210千元、保險費2千元、按日按件計資酬金181千元、物品140千元、一般事務費15千元、國內旅費68千元）。","0","true","","","","","","","","",""
"6157012010","社會保險行政工作","35,899","04","國民年金保險管理","2000","業務費","2072","國內旅費","用途別二級","68","1.辦理國民年金保險相關業務，計列616千元（通訊費210千元、保險費2千元、按日按件計資酬金181千元、物品140千元、一般事務費15千元、國內旅費68千元）。","0","true","","","","","","","","",""
"6157012010","社會保險行政工作","35,899","04","國民年金保險管理","2000","業務費","2078","國外旅費","用途別二級","90","3.參加2026年東亞社會政策網絡（EASP），計列90千元（國外旅費）。","2","","","true","","","","","","",""
"6157012010","社會保險行政工作","35,899","04","國民年金保險管理","3000","設備及投資","","","用途別一級","987","2.維護及增修國民年金所得未達一定標準比對及審核管理資訊系統，計列2,742千元（含資本門987千元）（資訊服務費1,755千元、資訊軟硬體設備費987千元）。","1","true","","","","","","","","",""
"6157012010","社會保險行政工作","35,899","04","國民年金保險管理","3000","設備及投資","3030","資訊軟硬體設備費","用途別二級","987","2.維護及增修國民年金所得未達一定標準比對及審核管理資訊系統，計列2,742千元（含資本門987千元）（資訊服務費1,755千元、資訊軟硬體設備費987千元）。","1","true","","","","","","","","",""
"6157012010","社會保險行政工作","35,899","05","國民年金監理及審議","","","","","分支計畫","5642","","","","","","","","","","","",""
"6157012010","社會保險行政工作","35,899","05","國民年金監理及審議","2000","業務費","","","用途別一級","5325","","","","","","","","","","","",""
"6157012010","社會保險行政工作","35,899","05","國民年金監理及審議","2000","業務費","2006","水電費","用途別二級","92","1.辦理國民年金保險監理業務及審議保險爭議事項，計列4,648千元（水電費92千元、通訊費509千元、權利使用費56千元、資訊服務費147千元、其他業務租金125千元、保險費27千元、兼職費1,260千元、按日按件計資酬金295千元、國內組織會費30千元、物品109千元、一般事務費1,810千元、國內旅費180千元、短程車資8千元）。","0","true","","","","","","","","",""
"6157012010","社會保險行政工作","35,899","05","國民年金監理及審議","2000","業務費","2009","通訊費","用途別二級","509","1.辦理國民年金保險監理業務及審議保險爭議事項，計列4,648千元（水電費92千元、通訊費509千元、權利使用費56千元、資訊服務費147千元、其他業務租金125千元、保險費27千元、兼職費1,260千元、按日按件計資酬金295千元、國內組織會費30千元、物品109千元、一般事務費1,810千元、國內旅費180千元、短程車資8千元）。","0","true","","","","","","","","",""
"6157012010","社會保險行政工作","35,899","05","國民年金監理及審議","2000","業務費","2015","權利使用費","用途別二級","56","1.辦理國民年金保險監理業務及審議保險爭議事項，計列4,648千元（水電費92千元、通訊費509千元、權利使用費56千元、資訊服務費147千元、其他業務租金125千元、保險費27千元、兼職費1,260千元、按日按件計資酬金295千元、國內組織會費30千元、物品109千元、一般事務費1,810千元、國內旅費180千元、短程車資8千元）。","0","true","","","","","","","","",""
"6157012010","社會保險行政工作","35,899","05","國民年金監理及審議","2000","業務費","2018","資訊服務費","用途別二級","397","","","","","","","","","","","",""
"6157012010","社會保險行政工作","35,899","05","國民年金監理及審議","2000","業務費","2021","其他業務租金","用途別二級","125","1.辦理國民年金保險監理業務及審議保險爭議事項，計列4,648千元（水電費92千元、通訊費509千元、權利使用費56千元、資訊服務費147千元、其他業務租金125千元、保險費27千元、兼職費1,260千元、按日按件計資酬金295千元、國內組織會費30千元、物品109千元、一般事務費1,810千元、國內旅費180千元、短程車資8千元）。","0","true","","","","","","","","",""
"6157012010","社會保險行政工作","35,899","05","國民年金監理及審議","2000","業務費","2027","保險費","用途別二級","27","1.辦理國民年金保險監理業務及審議保險爭議事項，計列4,648千元（水電費92千元、通訊費509千元、權利使用費56千元、資訊服務費147千元、其他業務租金125千元、保險費27千元、兼職費1,260千元、按日按件計資酬金295千元、國內組織會費30千元、物品109千元、一般事務費1,810千元、國內旅費180千元、短程車資8千元）。","0","true","","","","","","","","",""
"6157012010","社會保險行政工作","35,899","05","國民年金監理及審議","2000","業務費","2030","兼職費","用途別二級","1260","1.辦理國民年金保險監理業務及審議保險爭議事項，計列4,648千元（水電費92千元、通訊費509千元、權利使用費56千元、資訊服務費147千元、其他業務租金125千元、保險費27千元、兼職費1,260千元、按日按件計資酬金295千元、國內組織會費30千元、物品109千元、一般事務費1,810千元、國內旅費180千元、短程車資8千元）。","0","true","","","","","","","","",""
"6157012010","社會保險行政工作","35,899","05","國民年金監理及審議","2000","業務費","2036","按日按件計資酬金","用途別二級","295","1.辦理國民年金保險監理業務及審議保險爭議事項，計列4,648千元（水電費92千元、通訊費509千元、權利使用費56千元、資訊服務費147千元、其他業務租金125千元、保險費27千元、兼職費1,260千元、按日按件計資酬金295千元、國內組織會費30千元、物品109千元、一般事務費1,810千元、國內旅費180千元、短程車資8千元）。","0","true","","","","","","","","",""
"6157012010","社會保險行政工作","35,899","05","國民年金監理及審議","2000","業務費","2045","國內組織會費","用途別二級","30","1.辦理國民年金保險監理業務及審議保險爭議事項，計列4,648千元（水電費92千元、通訊費509千元、權利使用費56千元、資訊服務費147千元、其他業務租金125千元、保險費27千元、兼職費1,260千元、按日按件計資酬金295千元、國內組織會費30千元、物品109千元、一般事務費1,810千元、國內旅費180千元、短程車資8千元）。","0","true","","","","","","","","",""
"6157012010","社會保險行政工作","35,899","05","國民年金監理及審議","2000","業務費","2051","物品","用途別二級","109","1.辦理國民年金保險監理業務及審議保險爭議事項，計列4,648千元（水電費92千元、通訊費509千元、權利使用費56千元、資訊服務費147千元、其他業務租金125千元、保險費27千元、兼職費1,260千元、按日按件計資酬金295千元、國內組織會費30千元、物品109千元、一般事務費1,810千元、國內旅費180千元、短程車資8千元）。","0","true","","","","","","","","",""
"6157012010","社會保險行政工作","35,899","05","國民年金監理及審議","2000","業務費","2054","一般事務費","用途別二級","1810","1.辦理國民年金保險監理業務及審議保險爭議事項，計列4,648千元（水電費92千元、通訊費509千元、權利使用費56千元、資訊服務費147千元、其他業務租金125千元、保險費27千元、兼職費1,260千元、按日按件計資酬金295千元、國內組織會費30千元、物品109千元、一般事務費1,810千元、國內旅費180千元、短程車資8千元）。","0","true","","","","","","","","",""
"6157012010","社會保險行政工作","35,899","05","國民年金監理及審議","2000","業務費","2072","國內旅費","用途別二級","180","1.辦理國民年金保險監理業務及審議保險爭議事項，計列4,648千元（水電費92千元、通訊費509千元、權利使用費56千元、資訊服務費147千元、其他業務租金125千元、保險費27千元、兼職費1,260千元、按日按件計資酬金295千元、國內組織會費30千元、物品109千元、一般事務費1,810千元、國內旅費180千元、短程車資8千元）。","0","true","","","","","","","","",""
"6157012010","社會保險行政工作","35,899","05","國民年金監理及審議","2000","業務費","2078","國外旅費","用途別二級","427","3.與勞動部勞動基金運用局共同訪察115年國民年金保險基金國外投資委託經營受託機構，計列427千元（國外旅費）。","2","","","true","","","","","","",""
"6157012010","社會保險行政工作","35,899","05","國民年金監理及審議","2000","業務費","2084","短程車資","用途別二級","8","1.辦理國民年金保險監理業務及審議保險爭議事項，計列4,648千元（水電費92千元、通訊費509千元、權利使用費56千元、資訊服務費147千元、其他業務租金125千元、保險費27千元、兼職費1,260千元、按日按件計資酬金295千元、國內組織會費30千元、物品109千元、一般事務費1,810千元、國內旅費180千元、短程車資8千元）。","0","true","","","","","","","","",""
"6157012010","社會保險行政工作","35,899","05","國民年金監理及審議","3000","設備及投資","","","用途別一級","317","2.維護及增修國民年金爭議審議案件管理資訊系統，計列567千元（含資本門317千元）（資訊服務費250千元、資訊軟硬體設備費317千元）。","1","true","","","","","","","","",""
"6157012010","社會保險行政工作","35,899","05","國民年金監理及審議","3000","設備及投資","3030","資訊軟硬體設備費","用途別二級","317","2.維護及增修國民年金爭議審議案件管理資訊系統，計列567千元（含資本門317千元）（資訊服務費250千元、資訊軟硬體設備費317千元）。","1","true","","true","","","","","","",""
"6157012010","社會保險行政工作","35,899","06","衛福數位基礎建設","","","","","分支計畫","3000","","","","","","","","","","","",""
"6157012010","社會保險行政工作","35,899","06","衛福數位基礎建設","2000","業務費","","","用途別一級","1000","辦理資料標準化訂定與導入、相關資料庫建置整合及發展大型語言模型與加值應用等，計列3,000千元（含資本門2,000千元）（資訊服務費1,000千元、資訊軟硬體設備費2,000千元）。","0","true","","","","","","","","",""
"6157012010","社會保險行政工作","35,899","06","衛福數位基礎建設","2000","業務費","2018","資訊服務費","用途別二級","1000","辦理資料標準化訂定與導入、相關資料庫建置整合及發展大型語言模型與加值應用等，計列3,000千元（含資本門2,000千元）（資訊服務費1,000千元、資訊軟硬體設備費2,000千元）。","0","true","","","","","","","","",""
"6157012010","社會保險行政工作","35,899","06","衛福數位基礎建設","3000","設備及投資","","","用途別一級","2000","辦理資料標準化訂定與導入、相關資料庫建置整合及發展大型語言模型與加值應用等，計列3,000千元（含資本門2,000千元）（資訊服務費1,000千元、資訊軟硬體設備費2,000千元）。","0","true","","","","","","","","",""
"6157012010","社會保險行政工作","35,899","06","衛福數位基礎建設","3000","設備及投資","3030","資訊軟硬體設備費","用途別二級","2000","辦理資料標準化訂定與導入、相關資料庫建置整合及發展大型語言模型與加值應用等，計列3,000千元（含資本門2,000千元）（資訊服務費1,000千元、資訊軟硬體設備費2,000千元）。","0","true","","","","","","","","",""
"6157012020","社會保險補助","250,295,722","01","漁民及其他團體健保費補助","","","","","分支計畫","31155316","","","","","","","","","","","",""
"6157012020","社會保險補助","250,295,722","01","漁民及其他團體健保費補助","4000","獎補助費","","","用途別一級","31155316","2.本計畫所需保險費補助，共需經費31,155,316千元（社會保險負擔），其內容如下：(1)預計補助漁民及其眷屬（第3類第2目）478,525人，計列5,941,398千元。","1","true","","","","","","","","",""
"6157012020","社會保險補助","250,295,722","01","漁民及其他團體健保費補助","4000","獎補助費","4055","社會保險負擔","用途別二級","31155316","2.本計畫所需保險費補助，共需經費31,155,316千元（社會保險負擔），其內容如下：(1)預計補助漁民及其眷屬（第3類第2目）478,525人，計列5,941,398千元。(2)預計補助地區團體保險對象（第6類第2目）3,250,934人，計列21,487,373千元。(3)預計追溯更正調整、中斷保險費開單，計列2,400,000千元。(4)預計編列以前年度撥付不足款，計列1,326,545千元。","1","","","true","","","","","true","",""
"6157012020","社會保險補助","250,295,722","02","政府應負擔健保費法定下限","","","","","分支計畫","129800000","","","","","","","","","","","",""
"6157012020","社會保險補助","250,295,722","02","政府應負擔健保費法定下限","4000","獎補助費","","","用途別一級","129800000","依據全民健康保險法第3條：「政府每年度負擔本保險之總經費，不得少於每年度保險經費扣除法定收入後金額之36％」，編列本年度及以前年度撥付不足款，計列129,800,000千元（社會保險負擔）。","0","true","","","","","","","","",""
"6157012020","社會保險補助","250,295,722","02","政府應負擔健保費法定下限","4000","獎補助費","4055","社會保險負擔","用途別二級","129800000","依據全民健康保險法第3條：「政府每年度負擔本保險之總經費，不得少於每年度保險經費扣除法定收入後金額之36％」，編列本年度及以前年度撥付不足款，計列129,800,000千元（社會保險負擔）。","0","true","","true","","","","","","",""
"6157012020","社會保險補助","250,295,722","03","公益彩券回饋金協助弱勢族群排除就醫障礙","","","","","分支計畫","292272","","","","","","","","","","","",""
"6157012020","社會保險補助","250,295,722","03","公益彩券回饋金協助弱勢族群排除就醫障礙","4000","獎補助費","","","用途別一級","292272","2.協助弱勢民眾繳納就醫相關費用及健保相關欠費，計列292,272千元（收支併列）（對特種基金之補助）。","1","true","","","","","","","","",""
"6157012020","社會保險補助","250,295,722","03","公益彩券回饋金協助弱勢族群排除就醫障礙","4000","獎補助費","4030","對特種基金之補助","用途別二級","292272","2.協助弱勢民眾繳納就醫相關費用及健保相關欠費，計列292,272千元（收支併列）（對特種基金之補助）。","1","true","","true","","","","","","",""
"6157012020","社會保險補助","250,295,722","04","低收入戶健保費及醫療補助","","","","","分支計畫","8244743","","","","","","","","","","","",""
"6157012020","社會保險補助","250,295,722","04","低收入戶健保費及醫療補助","4000","獎補助費","","","用途別一級","8244743","","","","","","","","","","","",""
"6157012020","社會保險補助","250,295,722","04","低收入戶健保費及醫療補助","4000","獎補助費","4055","社會保險負擔","用途別二級","7227277","1.依據全民健康保險法第27條及社會救助法第19條規定，低收入戶健保費由中央社政主管機關全額補助，係按低收入戶每人每月健保費，及低收入戶人數推估，計列7,227,277千元（其中6,902,000千元，以特種貨物及勞務稅收入為財源，採收支併列方式）（社會保險負擔）。","0","","","true","","","","","","",""
"6157012020","社會保險補助","250,295,722","04","低收入戶健保費及醫療補助","4000","獎補助費","4065","社會福利津貼及濟助","用途別二級","1017466","2.依據全民健康保險法第49條規定，低收入戶門診及住院部分負擔由中央社政主管機關編列預算補助，分別按門診、住院平均成長率推估，計列1,017,466千元（社會福利津貼及濟助）。","1","","","true","","","","","","",""
"6157012020","社會保險補助","250,295,722","05","中低收入戶健保費補助","","","","","分支計畫","662000","","","","","","","","","","","",""
"6157012020","社會保險補助","250,295,722","05","中低收入戶健保費補助","4000","獎補助費","","","用途別一級","662000","依據社會救助法第19條規定，中低收入戶參加全民健康保險應自付之保險費，由中央主管機關補助二分之一，按中低收入戶自付健保二分之一每人每年3,840元，及中低收入戶18歲以上、70歲以下人數推估，計列662,000千元（對特種基金之補助）。","0","true","","","","","","","","",""
"6157012020","社會保險補助","250,295,722","05","中低收入戶健保費補助","4000","獎補助費","4030","對特種基金之補助","用途別二級","662000","依據社會救助法第19條規定，中低收入戶參加全民健康保險應自付之保險費，由中央主管機關補助二分之一，按中低收入戶自付健保二分之一每人每年3,840元，及中低收入戶18歲以上、70歲以下人數推估，計列662,000千元（對特種基金之補助）。","0","true","","true","","","","","","",""
"6157012020","社會保險補助","250,295,722","06","國民年金保險補助","","","","","分支計畫","80141391","","","","","","","","","","","",""
"6157012020","社會保險補助","250,295,722","06","國民年金保險補助","","","","","未歸戶說明","","1.依據國民年金法第31條及第35條規定，對符合要件之年滿65歲，在國內設有戶籍，且於最近3年內每年居住超過183日之國民，與符合要件之身心障礙國民，分別每月發給老年基本保證年金及身心障礙基本保證年金，共需經費15,482,372千元（社會保險負擔），其內容如下：(1)老年基本保證年金係按每人每月4,049元及年金給付請領人數推估，計列14,274,669千元。","","","","","","true","","","","",""
"6157012020","社會保險補助","250,295,722","06","國民年金保險補助","","","","","未歸戶說明","","(2)身心障礙基本保證年金係按每人每月5,437元及年金給付請領人數推估，計列1,207,703千元。","","","","","","true","","","","",""
"6157012020","社會保險補助","250,295,722","06","國民年金保險補助","","","","","未歸戶說明","","2.依據國民年金法第47條規定，編列中央應負擔國民年金款項不足數，計列63,859,863千元（社會保險負擔）。","","","","","","true","","","","",""
"6157012020","社會保險補助","250,295,722","06","國民年金保險補助","","","","","未歸戶說明","","3.我國少子女化對策計畫2.0－提高國民年金保險生育給付，編列加給補助國民年金保險生育給付每胎（雙生以上，比例增給）至10萬元等相關費用，計列799,156千元（社會保險負擔）。","","","","","","true","","","","",""
"6157012020","社會保險補助","250,295,722","06","國民年金保險補助","4000","獎補助費","","","用途別一級","80141391","","","","","","","","","","","",""
"6157012020","社會保險補助","250,295,722","06","國民年金保險補助","4000","獎補助費","4055","社會保險負擔","用途別二級","80141391","","","","","","","","","","","",""
"6257011000","社會救助業務","295,041","01","督導辦理各項救助","","","","","分支計畫","19075","","","","","","","","","","","",""
"6257011000","社會救助業務","295,041","01","督導辦理各項救助","2000","業務費","","","用途別一級","15610","","","","","","","","","","","",""
"6257011000","社會救助業務","295,041","01","督導辦理各項救助","2000","業務費","2006","水電費","用途別二級","450","2.辦理1957福利諮詢專線，計列13,560千元（含資本門10千元）（水電費450千元、通訊費1,700千元、資訊服務費1,600千元、委辦費9,131千元、一般事務費669千元、資訊軟硬體設備費10千元）（媒體政策及業務宣導123千元）。","1","true","","","","","","","","",""
"6257011000","社會救助業務","295,041","01","督導辦理各項救助","2000","業務費","2009","通訊費","用途別二級","1700","2.辦理1957福利諮詢專線，計列13,560千元（含資本門10千元）（水電費450千元、通訊費1,700千元、資訊服務費1,600千元、委辦費9,131千元、一般事務費669千元、資訊軟硬體設備費10千元）（媒體政策及業務宣導123千元）。","1","true","","","","","","","","",""
"6257011000","社會救助業務","295,041","01","督導辦理各項救助","2000","業務費","2018","資訊服務費","用途別二級","1835","","","","","","","","","","","",""
"6257011000","社會救助業務","295,041","01","督導辦理各項救助","2000","業務費","2021","其他業務租金","用途別二級","59","1.舉辦社會救助業務人員研習、座談、訓練，製作教材等，輔導民間投資興辦救助事業，督導救助業務及替代役管理等所需行政費用，計列560千元（資訊服務費235千元、其他業務租金59千元、保險費2千元、按日按件計資酬金17千元、物品31千元、一般事務費144千元、國內旅費68千元、短程車資4千元）。","0","true","","","","","","","","",""
"6257011000","社會救助業務","295,041","01","督導辦理各項救助","2000","業務費","2027","保險費","用途別二級","2","1.舉辦社會救助業務人員研習、座談、訓練，製作教材等，輔導民間投資興辦救助事業，督導救助業務及替代役管理等所需行政費用，計列560千元（資訊服務費235千元、其他業務租金59千元、保險費2千元、按日按件計資酬金17千元、物品31千元、一般事務費144千元、國內旅費68千元、短程車資4千元）。","0","true","","","","","","","","",""
"6257011000","社會救助業務","295,041","01","督導辦理各項救助","2000","業務費","2033","約用人員酬金","用途別二級","1500","3.約用人員2名，計列1,500千元（約用人員酬金）。","2","","","true","","","","","","",""
"6257011000","社會救助業務","295,041","01","督導辦理各項救助","2000","業務費","2036","按日按件計資酬金","用途別二級","17","1.舉辦社會救助業務人員研習、座談、訓練，製作教材等，輔導民間投資興辦救助事業，督導救助業務及替代役管理等所需行政費用，計列560千元（資訊服務費235千元、其他業務租金59千元、保險費2千元、按日按件計資酬金17千元、物品31千元、一般事務費144千元、國內旅費68千元、短程車資4千元）。","0","true","","","","","","","","",""
"6257011000","社會救助業務","295,041","01","督導辦理各項救助","2000","業務費","2039","委辦費","用途別二級","9131","2.辦理1957福利諮詢專線，計列13,560千元（含資本門10千元）（水電費450千元、通訊費1,700千元、資訊服務費1,600千元、委辦費9,131千元、一般事務費669千元、資訊軟硬體設備費10千元）（媒體政策及業務宣導123千元）。","1","true","","","","","","","","",""
"6257011000","社會救助業務","295,041","01","督導辦理各項救助","2000","業務費","2051","物品","用途別二級","31","1.舉辦社會救助業務人員研習、座談、訓練，製作教材等，輔導民間投資興辦救助事業，督導救助業務及替代役管理等所需行政費用，計列560千元（資訊服務費235千元、其他業務租金59千元、保險費2千元、按日按件計資酬金17千元、物品31千元、一般事務費144千元、國內旅費68千元、短程車資4千元）。","0","true","","","","","","","","",""
"6257011000","社會救助業務","295,041","01","督導辦理各項救助","2000","業務費","2054","一般事務費","用途別二級","813","","","","","","","","","","","",""
"6257011000","社會救助業務","295,041","01","督導辦理各項救助","2000","業務費","2072","國內旅費","用途別二級","68","1.舉辦社會救助業務人員研習、座談、訓練，製作教材等，輔導民間投資興辦救助事業，督導救助業務及替代役管理等所需行政費用，計列560千元（資訊服務費235千元、其他業務租金59千元、保險費2千元、按日按件計資酬金17千元、物品31千元、一般事務費144千元、國內旅費68千元、短程車資4千元）。","0","true","","","","","","","","",""
"6257011000","社會救助業務","295,041","01","督導辦理各項救助","2000","業務費","2084","短程車資","用途別二級","4","1.舉辦社會救助業務人員研習、座談、訓練，製作教材等，輔導民間投資興辦救助事業，督導救助業務及替代役管理等所需行政費用，計列560千元（資訊服務費235千元、其他業務租金59千元、保險費2千元、按日按件計資酬金17千元、物品31千元、一般事務費144千元、國內旅費68千元、短程車資4千元）。","0","true","","","","","","","","",""
"6257011000","社會救助業務","295,041","01","督導辦理各項救助","3000","設備及投資","","","用途別一級","10","2.辦理1957福利諮詢專線，計列13,560千元（含資本門10千元）（水電費450千元、通訊費1,700千元、資訊服務費1,600千元、委辦費9,131千元、一般事務費669千元、資訊軟硬體設備費10千元）（媒體政策及業務宣導123千元）。","1","true","","","","","","","","",""
"6257011000","社會救助業務","295,041","01","督導辦理各項救助","3000","設備及投資","3030","資訊軟硬體設備費","用途別二級","10","2.辦理1957福利諮詢專線，計列13,560千元（含資本門10千元）（水電費450千元、通訊費1,700千元、資訊服務費1,600千元、委辦費9,131千元、一般事務費669千元、資訊軟硬體設備費10千元）（媒體政策及業務宣導123千元）。","1","true","","","","","","","","",""
"6257011000","社會救助業務","295,041","01","督導辦理各項救助","4000","獎補助費","","","用途別一級","3455","","","","","","","","","","","",""
"6257011000","社會救助業務","295,041","01","督導辦理各項救助","4000","獎補助費","4040","對國內團體之捐助","用途別二級","2978","4.捐助國內團體辦理遊民收容輔導、社會救助及自立脫貧方案、低收及中低收入戶資訊教育訓練、社會救助及災民收容救濟研習、實物給付服務方案等，計列2,978千元（對國內團體之捐助）。","3","","","true","","","","","","",""
"6257011000","社會救助業務","295,041","01","督導辦理各項救助","4000","獎補助費","4065","社會福利津貼及濟助","用途別二級","477","5.辦理災害救助及慰問等，計列477千元（社會福利津貼及濟助）。","4","","","true","","","","","","",""
"6257011000","社會救助業務","295,041","02","低收入戶健保病患住院膳食費濟助","","","","","分支計畫","93661","","","","","","","","","","","",""
"6257011000","社會救助業務","295,041","02","低收入戶健保病患住院膳食費濟助","2000","業務費","","","用途別一級","600","1.辦理全民健康保險低收入戶（第5類）住院病患膳食費（健保不給付範圍）給付業務之行政事務費，計列600千元（委辦費）。","0","true","","","","","","","","",""
"6257011000","社會救助業務","295,041","02","低收入戶健保病患住院膳食費濟助","2000","業務費","2039","委辦費","用途別二級","600","1.辦理全民健康保險低收入戶（第5類）住院病患膳食費（健保不給付範圍）給付業務之行政事務費，計列600千元（委辦費）。","0","true","","true","","","","","","",""
"6257011000","社會救助業務","295,041","02","低收入戶健保病患住院膳食費濟助","4000","獎補助費","","","用途別一級","93061","2.辦理全民健康保險低收入戶（第5類）住院病患膳食費（健保不給付範圍）給付業務，依本部中央健康保險署統計住院人次及所訂分擔比例撥付相關膳食費，計列93,061千元（社會福利津貼及濟助）。","1","true","","","","","","","","",""
"6257011000","社會救助業務","295,041","02","低收入戶健保病患住院膳食費濟助","4000","獎補助費","4065","社會福利津貼及濟助","用途別二級","93061","2.辦理全民健康保險低收入戶（第5類）住院病患膳食費（健保不給付範圍）給付業務，依本部中央健康保險署統計住院人次及所訂分擔比例撥付相關膳食費，計列93,061千元（社會福利津貼及濟助）。","1","true","","true","","","","","","",""
"6257011000","社會救助業務","295,041","03","小康計畫精神病患收治","","","","","分支計畫","130571","","","","","","","","","","","",""
"6257011000","社會救助業務","295,041","03","小康計畫精神病患收治","2000","業務費","","","用途別一級","39","1.本部草屯療養院、玉里醫院，及委託私立臺中仁愛之家、臺南仁愛之家、高雄仁愛之家等5個機構賡續收治小康計畫精神病患，計列39千元（通訊費9千元、物品1千元、一般事務費8千元、國內旅費20千元、短程車資1千元）。","0","true","","","","","","","","",""
"6257011000","社會救助業務","295,041","03","小康計畫精神病患收治","2000","業務費","2009","通訊費","用途別二級","9","1.本部草屯療養院、玉里醫院，及委託私立臺中仁愛之家、臺南仁愛之家、高雄仁愛之家等5個機構賡續收治小康計畫精神病患，計列39千元（通訊費9千元、物品1千元、一般事務費8千元、國內旅費20千元、短程車資1千元）。","0","true","","","","","","","","",""
"6257011000","社會救助業務","295,041","03","小康計畫精神病患收治","2000","業務費","2051","物品","用途別二級","1","1.本部草屯療養院、玉里醫院，及委託私立臺中仁愛之家、臺南仁愛之家、高雄仁愛之家等5個機構賡續收治小康計畫精神病患，計列39千元（通訊費9千元、物品1千元、一般事務費8千元、國內旅費20千元、短程車資1千元）。","0","true","","true","","","","","","",""
"6257011000","社會救助業務","295,041","03","小康計畫精神病患收治","2000","業務費","2054","一般事務費","用途別二級","8","1.本部草屯療養院、玉里醫院，及委託私立臺中仁愛之家、臺南仁愛之家、高雄仁愛之家等5個機構賡續收治小康計畫精神病患，計列39千元（通訊費9千元、物品1千元、一般事務費8千元、國內旅費20千元、短程車資1千元）。","0","true","","","","","","","","",""
"6257011000","社會救助業務","295,041","03","小康計畫精神病患收治","2000","業務費","2072","國內旅費","用途別二級","20","1.本部草屯療養院、玉里醫院，及委託私立臺中仁愛之家、臺南仁愛之家、高雄仁愛之家等5個機構賡續收治小康計畫精神病患，計列39千元（通訊費9千元、物品1千元、一般事務費8千元、國內旅費20千元、短程車資1千元）。","0","true","","","","","","","","",""
"6257011000","社會救助業務","295,041","03","小康計畫精神病患收治","2000","業務費","2084","短程車資","用途別二級","1","1.本部草屯療養院、玉里醫院，及委託私立臺中仁愛之家、臺南仁愛之家、高雄仁愛之家等5個機構賡續收治小康計畫精神病患，計列39千元（通訊費9千元、物品1千元、一般事務費8千元、國內旅費20千元、短程車資1千元）。","0","true","","true","","","","","","",""
"6257011000","社會救助業務","295,041","03","小康計畫精神病患收治","4000","獎補助費","","","用途別一級","130532","2.補助小康計畫精神病患托育養護費、精神病健保不給付之醫療費用及住院看護費，計列130,532千元（公費就養及醫療補助）。","1","true","","","","","","","","",""
"6257011000","社會救助業務","295,041","03","小康計畫精神病患收治","4000","獎補助費","4070","公費就養及醫療補助","用途別二級","130532","2.補助小康計畫精神病患托育養護費、精神病健保不給付之醫療費用及住院看護費，計列130,532千元（公費就養及醫療補助）。","1","true","","true","","","","","","",""
"6257011000","社會救助業務","295,041","04","紓困及強化社會安全網2.0","","","","","分支計畫","43003","","","","","","","","","","","",""
"6257011000","社會救助業務","295,041","04","紓困及強化社會安全網2.0","2000","業務費","","","用途別一級","26054","","","","","","","","","","","",""
"6257011000","社會救助業務","295,041","04","紓困及強化社會安全網2.0","2000","業務費","2009","通訊費","用途別二級","6745","","","","","","","","","","","",""
"6257011000","社會救助業務","295,041","04","紓困及強化社會安全網2.0","2000","業務費","2018","資訊服務費","用途別二級","1535","","","","","","","","","","","",""
"6257011000","社會救助業務","295,041","04","紓困及強化社會安全網2.0","2000","業務費","2027","保險費","用途別二級","2","1.依據社會救助法第21條規定，辦理急難救助金之核定發給、業務研習等，計列2,075千元（通訊費5千元、資訊服務費35千元、保險費2千元、按日按件計資酬金5千元、物品2千元、一般事務費104千元、國內旅費239千元、短程車資2千元、社會福利津貼及濟助1,681千元）。","0","true","","true","","","","","","",""
"6257011000","社會救助業務","295,041","04","紓困及強化社會安全網2.0","2000","業務費","2033","約用人員酬金","用途別二級","750","(2)約用人員1名，計列750千元（約用人員酬金）。","2","","","true","","","","","","",""
"6257011000","社會救助業務","295,041","04","紓困及強化社會安全網2.0","2000","業務費","2036","按日按件計資酬金","用途別二級","305","","","","","","","","","","","",""
"6257011000","社會救助業務","295,041","04","紓困及強化社會安全網2.0","2000","業務費","2051","物品","用途別二級","2","1.依據社會救助法第21條規定，辦理急難救助金之核定發給、業務研習等，計列2,075千元（通訊費5千元、資訊服務費35千元、保險費2千元、按日按件計資酬金5千元、物品2千元、一般事務費104千元、國內旅費239千元、短程車資2千元、社會福利津貼及濟助1,681千元）。","0","true","","true","","","","","","",""
"6257011000","社會救助業務","295,041","04","紓困及強化社會安全網2.0","2000","業務費","2054","一般事務費","用途別二級","16474","","","","","","","","","","","",""
"6257011000","社會救助業務","295,041","04","紓困及強化社會安全網2.0","2000","業務費","2072","國內旅費","用途別二級","239","1.依據社會救助法第21條規定，辦理急難救助金之核定發給、業務研習等，計列2,075千元（通訊費5千元、資訊服務費35千元、保險費2千元、按日按件計資酬金5千元、物品2千元、一般事務費104千元、國內旅費239千元、短程車資2千元、社會福利津貼及濟助1,681千元）。","0","true","","","","","","","","",""
"6257011000","社會救助業務","295,041","04","紓困及強化社會安全網2.0","2000","業務費","2084","短程車資","用途別二級","2","2.辦理強化社會安全網2.0，共需經費40,928千元，其內容如下：(1)辦理脫貧自立、在地社區實物服務拓展、兒少教育發展帳戶等所需行政費用，計列24,910千元（通訊費6,740千元、資訊服務費1,500千元、按日按件計資酬金300千元、一般事務費16,370千元）。","1","","","","true","","","false","","",""
"6257011000","社會救助業務","295,041","04","紓困及強化社會安全網2.0","3000","設備及投資","","","用途別一級","1700","(3)增修急難紓困專案系統，計列1,700千元（資本門）（資訊軟硬體設備費）。","3","true","","","","","","","","",""
"6257011000","社會救助業務","295,041","04","紓困及強化社會安全網2.0","3000","設備及投資","3030","資訊軟硬體設備費","用途別二級","1700","(3)增修急難紓困專案系統，計列1,700千元（資本門）（資訊軟硬體設備費）。","3","true","","true","","","","","","",""
"6257011000","社會救助業務","295,041","04","紓困及強化社會安全網2.0","4000","獎補助費","","","用途別一級","15249","","","","","","","","","","","",""
"6257011000","社會救助業務","295,041","04","紓困及強化社會安全網2.0","4000","獎補助費","4065","社會福利津貼及濟助","用途別二級","1681","1.依據社會救助法第21條規定，辦理急難救助金之核定發給、業務研習等，計列2,075千元（通訊費5千元、資訊服務費35千元、保險費2千元、按日按件計資酬金5千元、物品2千元、一般事務費104千元、國內旅費239千元、短程車資2千元、社會福利津貼及濟助1,681千元）。","0","true","","","","","","","","",""
"6257011000","社會救助業務","295,041","04","紓困及強化社會安全網2.0","4000","獎補助費","4085","獎勵及慰問","用途別二級","13568","(4)獎勵兒少教育發展帳戶持續存款開戶者，依據兒童及少年未來教育與發展帳戶條例第13條、獎勵兒童及少年未來教育與發展帳戶開戶人存款辦法第2條規定辦理，計列13,568千元（獎勵金）。","4","","","","","","","","","",""
"6257011000","社會救助業務","295,041","05","衛福數位基礎建設","","","","","分支計畫","8731","","","","","","","","","","","",""
"6257011000","社會救助業務","295,041","05","衛福數位基礎建設","2000","業務費","","","用途別一級","2910","辦理衛福數位基礎建設社會救助、社工服務等相關系統資料整合，計列8,731千元（含資本門5,821千元）（資訊服務費2,910千元、資訊軟硬體設備費5,821千元）。","0","true","","","","","","","","",""
"6257011000","社會救助業務","295,041","05","衛福數位基礎建設","2000","業務費","2018","資訊服務費","用途別二級","2910","辦理衛福數位基礎建設社會救助、社工服務等相關系統資料整合，計列8,731千元（含資本門5,821千元）（資訊服務費2,910千元、資訊軟硬體設備費5,821千元）。","0","true","","","","","","","","",""
"6257011000","社會救助業務","295,041","05","衛福數位基礎建設","3000","設備及投資","","","用途別一級","5821","辦理衛福數位基礎建設社會救助、社工服務等相關系統資料整合，計列8,731千元（含資本門5,821千元）（資訊服務費2,910千元、資訊軟硬體設備費5,821千元）。","0","true","","","","","","","","",""
"6257011000","社會救助業務","295,041","05","衛福數位基礎建設","3000","設備及投資","3030","資訊軟硬體設備費","用途別二級","5821","辦理衛福數位基礎建設社會救助、社工服務等相關系統資料整合，計列8,731千元（含資本門5,821千元）（資訊服務費2,910千元、資訊軟硬體設備費5,821千元）。","0","true","","","","","","","","",""
"6357011000","社工及社區發展業務","44,201","01","規劃建立社會工作專業","","","","","分支計畫","5387","","","","","","","","","","","",""
"6357011000","社工及社區發展業務","44,201","01","規劃建立社會工作專業","2000","業務費","","","用途別一級","4954","","","","","","","","","","","",""
"6357011000","社工及社區發展業務","44,201","01","規劃建立社會工作專業","2000","業務費","2009","通訊費","用途別二級","58","1.依據社會工作師法暨社會工作師接受繼續教育及執業執照更新辦法等相關子法規定，辦理相關制度規劃等所需行政費用，計列935千元（通訊費58千元、資訊服務費500千元、保險費4千元、按日按件計資酬金100千元、物品20千元、一般事務費100千元、國內旅費150千元、短程車資3千元）。","0","true","","","","","","","","",""
"6357011000","社工及社區發展業務","44,201","01","規劃建立社會工作專業","2000","業務費","2018","資訊服務費","用途別二級","500","1.依據社會工作師法暨社會工作師接受繼續教育及執業執照更新辦法等相關子法規定，辦理相關制度規劃等所需行政費用，計列935千元（通訊費58千元、資訊服務費500千元、保險費4千元、按日按件計資酬金100千元、物品20千元、一般事務費100千元、國內旅費150千元、短程車資3千元）。","0","true","","","","","","","","",""
"6357011000","社工及社區發展業務","44,201","01","規劃建立社會工作專業","2000","業務費","2027","保險費","用途別二級","4","1.依據社會工作師法暨社會工作師接受繼續教育及執業執照更新辦法等相關子法規定，辦理相關制度規劃等所需行政費用，計列935千元（通訊費58千元、資訊服務費500千元、保險費4千元、按日按件計資酬金100千元、物品20千元、一般事務費100千元、國內旅費150千元、短程車資3千元）。","0","true","","","","","","","","",""
"6357011000","社工及社區發展業務","44,201","01","規劃建立社會工作專業","2000","業務費","2036","按日按件計資酬金","用途別二級","100","1.依據社會工作師法暨社會工作師接受繼續教育及執業執照更新辦法等相關子法規定，辦理相關制度規劃等所需行政費用，計列935千元（通訊費58千元、資訊服務費500千元、保險費4千元、按日按件計資酬金100千元、物品20千元、一般事務費100千元、國內旅費150千元、短程車資3千元）。","0","true","","true","","","","","","",""
"6357011000","社工及社區發展業務","44,201","01","規劃建立社會工作專業","2000","業務費","2039","委辦費","用途別二級","3882","2.辦理社工師繼續教育課程積分之審查認定作業、專科社工師分科甄審及合格訓練組織認定作業、社會工作實務經驗及業務年資審查工作、社會工作日全國社會工作專業人員表揚活動等，計列3,882千元（委辦費）（媒體政策及業務宣導142千元）。","1","","","true","","","","","","",""
"6357011000","社工及社區發展業務","44,201","01","規劃建立社會工作專業","2000","業務費","2051","物品","用途別二級","20","1.依據社會工作師法暨社會工作師接受繼續教育及執業執照更新辦法等相關子法規定，辦理相關制度規劃等所需行政費用，計列935千元（通訊費58千元、資訊服務費500千元、保險費4千元、按日按件計資酬金100千元、物品20千元、一般事務費100千元、國內旅費150千元、短程車資3千元）。","0","true","","","","","","","","",""
"6357011000","社工及社區發展業務","44,201","01","規劃建立社會工作專業","2000","業務費","2054","一般事務費","用途別二級","100","1.依據社會工作師法暨社會工作師接受繼續教育及執業執照更新辦法等相關子法規定，辦理相關制度規劃等所需行政費用，計列935千元（通訊費58千元、資訊服務費500千元、保險費4千元、按日按件計資酬金100千元、物品20千元、一般事務費100千元、國內旅費150千元、短程車資3千元）。","0","true","","true","","","","","","",""
"6357011000","社工及社區發展業務","44,201","01","規劃建立社會工作專業","2000","業務費","2072","國內旅費","用途別二級","150","1.依據社會工作師法暨社會工作師接受繼續教育及執業執照更新辦法等相關子法規定，辦理相關制度規劃等所需行政費用，計列935千元（通訊費58千元、資訊服務費500千元、保險費4千元、按日按件計資酬金100千元、物品20千元、一般事務費100千元、國內旅費150千元、短程車資3千元）。","0","true","","","","","","","","",""
"6357011000","社工及社區發展業務","44,201","01","規劃建立社會工作專業","2000","業務費","2078","國外旅費","用途別二級","137","3.參加2026年社會工作、教育與社會發展全球國際會議，計列137千元（國外旅費）。","2","","","true","","","","","","",""
"6357011000","社工及社區發展業務","44,201","01","規劃建立社會工作專業","2000","業務費","2084","短程車資","用途別二級","3","1.依據社會工作師法暨社會工作師接受繼續教育及執業執照更新辦法等相關子法規定，辦理相關制度規劃等所需行政費用，計列935千元（通訊費58千元、資訊服務費500千元、保險費4千元、按日按件計資酬金100千元、物品20千元、一般事務費100千元、國內旅費150千元、短程車資3千元）。","0","true","","","","","","","","",""
"6357011000","社工及社區發展業務","44,201","01","規劃建立社會工作專業","4000","獎補助費","","","用途別一級","433","4.捐助國內團體辦理社會工作員相關研習訓練；捐助偏遠地區民間機構、團體社會工作員服務費與專業進修；配合社會工作日辦理專業人員表揚；社會工作推廣及研討會等，計列433千元（對國內團體之捐助）。","3","true","","","","","","","","",""
"6357011000","社工及社區發展業務","44,201","01","規劃建立社會工作專業","4000","獎補助費","4040","對國內團體之捐助","用途別二級","433","4.捐助國內團體辦理社會工作員相關研習訓練；捐助偏遠地區民間機構、團體社會工作員服務費與專業進修；配合社會工作日辦理專業人員表揚；社會工作推廣及研討會等，計列433千元（對國內團體之捐助）。","3","true","","true","","","","","","",""
"6357011000","社工及社區發展業務","44,201","02","建立社會福利志願服務制度","","","","","分支計畫","9605","","","","","","","","","","","",""
"6357011000","社工及社區發展業務","44,201","02","建立社會福利志願服務制度","2000","業務費","","","用途別一級","6734","","","","","","","","","","","",""
"6357011000","社工及社區發展業務","44,201","02","建立社會福利志願服務制度","2000","業務費","2009","通訊費","用途別二級","100","1.辦理志願服務業務等所需行政費用，計列2,661千元（通訊費100千元、其他業務租金110千元、保險費10千元、按日按件計資酬金326千元、物品90千元、一般事務費1,658千元、國內旅費342千元、運費20千元、短程車資5千元）。","0","true","","","","","","","","",""
"6357011000","社工及社區發展業務","44,201","02","建立社會福利志願服務制度","2000","業務費","2018","資訊服務費","用途別二級","2000","2.維護全國志願服務資訊整合系統、社政防救災整合系統，計列2,000千元（資訊服務費）。","1","","","true","","","","","","",""
"6357011000","社工及社區發展業務","44,201","02","建立社會福利志願服務制度","2000","業務費","2021","其他業務租金","用途別二級","110","1.辦理志願服務業務等所需行政費用，計列2,661千元（通訊費100千元、其他業務租金110千元、保險費10千元、按日按件計資酬金326千元、物品90千元、一般事務費1,658千元、國內旅費342千元、運費20千元、短程車資5千元）。","0","true","","","","","","","","",""
"6357011000","社工及社區發展業務","44,201","02","建立社會福利志願服務制度","2000","業務費","2027","保險費","用途別二級","10","1.辦理志願服務業務等所需行政費用，計列2,661千元（通訊費100千元、其他業務租金110千元、保險費10千元、按日按件計資酬金326千元、物品90千元、一般事務費1,658千元、國內旅費342千元、運費20千元、短程車資5千元）。","0","true","","","","","","","","",""
"6357011000","社工及社區發展業務","44,201","02","建立社會福利志願服務制度","2000","業務費","2036","按日按件計資酬金","用途別二級","326","1.辦理志願服務業務等所需行政費用，計列2,661千元（通訊費100千元、其他業務租金110千元、保險費10千元、按日按件計資酬金326千元、物品90千元、一般事務費1,658千元、國內旅費342千元、運費20千元、短程車資5千元）。","0","true","","","","","","","","",""
"6357011000","社工及社區發展業務","44,201","02","建立社會福利志願服務制度","2000","業務費","2039","委辦費","用途別二級","2073","3.辦理志願服務聯繫會報、國際志工日表揚活動，計列2,073千元（委辦費）。","2","","","true","","","","","","",""
"6357011000","社工及社區發展業務","44,201","02","建立社會福利志願服務制度","2000","業務費","2051","物品","用途別二級","90","1.辦理志願服務業務等所需行政費用，計列2,661千元（通訊費100千元、其他業務租金110千元、保險費10千元、按日按件計資酬金326千元、物品90千元、一般事務費1,658千元、國內旅費342千元、運費20千元、短程車資5千元）。","0","true","","","","","","","","",""
"6357011000","社工及社區發展業務","44,201","02","建立社會福利志願服務制度","2000","業務費","2054","一般事務費","用途別二級","1658","1.辦理志願服務業務等所需行政費用，計列2,661千元（通訊費100千元、其他業務租金110千元、保險費10千元、按日按件計資酬金326千元、物品90千元、一般事務費1,658千元、國內旅費342千元、運費20千元、短程車資5千元）。","0","true","","","","","","","","",""
"6357011000","社工及社區發展業務","44,201","02","建立社會福利志願服務制度","2000","業務費","2072","國內旅費","用途別二級","342","1.辦理志願服務業務等所需行政費用，計列2,661千元（通訊費100千元、其他業務租金110千元、保險費10千元、按日按件計資酬金326千元、物品90千元、一般事務費1,658千元、國內旅費342千元、運費20千元、短程車資5千元）。","0","true","","","","","","","","",""
"6357011000","社工及社區發展業務","44,201","02","建立社會福利志願服務制度","2000","業務費","2081","運費","用途別二級","20","1.辦理志願服務業務等所需行政費用，計列2,661千元（通訊費100千元、其他業務租金110千元、保險費10千元、按日按件計資酬金326千元、物品90千元、一般事務費1,658千元、國內旅費342千元、運費20千元、短程車資5千元）。","0","true","","","","","","","","",""
"6357011000","社工及社區發展業務","44,201","02","建立社會福利志願服務制度","2000","業務費","2084","短程車資","用途別二級","5","1.辦理志願服務業務等所需行政費用，計列2,661千元（通訊費100千元、其他業務租金110千元、保險費10千元、按日按件計資酬金326千元、物品90千元、一般事務費1,658千元、國內旅費342千元、運費20千元、短程車資5千元）。","0","true","","","","","","","","",""
"6357011000","社工及社區發展業務","44,201","02","建立社會福利志願服務制度","4000","獎補助費","","","用途別一級","2871","1.辦理志願服務業務等所需行政費用，計列2,661千元（通訊費100千元、其他業務租金110千元、保險費10千元、按日按件計資酬金326千元、物品90千元、一般事務費1,658千元、國內旅費342千元、運費20千元、短程車資5千元）。","0","true","true","","","","","","","",""
"6357011000","社工及社區發展業務","44,201","02","建立社會福利志願服務制度","4000","獎補助費","4040","對國內團體之捐助","用途別二級","2171","4.捐助國內團體辦理社會福利志願服務之研習訓練、獎勵表揚、觀摩及研討會，計列2,171千元（對國內團體之捐助）。","3","","","true","","","","","","",""
"6357011000","社工及社區發展業務","44,201","02","建立社會福利志願服務制度","4000","獎補助費","4085","獎勵及慰問","用途別二級","700","5.選拔、獎勵志願服務績優團隊，依據志願服務法第19條規定辦理，計列700千元（獎勵金）。","4","","","","","","","","","",""
"6357011000","社工及社區發展業務","44,201","03","推展社區發展","","","","","分支計畫","12621","","","","","","","","","","","",""
"6357011000","社工及社區發展業務","44,201","03","推展社區發展","2000","業務費","","","用途別一級","1509","","","","","","","","","","","",""
"6357011000","社工及社區發展業務","44,201","03","推展社區發展","2000","業務費","2009","通訊費","用途別二級","110","1.辦理社區發展工作等所需行政費用，計列805千元（通訊費110千元、其他業務租金3千元、保險費7千元、按日按件計資酬金162千元、物品57千元、一般事務費85千元、國內旅費340千元、運費21千元、短程車資20千元）。","0","true","","","","","","","","",""
"6357011000","社工及社區發展業務","44,201","03","推展社區發展","2000","業務費","2021","其他業務租金","用途別二級","3","1.辦理社區發展工作等所需行政費用，計列805千元（通訊費110千元、其他業務租金3千元、保險費7千元、按日按件計資酬金162千元、物品57千元、一般事務費85千元、國內旅費340千元、運費21千元、短程車資20千元）。","0","true","","","","","","","","",""
"6357011000","社工及社區發展業務","44,201","03","推展社區發展","2000","業務費","2027","保險費","用途別二級","7","1.辦理社區發展工作等所需行政費用，計列805千元（通訊費110千元、其他業務租金3千元、保險費7千元、按日按件計資酬金162千元、物品57千元、一般事務費85千元、國內旅費340千元、運費21千元、短程車資20千元）。","0","true","","","","","","","","",""
"6357011000","社工及社區發展業務","44,201","03","推展社區發展","2000","業務費","2036","按日按件計資酬金","用途別二級","162","1.辦理社區發展工作等所需行政費用，計列805千元（通訊費110千元、其他業務租金3千元、保險費7千元、按日按件計資酬金162千元、物品57千元、一般事務費85千元、國內旅費340千元、運費21千元、短程車資20千元）。","0","true","","","","","","","","",""
"6357011000","社工及社區發展業務","44,201","03","推展社區發展","2000","業務費","2039","委辦費","用途別二級","704","2.辦理績優社區表揚活動等，計列704千元（委辦費）。","1","","","true","","","","","","",""
"6357011000","社工及社區發展業務","44,201","03","推展社區發展","2000","業務費","2051","物品","用途別二級","57","1.辦理社區發展工作等所需行政費用，計列805千元（通訊費110千元、其他業務租金3千元、保險費7千元、按日按件計資酬金162千元、物品57千元、一般事務費85千元、國內旅費340千元、運費21千元、短程車資20千元）。","0","true","","","","","","","","",""
"6357011000","社工及社區發展業務","44,201","03","推展社區發展","2000","業務費","2054","一般事務費","用途別二級","85","1.辦理社區發展工作等所需行政費用，計列805千元（通訊費110千元、其他業務租金3千元、保險費7千元、按日按件計資酬金162千元、物品57千元、一般事務費85千元、國內旅費340千元、運費21千元、短程車資20千元）。","0","true","","","","","","","","",""
"6357011000","社工及社區發展業務","44,201","03","推展社區發展","2000","業務費","2072","國內旅費","用途別二級","340","1.辦理社區發展工作等所需行政費用，計列805千元（通訊費110千元、其他業務租金3千元、保險費7千元、按日按件計資酬金162千元、物品57千元、一般事務費85千元、國內旅費340千元、運費21千元、短程車資20千元）。","0","true","","","","","","","","",""
"6357011000","社工及社區發展業務","44,201","03","推展社區發展","2000","業務費","2081","運費","用途別二級","21","1.辦理社區發展工作等所需行政費用，計列805千元（通訊費110千元、其他業務租金3千元、保險費7千元、按日按件計資酬金162千元、物品57千元、一般事務費85千元、國內旅費340千元、運費21千元、短程車資20千元）。","0","true","","","","","","","","",""
"6357011000","社工及社區發展業務","44,201","03","推展社區發展","2000","業務費","2084","短程車資","用途別二級","20","1.辦理社區發展工作等所需行政費用，計列805千元（通訊費110千元、其他業務租金3千元、保險費7千元、按日按件計資酬金162千元、物品57千元、一般事務費85千元、國內旅費340千元、運費21千元、短程車資20千元）。","0","true","","","","","","","","",""
"6357011000","社工及社區發展業務","44,201","03","推展社區發展","4000","獎補助費","","","用途別一級","11112","","","","","","","","","","","",""
"6357011000","社工及社區發展業務","44,201","03","推展社區發展","4000","獎補助費","4040","對國內團體之捐助","用途別二級","7312","3.捐助國內團體辦理社區發展研習與訓練、關懷互助活動、福利社區化服務旗艦型計畫等，計列7,312千元（對國內團體之捐助）。","2","","","true","","","","","","",""
"6357011000","社工及社區發展業務","44,201","03","推展社區發展","4000","獎補助費","4085","獎勵及慰問","用途別二級","3800","4.選拔、獎勵績優社區發展協會，依據社區發展工作綱要第22條規定辦理，計列3,800千元（獎勵金）。","3","","","","","","","","","",""
"6357011000","社工及社區發展業務","44,201","04","公益勸募管理","","","","","分支計畫","1588","","","","","","","","","","","",""
"6357011000","社工及社區發展業務","44,201","04","公益勸募管理","2000","業務費","","","用途別一級","1588","","","","","","","","","","","",""
"6357011000","社工及社區發展業務","44,201","04","公益勸募管理","2000","業務費","2009","通訊費","用途別二級","8","1.辦理公益勸募管理等所需行政費用，計列23千元（通訊費8千元、保險費1千元、按日按件計資酬金3千元、物品2千元、一般事務費3千元、國內旅費6千元）。","0","true","","","","","","","","",""
"6357011000","社工及社區發展業務","44,201","04","公益勸募管理","2000","業務費","2018","資訊服務費","用途別二級","480","2.維護公益勸募管理系統，計列480千元（資訊服務費）。","1","","","true","","","","","","",""
"6357011000","社工及社區發展業務","44,201","04","公益勸募管理","2000","業務費","2027","保險費","用途別二級","1","1.辦理公益勸募管理等所需行政費用，計列23千元（通訊費8千元、保險費1千元、按日按件計資酬金3千元、物品2千元、一般事務費3千元、國內旅費6千元）。","0","true","","","","","","","","",""
"6357011000","社工及社區發展業務","44,201","04","公益勸募管理","2000","業務費","2033","約用人員酬金","用途別二級","502","3.約用人員1名，計列502千元（約用人員酬金）。","2","","","true","","","","","","",""
"6357011000","社工及社區發展業務","44,201","04","公益勸募管理","2000","業務費","2036","按日按件計資酬金","用途別二級","3","1.辦理公益勸募管理等所需行政費用，計列23千元（通訊費8千元、保險費1千元、按日按件計資酬金3千元、物品2千元、一般事務費3千元、國內旅費6千元）。","0","true","","true","","","","","","",""
"6357011000","社工及社區發展業務","44,201","04","公益勸募管理","2000","業務費","2039","委辦費","用途別二級","583","4.稽查本部許可辦理勸募團體收支情形報告，計列583千元（委辦費）。","3","","","true","","","","","","",""
"6357011000","社工及社區發展業務","44,201","04","公益勸募管理","2000","業務費","2051","物品","用途別二級","2","1.辦理公益勸募管理等所需行政費用，計列23千元（通訊費8千元、保險費1千元、按日按件計資酬金3千元、物品2千元、一般事務費3千元、國內旅費6千元）。","0","true","","","","","","","","",""
"6357011000","社工及社區發展業務","44,201","04","公益勸募管理","2000","業務費","2054","一般事務費","用途別二級","3","1.辦理公益勸募管理等所需行政費用，計列23千元（通訊費8千元、保險費1千元、按日按件計資酬金3千元、物品2千元、一般事務費3千元、國內旅費6千元）。","0","true","","true","","","","","","",""
"6357011000","社工及社區發展業務","44,201","04","公益勸募管理","2000","業務費","2072","國內旅費","用途別二級","6","1.辦理公益勸募管理等所需行政費用，計列23千元（通訊費8千元、保險費1千元、按日按件計資酬金3千元、物品2千元、一般事務費3千元、國內旅費6千元）。","0","true","","","","","","","","",""
"6357011000","社工及社區發展業務","44,201","05","強化社會安全網2.0","","","","","分支計畫","15000","","","","","","","","","","","",""
"6357011000","社工及社區發展業務","44,201","05","強化社會安全網2.0","2000","業務費","","","用途別一級","15000","","","","","","","","","","","",""
"6357011000","社工及社區發展業務","44,201","05","強化社會安全網2.0","2000","業務費","2009","通訊費","用途別二級","410","1.辦理社工教育訓練等，計列14,180千元（通訊費410千元、按日按件計資酬金440千元、委辦費12,727千元、一般事務費133千元、國內旅費320千元、短程車資150千元）。","0","true","","","","","","","","",""
"6357011000","社工及社區發展業務","44,201","05","強化社會安全網2.0","2000","業務費","2033","約用人員酬金","用途別二級","820","2.約用人員1名，計列820千元（約用人員酬金）。","1","","","true","","","","","","",""
"6357011000","社工及社區發展業務","44,201","05","強化社會安全網2.0","2000","業務費","2036","按日按件計資酬金","用途別二級","440","1.辦理社工教育訓練等，計列14,180千元（通訊費410千元、按日按件計資酬金440千元、委辦費12,727千元、一般事務費133千元、國內旅費320千元、短程車資150千元）。","0","true","","","","","","","","",""
"6357011000","社工及社區發展業務","44,201","05","強化社會安全網2.0","2000","業務費","2039","委辦費","用途別二級","12727","1.辦理社工教育訓練等，計列14,180千元（通訊費410千元、按日按件計資酬金440千元、委辦費12,727千元、一般事務費133千元、國內旅費320千元、短程車資150千元）。","0","true","","","","","","","","",""
"6357011000","社工及社區發展業務","44,201","05","強化社會安全網2.0","2000","業務費","2054","一般事務費","用途別二級","133","1.辦理社工教育訓練等，計列14,180千元（通訊費410千元、按日按件計資酬金440千元、委辦費12,727千元、一般事務費133千元、國內旅費320千元、短程車資150千元）。","0","true","","","","","","","","",""
"6357011000","社工及社區發展業務","44,201","05","強化社會安全網2.0","2000","業務費","2072","國內旅費","用途別二級","320","1.辦理社工教育訓練等，計列14,180千元（通訊費410千元、按日按件計資酬金440千元、委辦費12,727千元、一般事務費133千元、國內旅費320千元、短程車資150千元）。","0","true","","","","","","","","",""
"6357011000","社工及社區發展業務","44,201","05","強化社會安全網2.0","2000","業務費","2084","短程車資","用途別二級","150","1.辦理社工教育訓練等，計列14,180千元（通訊費410千元、按日按件計資酬金440千元、委辦費12,727千元、一般事務費133千元、國內旅費320千元、短程車資150千元）。","0","true","","","","","","","","",""
"6357012000","保護服務業務","2,072,223","01","推展性別暴力防治","","","","","分支計畫","137337","","","","","","","","","","","",""
"6357012000","保護服務業務","2,072,223","01","推展性別暴力防治","4000","獎補助費","","","用途別一級","137337","撥充家庭暴力及性侵害防治基金辦理被害人保護扶助、性別暴力防治及教育推廣等，計列137,337千元（對特種基金之補助）。","0","true","","","","","","","","",""
"6357012000","保護服務業務","2,072,223","01","推展性別暴力防治","4000","獎補助費","4030","對特種基金之補助","用途別二級","137337","撥充家庭暴力及性侵害防治基金辦理被害人保護扶助、性別暴力防治及教育推廣等，計列137,337千元（對特種基金之補助）。","0","true","","true","","","","","","",""
"6357012000","保護服務業務","2,072,223","02","推展兒少保護及處遇輔導","","","","","分支計畫","5853","","","","","","","","","","","",""
"6357012000","保護服務業務","2,072,223","02","推展兒少保護及處遇輔導","","","","","未歸戶說明","","1.辦理兒童與少年保護之法制研修、評估、處遇、訓練及推廣等，計列1,400千元（按日按件計資酬金100千元、一般事務費1,200千元、國內旅費100千元）。","","","","","","true","","","","",""
"6357012000","保護服務業務","2,072,223","02","推展兒少保護及處遇輔導","","","","","未歸戶說明","","2.辦理兒童與少年性剝削防制之法制研修、評估、訓練、推廣、配合辦理iWIN網路內容防護機構、網路與媒體安全推廣教育及服務等，計列1,953千元（按日按件計資酬金62千元、一般事務費1,861千元、國內旅費30千元）。","","","","","","true","","","","",""
"6357012000","保護服務業務","2,072,223","02","推展兒少保護及處遇輔導","2000","業務費","","","用途別一級","5653","","","","","","","","","","","",""
"6357012000","保護服務業務","2,072,223","02","推展兒少保護及處遇輔導","2000","業務費","2033","約用人員酬金","用途別二級","2300","3.約用人員3名，計列2,300千元（約用人員酬金）。","2","","","true","","","","","","",""
"6357012000","保護服務業務","2,072,223","02","推展兒少保護及處遇輔導","2000","業務費","2036","按日按件計資酬金","用途別二級","162","","","","","","","","","","","",""
"6357012000","保護服務業務","2,072,223","02","推展兒少保護及處遇輔導","2000","業務費","2054","一般事務費","用途別二級","3061","","","","","","","","","","","",""
"6357012000","保護服務業務","2,072,223","02","推展兒少保護及處遇輔導","2000","業務費","2072","國內旅費","用途別二級","130","","","","","","","","","","","",""
"6357012000","保護服務業務","2,072,223","02","推展兒少保護及處遇輔導","4000","獎補助費","","","用途別一級","200","4.捐助國內團體辦理兒童及少年性剝削防制、兒童及少年保護人身與網路安全推動等相關業務及推廣服務或活動，計列200千元（對國內團體之捐助）。","3","true","","","","","","","","",""
"6357012000","保護服務業務","2,072,223","02","推展兒少保護及處遇輔導","4000","獎補助費","4040","對國內團體之捐助","用途別二級","200","4.捐助國內團體辦理兒童及少年性剝削防制、兒童及少年保護人身與網路安全推動等相關業務及推廣服務或活動，計列200千元（對國內團體之捐助）。","3","true","","true","","","","","","",""
"6357012000","保護服務業務","2,072,223","03","強化社會安全網2.0","","","","","分支計畫","1917718","","","","","","","","","","","",""
"6357012000","保護服務業務","2,072,223","03","強化社會安全網2.0","2000","業務費","","","用途別一級","2570","1.辦理重大政策宣導及強化保護服務相關訓練與推廣等，計列2,570千元（按日按件計資酬金50千元、一般事務費2,500千元、國內旅費20千元）（媒體政策及業務宣導2,500千元）。","0","true","","","","","","","","",""
"6357012000","保護服務業務","2,072,223","03","強化社會安全網2.0","2000","業務費","2036","按日按件計資酬金","用途別二級","50","1.辦理重大政策宣導及強化保護服務相關訓練與推廣等，計列2,570千元（按日按件計資酬金50千元、一般事務費2,500千元、國內旅費20千元）（媒體政策及業務宣導2,500千元）。","0","true","","","","","","","","",""
"6357012000","保護服務業務","2,072,223","03","強化社會安全網2.0","2000","業務費","2054","一般事務費","用途別二級","2500","1.辦理重大政策宣導及強化保護服務相關訓練與推廣等，計列2,570千元（按日按件計資酬金50千元、一般事務費2,500千元、國內旅費20千元）（媒體政策及業務宣導2,500千元）。","0","true","","","","","","","","",""
"6357012000","保護服務業務","2,072,223","03","強化社會安全網2.0","2000","業務費","2072","國內旅費","用途別二級","20","1.辦理重大政策宣導及強化保護服務相關訓練與推廣等，計列2,570千元（按日按件計資酬金50千元、一般事務費2,500千元、國內旅費20千元）（媒體政策及業務宣導2,500千元）。","0","true","","","","","","","","",""
"6357012000","保護服務業務","2,072,223","03","強化社會安全網2.0","4000","獎補助費","","","用途別一級","1915148","2.撥充家庭暴力及性侵害防治基金，計列1,915,148千元。","1","","","","","","","","","",""
"6357012000","保護服務業務","2,072,223","03","強化社會安全網2.0","4000","獎補助費","4030","對特種基金之補助","用途別二級","1915148","2.撥充家庭暴力及性侵害防治基金，計列1,915,148千元。(1)充實地方政府社工人力配置及進用，增聘保護性社工人力與優化保護服務提升風險控管，計列1,241,641千元（對特種基金之補助）。(2)辦理保護性工作協助人力、以家庭為中心之整合性服務方案、性侵害創傷復原方案、兒少家庭關懷服務及家庭處遇服務、兒少保護區域醫療整合中心計畫等，計列596,007千元（對特種基金之補助）。(3)精進性影像防治與案件處理、普及性別暴力防治發展及教育等，計列77,500千元（對特種基金之補助）。","1","","","","","","","","true","",""
"6357012000","保護服務業務","2,072,223","04","衛生福利部推動性騷擾防治法中長程個案計畫","","","","","分支計畫","8315","","","","","","","","","","","",""
"6357012000","保護服務業務","2,072,223","04","衛生福利部推動性騷擾防治法中長程個案計畫","2000","業務費","","","用途別一級","8315","「衛生福利部推動性騷擾防治法中長程個案計畫」奉行政院112年11月2日院臺性平字第1121037888號函核定，總經費164,693千元，中央公務預算負擔85,020千元，執行期間為112至115年，112至114年度已編列76,705千元，本年度續編最後1年經費8,315千元，係辦理訴願審議、業務推動相關會議、場所主人教育訓練或業務講習與研討，推廣素材及辦理績優縣市與場所主人表揚等，計列8,315千元（按日按件計資酬金500千元、一般事務費7,715千元、國內旅費100千元）。","0","true","","","","","","","","",""
"6357012000","保護服務業務","2,072,223","04","衛生福利部推動性騷擾防治法中長程個案計畫","2000","業務費","2036","按日按件計資酬金","用途別二級","500","「衛生福利部推動性騷擾防治法中長程個案計畫」奉行政院112年11月2日院臺性平字第1121037888號函核定，總經費164,693千元，中央公務預算負擔85,020千元，執行期間為112至115年，112至114年度已編列76,705千元，本年度續編最後1年經費8,315千元，係辦理訴願審議、業務推動相關會議、場所主人教育訓練或業務講習與研討，推廣素材及辦理績優縣市與場所主人表揚等，計列8,315千元（按日按件計資酬金500千元、一般事務費7,715千元、國內旅費100千元）。","0","true","","","","","","","","",""
"6357012000","保護服務業務","2,072,223","04","衛生福利部推動性騷擾防治法中長程個案計畫","2000","業務費","2054","一般事務費","用途別二級","7715","「衛生福利部推動性騷擾防治法中長程個案計畫」奉行政院112年11月2日院臺性平字第1121037888號函核定，總經費164,693千元，中央公務預算負擔85,020千元，執行期間為112至115年，112至114年度已編列76,705千元，本年度續編最後1年經費8,315千元，係辦理訴願審議、業務推動相關會議、場所主人教育訓練或業務講習與研討，推廣素材及辦理績優縣市與場所主人表揚等，計列8,315千元（按日按件計資酬金500千元、一般事務費7,715千元、國內旅費100千元）。","0","true","","","","","","","","",""
"6357012000","保護服務業務","2,072,223","04","衛生福利部推動性騷擾防治法中長程個案計畫","2000","業務費","2072","國內旅費","用途別二級","100","「衛生福利部推動性騷擾防治法中長程個案計畫」奉行政院112年11月2日院臺性平字第1121037888號函核定，總經費164,693千元，中央公務預算負擔85,020千元，執行期間為112至115年，112至114年度已編列76,705千元，本年度續編最後1年經費8,315千元，係辦理訴願審議、業務推動相關會議、場所主人教育訓練或業務講習與研討，推廣素材及辦理績優縣市與場所主人表揚等，計列8,315千元（按日按件計資酬金500千元、一般事務費7,715千元、國內旅費100千元）。","0","true","","","","","","","","",""
"6357012000","保護服務業務","2,072,223","05","衛福數位基礎建設","","","","","分支計畫","3000","","","","","","","","","","","",""
"6357012000","保護服務業務","2,072,223","05","衛福數位基礎建設","2000","業務費","","","用途別一級","1000","辦理衛福數位基礎建設，配合推動社政體系資料治理與智慧應用，執行保護服務相關資料標準化，以強化社政單位資料治理能力等，計列3,000千元（含資本門2,000千元）（通訊費20千元、按日按件計資酬金150千元、一般事務費800千元、國內旅費30千元、資訊軟硬體設備費2,000千元）。","0","true","true","","","","","","","",""
"6357012000","保護服務業務","2,072,223","05","衛福數位基礎建設","2000","業務費","2009","通訊費","用途別二級","20","辦理衛福數位基礎建設，配合推動社政體系資料治理與智慧應用，執行保護服務相關資料標準化，以強化社政單位資料治理能力等，計列3,000千元（含資本門2,000千元）（通訊費20千元、按日按件計資酬金150千元、一般事務費800千元、國內旅費30千元、資訊軟硬體設備費2,000千元）。","0","true","","","","","","","","",""
"6357012000","保護服務業務","2,072,223","05","衛福數位基礎建設","2000","業務費","2036","按日按件計資酬金","用途別二級","150","辦理衛福數位基礎建設，配合推動社政體系資料治理與智慧應用，執行保護服務相關資料標準化，以強化社政單位資料治理能力等，計列3,000千元（含資本門2,000千元）（通訊費20千元、按日按件計資酬金150千元、一般事務費800千元、國內旅費30千元、資訊軟硬體設備費2,000千元）。","0","true","","","","","","","","",""
"6357012000","保護服務業務","2,072,223","05","衛福數位基礎建設","2000","業務費","2054","一般事務費","用途別二級","800","辦理衛福數位基礎建設，配合推動社政體系資料治理與智慧應用，執行保護服務相關資料標準化，以強化社政單位資料治理能力等，計列3,000千元（含資本門2,000千元）（通訊費20千元、按日按件計資酬金150千元、一般事務費800千元、國內旅費30千元、資訊軟硬體設備費2,000千元）。","0","true","","","","","","","","",""
"6357012000","保護服務業務","2,072,223","05","衛福數位基礎建設","2000","業務費","2072","國內旅費","用途別二級","30","辦理衛福數位基礎建設，配合推動社政體系資料治理與智慧應用，執行保護服務相關資料標準化，以強化社政單位資料治理能力等，計列3,000千元（含資本門2,000千元）（通訊費20千元、按日按件計資酬金150千元、一般事務費800千元、國內旅費30千元、資訊軟硬體設備費2,000千元）。","0","true","","","","","","","","",""
"6357012000","保護服務業務","2,072,223","05","衛福數位基礎建設","3000","設備及投資","","","用途別一級","2000","辦理衛福數位基礎建設，配合推動社政體系資料治理與智慧應用，執行保護服務相關資料標準化，以強化社政單位資料治理能力等，計列3,000千元（含資本門2,000千元）（通訊費20千元、按日按件計資酬金150千元、一般事務費800千元、國內旅費30千元、資訊軟硬體設備費2,000千元）。","0","true","","","","","","","","",""
"6357012000","保護服務業務","2,072,223","05","衛福數位基礎建設","3000","設備及投資","3030","資訊軟硬體設備費","用途別二級","2000","辦理衛福數位基礎建設，配合推動社政體系資料治理與智慧應用，執行保護服務相關資料標準化，以強化社政單位資料治理能力等，計列3,000千元（含資本門2,000千元）（通訊費20千元、按日按件計資酬金150千元、一般事務費800千元、國內旅費30千元、資訊軟硬體設備費2,000千元）。","0","true","","","","","","","","",""
"6557010100","一般行政","1,124,475","01","人員維持","","","","","分支計畫","951102","","","","","","","","","","","",""
"6557010100","一般行政","1,124,475","01","人員維持","1000","人事費","","","用途別一級","951102","本部預算員額747人，包括職員623人、駐警1人、工友5人、技工8人、駕駛3人、聘用93人及約僱14人，依規定編列人事費951,102千元。","0","true","","true","","","","","","",""
"6557010100","一般行政","1,124,475","01","人員維持","1000","人事費","1010","政務人員待遇","用途別二級","7437","人數未單獨列示，含於「職員623人」內。","","","","","","","","","","true",""
"6557010100","一般行政","1,124,475","01","人員維持","1000","人事費","1015","法定編制人員待遇","用途別二級","528812","職員623人（含政務人員）、駐警1人。","","","","","","","","","","true",""
"6557010100","一般行政","1,124,475","01","人員維持","1000","人事費","1020","約聘僱人員待遇","用途別二級","76477","","","","","","","","","","","",""
"6557010100","一般行政","1,124,475","01","人員維持","1000","人事費","1025","技工及工友待遇","用途別二級","7430","工友5人、技工8人、駕駛3人。","","","","","","","","","","true",""
"6557010100","一般行政","1,124,475","01","人員維持","1000","人事費","1030","獎金","用途別二級","148306","","","","","","","","","","","",""
"6557010100","一般行政","1,124,475","01","人員維持","1000","人事費","1035","其他給與","用途別二級","10967","","","","","","","","","","","",""
"6557010100","一般行政","1,124,475","01","人員維持","1000","人事費","1040","加班費","用途別二級","39491","","","","","","","","","","","",""
"6557010100","一般行政","1,124,475","01","人員維持","1000","人事費","1050","退休離職儲金","用途別二級","66549","","","","","","","","","","","",""
"6557010100","一般行政","1,124,475","01","人員維持","1000","人事費","1055","保險","用途別二級","65633","","","","","","","","","","","",""
"6557010100","一般行政","1,124,475","02","基本行政工作維持","","","","","分支計畫","161272","","","","","","","","","","","",""
"6557010100","一般行政","1,124,475","02","基本行政工作維持","2000","業務費","","","用途別一級","146783","","","","","","","","","","","",""
"6557010100","一般行政","1,124,475","02","基本行政工作維持","2000","業務費","2003","教育訓練費","用途別二級","719","1.辦理員工教育訓練，計列719千元。","1","","","","","","","","","",""
"6557010100","一般行政","1,124,475","02","基本行政工作維持","2000","業務費","2006","水電費","用途別二級","27473","2.辦公大樓及檔案室水電費，計列27,473千元。","2","","","true","","","","","","",""
"6557010100","一般行政","1,124,475","02","基本行政工作維持","2000","業務費","2009","通訊費","用途別二級","7318","3.郵資、電話及傳真等通訊費，計列7,318千元。","3","","","true","","","","","","",""
"6557010100","一般行政","1,124,475","02","基本行政工作維持","2000","業務費","2018","資訊服務費","用途別二級","2717","4.薪資出納、採購資訊、國有公用財產及預算控制等管理系統之資訊服務費，計列2,717千元。","4","","","true","","","","","","",""
"6557010100","一般行政","1,124,475","02","基本行政工作維持","2000","業務費","2021","其他業務租金","用途別二級","1452","5.影印機等事務機器租金，計列1,452千元。","5","","","","","","","","","",""
"6557010100","一般行政","1,124,475","02","基本行政工作維持","2000","業務費","2024","稅捐及規費","用途別二級","349","6.公務用車輛使用牌照稅及燃料使用費等規費，計列349千元。","6","","","","","","","","","",""
"6557010100","一般行政","1,124,475","02","基本行政工作維持","2000","業務費","2027","保險費","用途別二級","290","7.保險費，計列290千元。","7","","","true","","","","","","",""
"6557010100","一般行政","1,124,475","02","基本行政工作維持","2000","業務費","2030","兼職費","用途別二級","1546","8.顧問、委員之兼職費，計列1,546千元。","8","","","true","","","","","","",""
"6557010100","一般行政","1,124,475","02","基本行政工作維持","2000","業務費","2033","約用人員酬金","用途別二級","15404","9.約用人員23名，計列15,404千元。","9","","","","","","","","","",""
"6557010100","一般行政","1,124,475","02","基本行政工作維持","2000","業務費","2036","按日按件計資酬金","用途別二級","3139","10.辦理檔案管理業務實地考評、採購稽核及工程施工查核；財產及出納管理等實地查核；召開訴願、法規等專家學者會議與舉辦各類活動所需出席費、講座鐘點費及審查費等，計列3,139千元。","10","","","","","","","","","",""
"6557010100","一般行政","1,124,475","02","基本行政工作維持","2000","業務費","2051","物品","用途別二級","7427","11.油料（汽油、液化石油氣、發電機油費）、辦公用品、文具紙張及報章雜誌等物品，計列7,427千元。","11","","","true","","","","","","",""
"6557010100","一般行政","1,124,475","02","基本行政工作維持","2000","業務費","2054","一般事務費","用途別二級","61782","12.辦理文康活動、員工健康檢查及檔案清查作業；進用保全、清潔、總機、文書及檔案等委外人力；舉辦各類活動、會議之各項雜支、各類文件印製；辦公及公共區域維護管理等各項行政業務所需一般事務費，計列61,258千元。13.辦理員工協助方案，計列524千元。","12","","","","","","true","","","",""
"6557010100","一般行政","1,124,475","02","基本行政工作維持","2000","業務費","2063","房屋建築養護費","用途別二級","1346","14.辦公房舍養護費，計列1,346千元。","14","","","","","","","","","",""
"6557010100","一般行政","1,124,475","02","基本行政工作維持","2000","業務費","2066","器具養護費","用途別二級","780","15.車輛及辦公器具養護費，計列780千元。","15","","","true","","","","","","",""
"6557010100","一般行政","1,124,475","02","基本行政工作維持","2000","業務費","2069","設施及機械設備養護費","用途別二級","11516","16.機電、消防、空調設備、電梯、門禁及中央監控系統等設備維修及保養，計列11,516千元。","16","","","","","","","","","",""
"6557010100","一般行政","1,124,475","02","基本行政工作維持","2000","業務費","2072","國內旅費","用途別二級","2150","17.國內旅費，計列2,150千元。","17","","","true","","","","","","",""
"6557010100","一般行政","1,124,475","02","基本行政工作維持","2000","業務費","2081","運費","用途別二級","92","18.物品運費，計列92千元。","18","","","true","","","","","","",""
"6557010100","一般行政","1,124,475","02","基本行政工作維持","2000","業務費","2084","短程車資","用途別二級","104","19.短程車資，計列104千元。","19","","","true","","","","","","",""
"6557010100","一般行政","1,124,475","02","基本行政工作維持","2000","業務費","2093","特別費","用途別二級","1179","20.依規定編列部長及次長特別費，計列1,179千元。","20","","","true","","","","","","",""
"6557010100","一般行政","1,124,475","02","基本行政工作維持","3000","設備及投資","","","用途別一級","13781","","","","","","","","","","","",""
"6557010100","一般行政","1,124,475","02","基本行政工作維持","3000","設備及投資","3020","機械設備費","用途別二級","338","21.汰換大禮堂及會議室視聽音響設備等機械設備費，計列338千元（資本門）。","21","","","true","","","","","","",""
"6557010100","一般行政","1,124,475","02","基本行政工作維持","3000","設備及投資","3030","資訊軟硬體設備費","用途別二級","12242","22.增修薪資出納、採購資訊與國有公用財產管理系統、經費結報系統及訴願審議管理系統等，計列12,242千元（資本門）。","22","","","","","","","","","",""
"6557010100","一般行政","1,124,475","02","基本行政工作維持","3000","設備及投資","3035","雜項設備費","用途別二級","1201","23.汰換及購置辦公設備、事務性之雜項設備，計列1,201千元（資本門）。","23","","","","","","","","","",""
"6557010100","一般行政","1,124,475","02","基本行政工作維持","4000","獎補助費","","","用途別一級","708","24.退休退職人員三節慰問金，依據行政院105年9月8日院授人給揆字第1050053161號函及行政院人事行政總處105年9月13日總處綜字第1050053769號函規定辦理，計列708千元。","24","true","","","","","","","","",""
"6557010100","一般行政","1,124,475","02","基本行政工作維持","4000","獎補助費","4085","獎勵及慰問","用途別二級","708","24.退休退職人員三節慰問金，依據行政院105年9月8日院授人給揆字第1050053161號函及行政院人事行政總處105年9月13日總處綜字第1050053769號函規定辦理，計列708千元。","24","true","","","","","","","","",""
"6557010100","一般行政","1,124,475","03","研發替代役","","","","","分支計畫","12101","","","","","","","","","","","",""
"6557010100","一般行政","1,124,475","03","研發替代役","1000","人事費","","","用途別一級","12101","研發替代役28人，計列12,101千元。","0","true","","","","","","","","",""
"6557010100","一般行政","1,124,475","03","研發替代役","1000","人事費","1015","法定編制人員待遇","用途別二級","12101","研發替代役28人，計列12,101千元。","0","true","","","","","","","","",""
"6557011000","醫政業務","10,819,424","01","醫政法規與醫事人員及機構管理","","","","","分支計畫","26479","","","","","","","","","","","",""
"6557011000","醫政業務","10,819,424","01","醫政法規與醫事人員及機構管理","2000","業務費","","","用途別一級","24302","","","","","","","","","","","",""
"6557011000","醫政業務","10,819,424","01","醫政法規與醫事人員及機構管理","2000","業務費","2003","教育訓練費","用途別二級","185","1.辦理醫政管理業務及醫政管理法規等所需行政費用，計列185千元（通訊費23千元、按日按件計資酬金130千元、物品20千元、一般事務費12千元）。","0","","","","","","","","","",""
"6557011000","醫政業務","10,819,424","01","醫政法規與醫事人員及機構管理","2000","業務費","2009","通訊費","用途別二級","188","3.辦理醫療法人管理監督等，計列1,111千元（保險費49千元、按日按件計資酬金1,052千元、國內旅費10千元）。4.辦理醫師、藥師懲戒、醫事人員及公共衛生師考試資格審查，計列751千元（教育訓練費161千元、通訊費50千元、保險費32千元、兼職費43千元、按日按件計資酬金200千元、物品40千元、一般事務費100千元、國內旅費69千元、短程車資56千元）。6.召開人體試驗案件審查會議，計列354千元（保險費4千元、兼職費250千元、按日按件計資酬金50千元、國內旅費50千元）。7.辦理核發各類醫事人員及專科醫師證書作業，計列424千元（通訊費2千元、一般事務費422千元）。","","","","","true","","","false","","",""
"6557011000","醫政業務","10,819,424","01","醫政法規與醫事人員及機構管理","2000","業務費","2018","資訊服務費","用途別二級","1699","10.維護及增修醫療爭議處理資訊管理系統，計列2,876千元（含資本門1,177千元）（資訊服務費1,699千元、資訊軟硬體設備費1,177千元）。","9","true","","","","","","","","",""
"6557011000","醫政業務","10,819,424","01","醫政法規與醫事人員及機構管理","2000","業務費","2027","保險費","用途別二級","87","","","","","","","","","","","",""
"6557011000","醫政業務","10,819,424","01","醫政法規與醫事人員及機構管理","2000","業務費","2030","兼職費","用途別二級","293","","","","","","","","","","","",""
"6557011000","醫政業務","10,819,424","01","醫政法規與醫事人員及機構管理","2000","業務費","2033","約用人員酬金","用途別二級","700","8.約用人員1名，計列700千元（約用人員酬金）。","7","","","true","","","","","","",""
"6557011000","醫政業務","10,819,424","01","醫政法規與醫事人員及機構管理","2000","業務費","2036","按日按件計資酬金","用途別二級","5292","","","","","","","","","","","",""
"6557011000","醫政業務","10,819,424","01","醫政法規與醫事人員及機構管理","2000","業務費","2039","委辦費","用途別二級","14979","9.辦理全國醫療管理事務政策推展與應用、醫療糾紛案件處理及相關法規推廣訓練、再生醫療案件審查計畫、醫療事故預防及爭議處理法相關業務等，計列14,979千元（委辦費）。","8","","","true","","","","","","",""
"6557011000","醫政業務","10,819,424","01","醫政法規與醫事人員及機構管理","2000","業務費","2051","物品","用途別二級","79","","","","","","","","","","","",""
"6557011000","醫政業務","10,819,424","01","醫政法規與醫事人員及機構管理","2000","業務費","2054","一般事務費","用途別二級","538","","","","","","","","","","","",""
"6557011000","醫政業務","10,819,424","01","醫政法規與醫事人員及機構管理","2000","業務費","2072","國內旅費","用途別二級","203","","","","","","","","","","","",""
"6557011000","醫政業務","10,819,424","01","醫政法規與醫事人員及機構管理","2000","業務費","2084","短程車資","用途別二級","59","5.辦理醫療糾紛鑑定事務等，計列3,099千元（教育訓練費24千元、通訊費33千元、保險費2千元、按日按件計資酬金2,940千元、物品19千元、一般事務費4千元、國內旅費74千元、短程車資3千元）。","4","","true","","","","","","","",""
"6557011000","醫政業務","10,819,424","01","醫政法規與醫事人員及機構管理","3000","設備及投資","","","用途別一級","1177","10.維護及增修醫療爭議處理資訊管理系統，計列2,876千元（含資本門1,177千元）（資訊服務費1,699千元、資訊軟硬體設備費1,177千元）。","9","true","","","","","","","","",""
"6557011000","醫政業務","10,819,424","01","醫政法規與醫事人員及機構管理","3000","設備及投資","3030","資訊軟硬體設備費","用途別二級","1177","10.維護及增修醫療爭議處理資訊管理系統，計列2,876千元（含資本門1,177千元）（資訊服務費1,699千元、資訊軟硬體設備費1,177千元）。","9","true","","","","","","","","",""
"6557011000","醫政業務","10,819,424","01","醫政法規與醫事人員及機構管理","4000","獎補助費","","","用途別一級","1000","2.辦理醫療事故預防及爭議處理法法規所需行政費用，計列1,000千元（通訊費80千元、按日按件計資酬金920千元）。","1","","true","","","","","","","",""
"6557011000","醫政業務","10,819,424","01","醫政法規與醫事人員及機構管理","4000","獎補助費","4040","對國內團體之捐助","用途別二級","1000","11.捐助醫療衛生團體辦理醫療奉獻獎選拔、績優醫事人員表揚及醫學教育推廣等，計列1,000千元（對國內團體之捐助）。","10","","","true","","","","","","",""
"6557011000","醫政業務","10,819,424","02","醫療業務督導管理","","","","","分支計畫","34742","","","","","","","","","","","",""
"6557011000","醫政業務","10,819,424","02","醫療業務督導管理","2000","業務費","","","用途別一級","34610","","","","","","","","","","","",""
"6557011000","醫政業務","10,819,424","02","醫療業務督導管理","2000","業務費","2009","通訊費","用途別二級","20","2.辦理提供國際化服務之醫事機構管理，共需經費27,361千元，其內容如下：(1)辦理國際健康產業政策等所需行政費用，計列203千元（通訊費10千元、保險費10千元、按日按件計資酬金100千元、物品50千元、一般事務費13千元、國內旅費10千元、短程車資10千元）。(3)辦理國際健康產業新南向佈局、維運國際醫療資訊網及海外醫事人員培訓平臺、國際化服務醫事機構管理及友善醫療服務整合等，計列25,979千元（含資本門882千元）（委辦費）。(4)辦理國際健康產業新南向佈局及媒合健康產業考察與會議，計列229千元（國外旅費）。","6","","true","","","","","","true","",""
"6557011000","醫政業務","10,819,424","02","醫療業務督導管理","2000","業務費","2021","其他業務租金","用途別二級","900","1.辦理醫療業務督導、訪評及品質管理，共需經費7,381千元，其內容如下：(1)辦理衛生財團法人業務督導管理等所需行政費用，計列1,141千元（其他業務租金900千元、按日按件計資酬金5千元、物品2千元、一般事務費221千元、國內旅費10千元、短程車資3千元）。(4)辦理醫療法人財務報告審查作業、衛生財團法人事務輔導等相關業務、醫院及教學醫院評鑑實地審查作業，計列5,380千元（委辦費）。(5)參加2026年國際健康照護品質協會年會（ISQua），計列184千元（國外旅費）。","0","","","true","","","","","true","",""
"6557011000","醫政業務","10,819,424","02","醫療業務督導管理","2000","業務費","2027","保險費","用途別二級","10","2.辦理提供國際化服務之醫事機構管理，共需經費27,361千元，其內容如下：(1)辦理國際健康產業政策等所需行政費用，計列203千元（通訊費10千元、保險費10千元、按日按件計資酬金100千元、物品50千元、一般事務費13千元、國內旅費10千元、短程車資10千元）。","6","true","","true","","","","","","",""
"6557011000","醫政業務","10,819,424","02","醫療業務督導管理","2000","業務費","2030","兼職費","用途別二級","55","(2)召開緊急醫療救護諮議小組委員相關會議，計列474千元（兼職費55千元、一般事務費369千元、國內旅費50千元）。","1","","","true","","","","","","",""
"6557011000","醫政業務","10,819,424","02","醫療業務督導管理","2000","業務費","2033","約用人員酬金","用途別二級","950","(2)約用人員1名，計列950千元（約用人員酬金）。","7","","","true","","","","","","",""
"6557011000","醫政業務","10,819,424","02","醫療業務督導管理","2000","業務費","2036","按日按件計資酬金","用途別二級","105","","","","","","","","","","","",""
"6557011000","醫政業務","10,819,424","02","醫療業務督導管理","2000","業務費","2039","委辦費","用途別二級","31359","","","","","","","","","","","",""
"6557011000","醫政業務","10,819,424","02","醫療業務督導管理","2000","業務費","2051","物品","用途別二級","52","","","","","","","","","","","",""
"6557011000","醫政業務","10,819,424","02","醫療業務督導管理","2000","業務費","2054","一般事務費","用途別二級","663","","","","","","","","","","","",""
"6557011000","醫政業務","10,819,424","02","醫療業務督導管理","2000","業務費","2072","國內旅費","用途別二級","70","(3)辦理緊急醫療救護通訊測試業務，計列70千元（通訊費10千元、一般事務費60千元）。","2","","","","","","","","","",""
"6557011000","醫政業務","10,819,424","02","醫療業務督導管理","2000","業務費","2078","國外旅費","用途別二級","413","","","","","","","","","","","",""
"6557011000","醫政業務","10,819,424","02","醫療業務督導管理","2000","業務費","2084","短程車資","用途別二級","13","2.辦理提供國際化服務之醫事機構管理，共需經費27,361千元，其內容如下：(1)辦理國際健康產業政策等所需行政費用，計列203千元（通訊費10千元、保險費10千元、按日按件計資酬金100千元、物品50千元、一般事務費13千元、國內旅費10千元、短程車資10千元）。","6","true","","","","","","","","",""
"6557011000","醫政業務","10,819,424","02","醫療業務督導管理","3000","設備及投資","","","用途別一級","132","(6)增修及擴充衛生財團法人資訊管理系統，計列132千元（資本門）（資訊軟硬體設備費）。","5","true","","","","","","","","",""
"6557011000","醫政業務","10,819,424","02","醫療業務督導管理","3000","設備及投資","3030","資訊軟硬體設備費","用途別二級","132","(6)增修及擴充衛生財團法人資訊管理系統，計列132千元（資本門）（資訊軟硬體設備費）。","5","true","","true","","","","","","",""
"6557011000","醫政業務","10,819,424","03","替代役","","","","","分支計畫","851","","","","","","","","","","","",""
"6557011000","醫政業務","10,819,424","03","替代役","2000","業務費","","","用途別一級","840","","","","","","","","","","","",""
"6557011000","醫政業務","10,819,424","03","替代役","2000","業務費","2003","教育訓練費","用途別二級","270","2.辦理替代役役男、管理幹部專業訓練，計列323千元（教育訓練費270千元、保險費5千元、按日按件計資酬金48千元）。","1","true","","","","","","","","",""
"6557011000","醫政業務","10,819,424","03","替代役","2000","業務費","2006","水電費","用途別二級","100","3.替代役役男宿舍修繕，計列128千元（含資本門11千元）（水電費100千元、房屋建築養護費17千元、雜項設備費11千元）。","2","true","","","","","","","","",""
"6557011000","醫政業務","10,819,424","03","替代役","2000","業務費","2021","其他業務租金","用途別二級","34","1.辦理替代役之各項活動、訪查工作與本島及離外島地區役男所需交通費等，計列400千元（其他業務租金34千元、物品23千元、一般事務費215千元、國內旅費128千元）。","0","true","","","","","","","","",""
"6557011000","醫政業務","10,819,424","03","替代役","2000","業務費","2027","保險費","用途別二級","5","2.辦理替代役役男、管理幹部專業訓練，計列323千元（教育訓練費270千元、保險費5千元、按日按件計資酬金48千元）。","1","true","","","","","","","","",""
"6557011000","醫政業務","10,819,424","03","替代役","2000","業務費","2036","按日按件計資酬金","用途別二級","48","2.辦理替代役役男、管理幹部專業訓練，計列323千元（教育訓練費270千元、保險費5千元、按日按件計資酬金48千元）。","1","true","","","","","","","","",""
"6557011000","醫政業務","10,819,424","03","替代役","2000","業務費","2051","物品","用途別二級","23","1.辦理替代役之各項活動、訪查工作與本島及離外島地區役男所需交通費等，計列400千元（其他業務租金34千元、物品23千元、一般事務費215千元、國內旅費128千元）。","0","true","","","","","","","","",""
"6557011000","醫政業務","10,819,424","03","替代役","2000","業務費","2054","一般事務費","用途別二級","215","1.辦理替代役之各項活動、訪查工作與本島及離外島地區役男所需交通費等，計列400千元（其他業務租金34千元、物品23千元、一般事務費215千元、國內旅費128千元）。","0","true","","","","","","","","",""
"6557011000","醫政業務","10,819,424","03","替代役","2000","業務費","2063","房屋建築養護費","用途別二級","17","3.替代役役男宿舍修繕，計列128千元（含資本門11千元）（水電費100千元、房屋建築養護費17千元、雜項設備費11千元）。","2","true","","","","","","","","",""
"6557011000","醫政業務","10,819,424","03","替代役","2000","業務費","2072","國內旅費","用途別二級","128","3.替代役役男宿舍修繕，計列128千元（含資本門11千元）（水電費100千元、房屋建築養護費17千元、雜項設備費11千元）。","2","true","true","","","","","","","",""
"6557011000","醫政業務","10,819,424","03","替代役","3000","設備及投資","","","用途別一級","11","3.替代役役男宿舍修繕，計列128千元（含資本門11千元）（水電費100千元、房屋建築養護費17千元、雜項設備費11千元）。","2","true","","","","","","","","",""
"6557011000","醫政業務","10,819,424","03","替代役","3000","設備及投資","3035","雜項設備費","用途別二級","11","3.替代役役男宿舍修繕，計列128千元（含資本門11千元）（水電費100千元、房屋建築養護費17千元、雜項設備費11千元）。","2","true","","","","","","","","",""
"6557011000","醫政業務","10,819,424","04","健全醫療政策網絡","","","","","分支計畫","346933","","","","","","","","","","","",""
"6557011000","醫政業務","10,819,424","04","健全醫療政策網絡","2000","業務費","","","用途別一級","225436","","","","","","","","","","","",""
"6557011000","醫政業務","10,819,424","04","健全醫療政策網絡","2000","業務費","2009","通訊費","用途別二級","68","","","","","","","","","","","",""
"6557011000","醫政業務","10,819,424","04","健全醫療政策網絡","2000","業務費","2018","資訊服務費","用途別二級","27759","","","","","","","","","","","",""
"6557011000","醫政業務","10,819,424","04","健全醫療政策網絡","2000","業務費","2030","兼職費","用途別二級","900","3.辦理優化社區共融照護量能，共需經費151,145千元，其內容如下：(1)建立生醫科技管理機制、召開生醫諮詢會議及人體生物資料庫審查等，計列1,230千元（通訊費20千元、兼職費400千元、按日按件計資酬金300千元、物品50千元、一般事務費150千元、國內旅費300千元、短程車資10千元）。(2)約用人員2名，計列1,900千元（約用人員酬金）。(3)辦理醫療廢棄物相關會議、計畫案審查，計列50千元（按日按件計資酬金）。(4)辦理醫療區域輔導與醫療資源整合、安寧緩和醫療觀念推廣、推廣病人自主權利、人體研究倫理審查委員會查核、特定醫療技術管理、器官捐贈移植醫院及人員審查與配對管理、醫療事業廢棄物再利用及環境污染防治輔導計畫等，計列92,199千元（委辦費）（媒體政策及業務宣導2,800千元）。(6)維護及增修安寧緩和、病人自主及器官捐贈意願資訊系統與器官捐贈移植整合系統及新醫療技術管理等相關系統，計列21,875千元（含資本門13,542千元）（資訊服務費8,333千元、資訊軟硬體設備費13,542千元）。(7)捐助財團法人器官捐贈移植登錄及病人自主推廣中心辦理器官捐贈推廣、人員訓練、保存庫管理等，計列8,502千元（對國內團體之捐助）。(8)捐助器官捐贈者家屬喪葬補助費，計列24,000千元（其他補助及捐助）。","14","","true","","","","","","true","",""
"6557011000","醫政業務","10,819,424","04","健全醫療政策網絡","2000","業務費","2033","約用人員酬金","用途別二級","6360","","","","","","","","","","","",""
"6557011000","醫政業務","10,819,424","04","健全醫療政策網絡","2000","業務費","2036","按日按件計資酬金","用途別二級","1044","","","","","","","","","","","",""
"6557011000","醫政業務","10,819,424","04","健全醫療政策網絡","2000","業務費","2039","委辦費","用途別二級","187135","","","","","","","","","","","",""
"6557011000","醫政業務","10,819,424","04","健全醫療政策網絡","2000","業務費","2051","物品","用途別二級","60","1.辦理強化醫療照護體系，共需經費43,581千元，其內容如下：(1)聘請相關專家學者辦理醫療網執行評估等所需行政費用，計列346千元（通訊費47千元、按日按件計資酬金239千元、物品10千元、國內旅費50千元）。(2)召開醫療品質及病人安全相關會議、醫事審議委員會（醫療資源小組），計列184千元（通訊費1千元、按日按件計資酬金150千元、國內旅費30千元、短程車資3千元）。(3)約用人員4名，計列2,900千元（約用人員酬金）。(4)召開醫院評鑑諮詢或審查小組會議及推展醫院評鑑改革業務，計列183千元（按日按件計資酬金150千元、國內旅費30千元、短程車資3千元）。(5)辦理維護病人安全及醫療品質、醫院評鑑作業與合格醫院追蹤輔導訪查相關計畫等，計列20,677千元（委辦費）。(6)辦理救護技術員訓練審查與訓練品質提升之相關業務工作，計列3,500千元（委辦費）。(7)維護及增修評鑑相關系統，計列2,160千元（含資本門931千元）（資訊服務費1,229千元、資訊軟硬體設備費931千元）。(8)維護及增修緊急醫療暨急救資訊管理系統及公共場所AED急救資訊網等，計列13,631千元（含資本門8,500千元）（資訊服務費5,131千元、資訊軟硬體設備費8,500千元）。","0","","true","","","","","","true","",""
"6557011000","醫政業務","10,819,424","04","健全醫療政策網絡","","","","","未歸戶說明","","2.辦理加值人力資源管理機制，共需經費21,660千元，其內容如下：(1)召開醫師人力諮議及專科醫師訓練諮議委員相關會議，計列800千元（兼職費500千元、按日按件計資酬金155千元、一般事務費25千元、國內旅費120千元）。","","","","","","true","","","","",""
"6557011000","醫政業務","10,819,424","04","健全醫療政策網絡","","","","","未歸戶說明","","(2)約用人員1名，計列780千元（約用人員酬金）。","","","","","","true","","","","",""
"6557011000","醫政業務","10,819,424","04","健全醫療政策網絡","","","","","未歸戶說明","","(3)維護及建置醫事相關資訊整合管理系統等，計列12,726千元（含資本門4,993千元）（資訊服務費7,733千元、資訊軟硬體設備費4,993千元）。","","","","","","true","","","","",""
"6557011000","醫政業務","10,819,424","04","健全醫療政策網絡","","","","","未歸戶說明","","(4)維護及增修境外醫事人員來臺申辦系統及醫事人員培育與管理平臺等，計列3,354千元（含資本門1,854千元）（資訊服務費1,500千元、資訊軟硬體設備費1,854千元）。","","","","","","true","","","","",""
"6557011000","醫政業務","10,819,424","04","健全醫療政策網絡","","","","","未歸戶說明","","(5)補（捐）助醫療機構及國內團體辦理臨床技能評估計畫等，計列2,000千元（對特種基金之補助1,800千元、對國內團體之捐助200千元）。","","","","","","true","","","","",""
"6557011000","醫政業務","10,819,424","04","健全醫療政策網絡","","","","","未歸戶說明","","(6)捐助醫療機構辦理醫事人員培育訓練相關計畫等，計列2,000千元（對國內團體之捐助1,800千元、其他補助及捐助200千元）。","","","","","","true","","","","",""
"6557011000","醫政業務","10,819,424","04","健全醫療政策網絡","2000","業務費","2054","一般事務費","用途別二級","175","(5)參與美國或美日合作辦理之緊急醫療應變相關會議或演習活動，計列502千元；115年度「中高階衛生福利行政人員工作坊暨臺美衛生福利圓桌會議計畫」，計列226千元；赴亞洲參加醫療相關會議與考察，計列175千元；世界衛生大會及赴歐洲參加醫療相關會議與考察，計列486千元，合共1,389千元（國外旅費）。","18","true","","","","","","","","",""
"6557011000","醫政業務","10,819,424","04","健全醫療政策網絡","2000","業務費","2072","國內旅費","用途別二級","530","","","","","","","","","","","",""
"6557011000","醫政業務","10,819,424","04","健全醫療政策網絡","2000","業務費","2078","國外旅費","用途別二級","1389","(5)參與美國或美日合作辦理之緊急醫療應變相關會議或演習活動，計列502千元；115年度「中高階衛生福利行政人員工作坊暨臺美衛生福利圓桌會議計畫」，計列226千元；赴亞洲參加醫療相關會議與考察，計列175千元；世界衛生大會及赴歐洲參加醫療相關會議與考察，計列486千元，合共1,389千元（國外旅費）。","18","true","","true","","","","","","",""
"6557011000","醫政業務","10,819,424","04","健全醫療政策網絡","","","","","未歸戶說明","","4.辦理因應社會變遷調適政策，共需經費130,547千元，其內容如下：(1)約用人員1名，計列780千元（約用人員酬金）。","","","","","","true","","","","",""
"6557011000","醫政業務","10,819,424","04","健全醫療政策網絡","","","","","未歸戶說明","","(2)辦理衛生醫療法人監督管理、醫事爭議處理、病人安全及醫療事故通報作業、專科醫師訓練醫院認定、住院醫師統一招募、醫事人員訓練精進、境外醫事人員來臺申辦相關業務、臨床技能評估相關業務、醫事證書製發相關業務及醫師勞動權益推動計畫等，計列70,759千元（含資本門3,850千元）（委辦費）。","","","","","","true","","","","",""
"6557011000","醫政業務","10,819,424","04","健全醫療政策網絡","","","","","未歸戶說明","","(3)維護及增修醫事爭議處理相關資訊系統等，計列2,723千元（含資本門1,722千元）（資訊服務費1,001千元、資訊軟硬體設備費1,722千元）。","","","","","","true","","","","",""
"6557011000","醫政業務","10,819,424","04","健全醫療政策網絡","","","","","未歸戶說明","","(4)維護及增修衛生醫療法人相關資訊系統等，計列3,685千元（含資本門853千元）（資訊服務費2,832千元、資訊軟硬體設備費853千元）。","","","","","","true","","","","",""
"6557011000","醫政業務","10,819,424","04","健全醫療政策網絡","","","","","未歸戶說明","","(5)補（捐）助醫療機構及相關團體辦理醫療整合銜接及保障醫師勞動權益相關計畫等，計列52,600千元（對特種基金之補助30,000千元、對國內團體之捐助22,600千元）。","","","","","","true","","","","",""
"6557011000","醫政業務","10,819,424","04","健全醫療政策網絡","2000","業務費","2084","短程車資","用途別二級","16","","","","","","","","","","","",""
"6557011000","醫政業務","10,819,424","04","健全醫療政策網絡","3000","設備及投資","","","用途別一級","32395","","","","","","","","","","","",""
"6557011000","醫政業務","10,819,424","04","健全醫療政策網絡","3000","設備及投資","3030","資訊軟硬體設備費","用途別二級","32395","","","","","","","","","","","",""
"6557011000","醫政業務","10,819,424","04","健全醫療政策網絡","4000","獎補助費","","","用途別一級","89102","","","","","","","","","","","",""
"6557011000","醫政業務","10,819,424","04","健全醫療政策網絡","4000","獎補助費","4030","對特種基金之補助","用途別二級","31800","","","","","","","","","","","",""
"6557011000","醫政業務","10,819,424","04","健全醫療政策網絡","4000","獎補助費","4040","對國內團體之捐助","用途別二級","33102","","","","","","","","","","","",""
"6557011000","醫政業務","10,819,424","04","健全醫療政策網絡","4000","獎補助費","4090","其他補助及捐助","用途別二級","24200","","","","","","","","","","","",""
"6557011000","醫政業務","10,819,424","05","醫療衛生行政數位基礎建設","","","","","分支計畫","137731","","","","","","","","","","","",""
"6557011000","醫政業務","10,819,424","05","醫療衛生行政數位基礎建設","2000","業務費","","","用途別一級","19827","","","","","","","","","","","",""
"6557011000","醫政業務","10,819,424","05","醫療衛生行政數位基礎建設","2000","業務費","2009","通訊費","用途別二級","3604","","","","","","","","","","","",""
"6557011000","醫政業務","10,819,424","05","醫療衛生行政數位基礎建設","2000","業務費","2018","資訊服務費","用途別二級","14264","","","","","","","","","","","",""
"6557011000","醫政業務","10,819,424","05","醫療衛生行政數位基礎建設","2000","業務費","2027","保險費","用途別二級","10","2.辦理人體生物資料庫應用效能優化，共需經費50,000千元，其內容如下：(1)辦理人體生物資料庫數位管理所需行政費用，計列40千元（保險費5千元、按日按件計資酬金25千元、國內旅費10千元）。(2)維護及建置人體生物資料庫數位管理相關系統，計列9,960千元（含資本門8,000千元）（資訊服務費1,960千元、資訊軟硬體設備費8,000千元）。(3)捐助國內團體及學術團體辦理人體生物資料庫之資料標準及優化資料品質管理作業，計列40,000千元（含資本門25,500千元）（對國內團體之捐助）。","6","","","true","","","","","true","",""
"6557011000","醫政業務","10,819,424","05","醫療衛生行政數位基礎建設","","","","","未歸戶說明","","3.辦理醫政業務效率與輔佐決策精進，共需經費50,000千元，其內容如下：(1)維護及建置新興生醫科技發展與管理、提升醫政業務效率與輔佐決策等相關系統，計列41,100千元（含資本門33,500千元）（通訊費3,600千元、資訊服務費4,000千元、資訊軟硬體設備費33,500千元）。","","","","","","true","","","","",""
"6557011000","醫政業務","10,819,424","05","醫療衛生行政數位基礎建設","","","","","未歸戶說明","","(2)辦理提升醫政業務效率與輔佐決策所需行政費用，計列100千元（保險費5千元、按日按件計資酬金60千元、國內旅費30千元、短程車資5千元）。","","","","","","true","","","","",""
"6557011000","醫政業務","10,819,424","05","醫療衛生行政數位基礎建設","","","","","未歸戶說明","","(3)約用人員1名，計列950千元（約用人員酬金）。","","","","","","true","","","","",""
"6557011000","醫政業務","10,819,424","05","醫療衛生行政數位基礎建設","","","","","未歸戶說明","","(4)捐助國內團體及學術團體辦理發展輔助醫政管理決策資料庫之資料標準及調研國內外醫政資料法規及管理等資料治理模式，計列7,850千元（對國內團體之捐助）。","","","","","","true","","","","",""
"6557011000","醫政業務","10,819,424","05","醫療衛生行政數位基礎建設","2000","業務費","2033","約用人員酬金","用途別二級","1750","","","","","","","","","","","",""
"6557011000","醫政業務","10,819,424","05","醫療衛生行政數位基礎建設","2000","業務費","2036","按日按件計資酬金","用途別二級","104","1.辦理衛福數位基礎建設，共需經費37,731千元，其內容如下：(1)辦理增修及維護資訊系統及電子病歷應用等所需行政費用，計列73千元（通訊費4千元、按日按件計資酬金19千元、物品8千元、一般事務費17千元、國內旅費22千元、短程車資3千元）。(2)維護及建置評鑑相關系統自動化品質指標收集機制等工作之資訊管理系統等，計列4,677千元（含資本門2,638千元）（資訊服務費2,039千元、資訊軟硬體設備費2,638千元）。(3)維護及增修醫療爭議處理資訊管理系統與台灣病人安全通報系統相關電子病歷調閱及應用，計列4,276千元（含資本門1,218千元）（資訊服務費3,058千元、資訊軟硬體設備費1,218千元）。(4)維護及增修醫療不良事件通報資訊串聯平臺，計列2,433千元（含資本門1,826千元）（資訊服務費607千元、資訊軟硬體設備費1,826千元）。(5)維護及建置資料欄位整理與標準化及優化升級醫事相關系統，計列25,472千元（含資本門22,872千元）（資訊服務費2,600千元、資訊軟硬體設備費22,872千元）。(6)約用人員1名，計列800千元（約用人員酬金）。","0","","true","","","","","","true","",""
"6557011000","醫政業務","10,819,424","05","醫療衛生行政數位基礎建設","2000","業務費","2051","物品","用途別二級","8","1.辦理衛福數位基礎建設，共需經費37,731千元，其內容如下：(1)辦理增修及維護資訊系統及電子病歷應用等所需行政費用，計列73千元（通訊費4千元、按日按件計資酬金19千元、物品8千元、一般事務費17千元、國內旅費22千元、短程車資3千元）。","0","true","","true","","","","","","",""
"6557011000","醫政業務","10,819,424","05","醫療衛生行政數位基礎建設","2000","業務費","2054","一般事務費","用途別二級","17","1.辦理衛福數位基礎建設，共需經費37,731千元，其內容如下：(1)辦理增修及維護資訊系統及電子病歷應用等所需行政費用，計列73千元（通訊費4千元、按日按件計資酬金19千元、物品8千元、一般事務費17千元、國內旅費22千元、短程車資3千元）。","0","true","","","","","","","","",""
"6557011000","醫政業務","10,819,424","05","醫療衛生行政數位基礎建設","2000","業務費","2072","國內旅費","用途別二級","62","","","","","","","","","","","",""
"6557011000","醫政業務","10,819,424","05","醫療衛生行政數位基礎建設","2000","業務費","2084","短程車資","用途別二級","8","","","","","","","","","","","",""
"6557011000","醫政業務","10,819,424","05","醫療衛生行政數位基礎建設","3000","設備及投資","","","用途別一級","70054","","","","","","","","","","","",""
"6557011000","醫政業務","10,819,424","05","醫療衛生行政數位基礎建設","3000","設備及投資","3030","資訊軟硬體設備費","用途別二級","70054","","","","","","","","","","","",""
"6557011000","醫政業務","10,819,424","05","醫療衛生行政數位基礎建設","4000","獎補助費","","","用途別一級","47850","","","","","","","","","","","",""
"6557011000","醫政業務","10,819,424","05","醫療衛生行政數位基礎建設","4000","獎補助費","4040","對國內團體之捐助","用途別二級","47850","","","","","","","","","","","",""
"6557011000","醫政業務","10,819,424","06","辦理生產事故救濟","","","","","分支計畫","43200","","","","","","","","","","","",""
"6557011000","醫政業務","10,819,424","06","辦理生產事故救濟","4000","獎補助費","","","用途別一級","43200","撥充生產事故救濟基金辦理生產事故救濟業務等，計列43,200千元（對特種基金之補助）。","0","true","","","","","","","","",""
"6557011000","醫政業務","10,819,424","06","辦理生產事故救濟","4000","獎補助費","4030","對特種基金之補助","用途別二級","43200","撥充生產事故救濟基金辦理生產事故救濟業務等，計列43,200千元（對特種基金之補助）。","0","true","","true","","","","","","",""
"6557011000","醫政業務","10,819,424","07","優化偏鄉醫療精進計畫第二期","","","","","分支計畫","101228","","","","","","","","","","","",""
"6557011000","醫政業務","10,819,424","07","優化偏鄉醫療精進計畫第二期","2000","業務費","","","用途別一級","4138","","","","","","","","","","","",""
"6557011000","醫政業務","10,819,424","07","優化偏鄉醫療精進計畫第二期","2000","業務費","2033","約用人員酬金","用途別二級","760","3.約用人員1名，計列760千元（約用人員酬金）。","3","","","true","","","","","","",""
"6557011000","醫政業務","10,819,424","07","優化偏鄉醫療精進計畫第二期","2000","業務費","2036","按日按件計資酬金","用途別二級","200","","","","","","","","","","","",""
"6557011000","醫政業務","10,819,424","07","優化偏鄉醫療精進計畫第二期","2000","業務費","2039","委辦費","用途別二級","3000","4.辦理偏鄉醫療照護推動及管理相關業務等，計列3,000千元（委辦費）。","4","","","true","","","","","","",""
"6557011000","醫政業務","10,819,424","07","優化偏鄉醫療精進計畫第二期","2000","業務費","2054","一般事務費","用途別二級","50","1.辦理偏鄉醫師留任獎勵計畫所需行政費用，計列278千元（按日按件計資酬金100千元、一般事務費50千元、國內旅費128千元）。","1","true","","","","","","","","",""
"6557011000","醫政業務","10,819,424","07","優化偏鄉醫療精進計畫第二期","2000","業務費","2072","國內旅費","用途別二級","128","1.辦理偏鄉醫師留任獎勵計畫所需行政費用，計列278千元（按日按件計資酬金100千元、一般事務費50千元、國內旅費128千元）。","1","true","","","","","","","","",""
"6557011000","醫政業務","10,819,424","07","優化偏鄉醫療精進計畫第二期","4000","獎補助費","","","用途別一級","97090","2.捐助國內團體辦理偏遠及緊急醫療不足地區到院前救護醫療指導模式計畫所需行政費用，計列8,600千元（按日按件計資酬金100千元、對國內團體之捐助8,500千元）。","","true","","","true","","","","","",""
"6557011000","醫政業務","10,819,424","07","優化偏鄉醫療精進計畫第二期","4000","獎補助費","4040","對國內團體之捐助","用途別二級","14270","2.捐助國內團體辦理偏遠及緊急醫療不足地區到院前救護醫療指導模式計畫所需行政費用，計列8,600千元（按日按件計資酬金100千元、對國內團體之捐助8,500千元）。","","true","","","true","","","","","",""
"6557011000","醫政業務","10,819,424","07","優化偏鄉醫療精進計畫第二期","4000","獎補助費","4090","其他補助及捐助","用途別二級","82820","5.捐助偏鄉醫師留任獎勵計畫暨醫療機構及相關團體辦理偏鄉在地醫療照護網絡相關計畫等，計列88,590千元（對國內團體之捐助5,770千元、其他補助及捐助82,820千元）。","5","","","true","","","","","","",""
"6557011000","醫政業務","10,819,424","08","第2期優化兒童醫療照護計畫","","","","","分支計畫","1917150","","","","","","","","","","","",""
"6557011000","醫政業務","10,819,424","08","第2期優化兒童醫療照護計畫","2000","業務費","","","用途別一級","252526","","","","","","","","","","","",""
"6557011000","醫政業務","10,819,424","08","第2期優化兒童醫療照護計畫","2000","業務費","2018","資訊服務費","用途別二級","9466","3.維護及建置兒科緊急醫療資訊系統及兒童醫療健康資訊系統（含困難取得醫材藥品調度平臺、幼兒專責醫師個案管理系統及兒童醫療健康資訊整合平臺等），計列62,166千元（含資本門52,700千元）（資訊服務費9,466千元、資訊軟硬體設備費52,700千元）。","3","true","","","","","","","","",""
"6557011000","醫政業務","10,819,424","08","第2期優化兒童醫療照護計畫","2000","業務費","2036","按日按件計資酬金","用途別二級","100","1.辦理優化兒童醫療照護等所需行政費用，計列300千元（按日按件計資酬金100千元、國內旅費200千元）。","1","true","","","","","","","","",""
"6557011000","醫政業務","10,819,424","08","第2期優化兒童醫療照護計畫","2000","業務費","2039","委辦費","用途別二級","242760","2.辦理幼兒專責醫師制度計畫、優化兒童醫療照護協調管理中心、藥品及醫材調度中心等，計列242,760千元（委辦費）（媒體政策及業務宣導1,200千元）。","2","","","true","","","","","","",""
"6557011000","醫政業務","10,819,424","08","第2期優化兒童醫療照護計畫","2000","業務費","2072","國內旅費","用途別二級","200","1.辦理優化兒童醫療照護等所需行政費用，計列300千元（按日按件計資酬金100千元、國內旅費200千元）。","1","true","","","","","","","","",""
"6557011000","醫政業務","10,819,424","08","第2期優化兒童醫療照護計畫","3000","設備及投資","","","用途別一級","52700","3.維護及建置兒科緊急醫療資訊系統及兒童醫療健康資訊系統（含困難取得醫材藥品調度平臺、幼兒專責醫師個案管理系統及兒童醫療健康資訊整合平臺等），計列62,166千元（含資本門52,700千元）（資訊服務費9,466千元、資訊軟硬體設備費52,700千元）。","3","true","","","","","","","","",""
"6557011000","醫政業務","10,819,424","08","第2期優化兒童醫療照護計畫","3000","設備及投資","3030","資訊軟硬體設備費","用途別二級","52700","3.維護及建置兒科緊急醫療資訊系統及兒童醫療健康資訊系統（含困難取得醫材藥品調度平臺、幼兒專責醫師個案管理系統及兒童醫療健康資訊整合平臺等），計列62,166千元（含資本門52,700千元）（資訊服務費9,466千元、資訊軟硬體設備費52,700千元）。","3","true","","","","","","","","",""
"6557011000","醫政業務","10,819,424","08","第2期優化兒童醫療照護計畫","4000","獎補助費","","","用途別一級","1611924","4.捐助醫療機構辦理幼兒專責醫師個案服務品質獎勵、周產期及兒童緊急醫療重點醫院、兒童重難症核心醫院、兒童重症運送團隊、國家級兒童困難診斷平臺、培訓兒童醫療專業照護人力、特殊需求兒童及青少年視覺復能等，計列1,611,924千元（含資本門67,300千元）（對國內團體之捐助）。","4","true","","","","","","","","",""
"6557011000","醫政業務","10,819,424","08","第2期優化兒童醫療照護計畫","4000","獎補助費","4040","對國內團體之捐助","用途別二級","1611924","4.捐助醫療機構辦理幼兒專責醫師個案服務品質獎勵、周產期及兒童緊急醫療重點醫院、兒童重難症核心醫院、兒童重症運送團隊、國家級兒童困難診斷平臺、培訓兒童醫療專業照護人力、特殊需求兒童及青少年視覺復能等，計列1,611,924千元（含資本門67,300千元）（對國內團體之捐助）。","4","true","","true","","","","","","",""
"6557011000","醫政業務","10,819,424","09","建構國家安全化學與韌性永續計畫","","","","","分支計畫","67610","","","","","","","","","","","",""
"6557011000","醫政業務","10,819,424","09","建構國家安全化學與韌性永續計畫","2000","業務費","","","用途別一級","41400","","","","","","","","","","","",""
"6557011000","醫政業務","10,819,424","09","建構國家安全化學與韌性永續計畫","2000","業務費","2036","按日按件計資酬金","用途別二級","200","1.辦理建構國家安全化學與韌性業務、相關會議及演習等所需行政費用，計列400千元（按日按件計資酬金200千元、物品30千元、一般事務費30千元、國內旅費140千元）。","1","true","","","","","","","","",""
"6557011000","醫政業務","10,819,424","09","建構國家安全化學與韌性永續計畫","2000","業務費","2039","委辦費","用途別二級","41000","2.辦理維運與精進臨床毒藥物諮詢中心、儲備解毒劑暨強化毒藥物分析檢驗技術及檢驗設備等相關費用，計列41,000千元（含資本門10,000千元）（委辦費）。","2","","","true","","","","","","",""
"6557011000","醫政業務","10,819,424","09","建構國家安全化學與韌性永續計畫","2000","業務費","2051","物品","用途別二級","30","1.辦理建構國家安全化學與韌性業務、相關會議及演習等所需行政費用，計列400千元（按日按件計資酬金200千元、物品30千元、一般事務費30千元、國內旅費140千元）。","1","true","","true","","","","","","",""
"6557011000","醫政業務","10,819,424","09","建構國家安全化學與韌性永續計畫","2000","業務費","2054","一般事務費","用途別二級","30","1.辦理建構國家安全化學與韌性業務、相關會議及演習等所需行政費用，計列400千元（按日按件計資酬金200千元、物品30千元、一般事務費30千元、國內旅費140千元）。","1","true","","true","","","","","","",""
"6557011000","醫政業務","10,819,424","09","建構國家安全化學與韌性永續計畫","2000","業務費","2072","國內旅費","用途別二級","140","1.辦理建構國家安全化學與韌性業務、相關會議及演習等所需行政費用，計列400千元（按日按件計資酬金200千元、物品30千元、一般事務費30千元、國內旅費140千元）。","1","true","","","","","","","","",""
"6557011000","醫政業務","10,819,424","09","建構國家安全化學與韌性永續計畫","4000","獎補助費","","","用途別一級","26210","3.補（捐）助醫療機構辦理精進與維運化災急救責任醫院（含防護裝備）、化學物質災害醫療應變初級與進階及相關緊急醫療教育訓練、化學災害醫療應變演習與區域協調會、定期評核等相關費用，計列26,210千元（含資本門13,200千元）（對特種基金之補助13,105千元、對國內團體之捐助13,105千元）。","3","true","","","","","","","","",""
"6557011000","醫政業務","10,819,424","09","建構國家安全化學與韌性永續計畫","4000","獎補助費","4030","對特種基金之補助","用途別二級","13105","3.補（捐）助醫療機構辦理精進與維運化災急救責任醫院（含防護裝備）、化學物質災害醫療應變初級與進階及相關緊急醫療教育訓練、化學災害醫療應變演習與區域協調會、定期評核等相關費用，計列26,210千元（含資本門13,200千元）（對特種基金之補助13,105千元、對國內團體之捐助13,105千元）。","3","true","","true","","","","","","",""
"6557011000","醫政業務","10,819,424","09","建構國家安全化學與韌性永續計畫","4000","獎補助費","4040","對國內團體之捐助","用途別二級","13105","3.補（捐）助醫療機構辦理精進與維運化災急救責任醫院（含防護裝備）、化學物質災害醫療應變初級與進階及相關緊急醫療教育訓練、化學災害醫療應變演習與區域協調會、定期評核等相關費用，計列26,210千元（含資本門13,200千元）（對特種基金之補助13,105千元、對國內團體之捐助13,105千元）。","3","true","","true","","","","","","",""
"6557011000","醫政業務","10,819,424","10","韌性國家醫療整備計畫","","","","","分支計畫","2201400","","","","","","","","","","","",""
"6557011000","醫政業務","10,819,424","10","韌性國家醫療整備計畫","2000","業務費","","","用途別一級","672776","","","","","","","","","","","",""
"6557011000","醫政業務","10,819,424","10","韌性國家醫療整備計畫","2000","業務費","2009","通訊費","用途別二級","50","1.辦理韌性國家醫療整備業務、相關會議及演習等所需行政費用，計列1,148千元（含資本門300千元）（通訊費50千元、按日按件計資酬金528千元、物品10千元、一般事務費50千元、國內旅費200千元、短程車資10千元、雜項設備費300千元）。","1","true","","true","","","","","","",""
"6557011000","醫政業務","10,819,424","10","韌性國家醫療整備計畫","2000","業務費","2018","資訊服務費","用途別二級","6300","2.維護及建置韌性國家醫療整備計畫相關系統，計列65,598千元（含資本門59,298千元）（資訊服務費6,300千元、資訊軟硬體設備費59,298千元）。","2","true","","","","","","","","",""
"6557011000","醫政業務","10,819,424","10","韌性國家醫療整備計畫","2000","業務費","2036","按日按件計資酬金","用途別二級","528","1.辦理韌性國家醫療整備業務、相關會議及演習等所需行政費用，計列1,148千元（含資本門300千元）（通訊費50千元、按日按件計資酬金528千元、物品10千元、一般事務費50千元、國內旅費200千元、短程車資10千元、雜項設備費300千元）。","1","true","","","","","","","","",""
"6557011000","醫政業務","10,819,424","10","韌性國家醫療整備計畫","2000","業務費","2039","委辦費","用途別二級","663836","3.辦理韌性國家醫療整備管理中心等，計列298,102千元（含資本門114,402千元）（委辦費）。4.辦理強化急救責任醫院緊急應變及管理機制暨提升醫事人員與民眾之大型災難或特殊事件醫療及照護韌性訓練等，計列297,334千元（委辦費）。5.辦理醫療機構維生系統韌性盤點與精進計畫，計列68,400千元（委辦費）。","3","","","","","","true","","","",""
"6557011000","醫政業務","10,819,424","10","韌性國家醫療整備計畫","2000","業務費","2051","物品","用途別二級","10","1.辦理韌性國家醫療整備業務、相關會議及演習等所需行政費用，計列1,148千元（含資本門300千元）（通訊費50千元、按日按件計資酬金528千元、物品10千元、一般事務費50千元、國內旅費200千元、短程車資10千元、雜項設備費300千元）。","1","true","","true","","","","","","",""
"6557011000","醫政業務","10,819,424","10","韌性國家醫療整備計畫","2000","業務費","2054","一般事務費","用途別二級","50","1.辦理韌性國家醫療整備業務、相關會議及演習等所需行政費用，計列1,148千元（含資本門300千元）（通訊費50千元、按日按件計資酬金528千元、物品10千元、一般事務費50千元、國內旅費200千元、短程車資10千元、雜項設備費300千元）。","1","true","","true","","","","","","",""
"6557011000","醫政業務","10,819,424","10","韌性國家醫療整備計畫","2000","業務費","2072","國內旅費","用途別二級","200","1.辦理韌性國家醫療整備業務、相關會議及演習等所需行政費用，計列1,148千元（含資本門300千元）（通訊費50千元、按日按件計資酬金528千元、物品10千元、一般事務費50千元、國內旅費200千元、短程車資10千元、雜項設備費300千元）。","1","true","","","","","","","","",""
"6557011000","醫政業務","10,819,424","10","韌性國家醫療整備計畫","2000","業務費","2078","國外旅費","用途別二級","1792","6.考察戰時醫療體系運作與韌性，計列538千元；考察民防及全民防衛系統中醫療整備，計列347千元；考察美國災難醫療訓練，計列680千元；參加醫療資源之資訊調度系統及演練，計列227千元，合共1,792千元（國外旅費）。","6","","","true","","","","","","",""
"6557011000","醫政業務","10,819,424","10","韌性國家醫療整備計畫","2000","業務費","2084","短程車資","用途別二級","10","1.辦理韌性國家醫療整備業務、相關會議及演習等所需行政費用，計列1,148千元（含資本門300千元）（通訊費50千元、按日按件計資酬金528千元、物品10千元、一般事務費50千元、國內旅費200千元、短程車資10千元、雜項設備費300千元）。","1","true","","true","","","","","","",""
"6557011000","醫政業務","10,819,424","10","韌性國家醫療整備計畫","3000","設備及投資","","","用途別一級","149598","","","","","","","","","","","",""
"6557011000","醫政業務","10,819,424","10","韌性國家醫療整備計畫","3000","設備及投資","3010","房屋建築及設備費","用途別二級","90000","7.建置韌性國家醫療整備計畫訓練教室，計列90,000千元（資本門）（房屋建築及設備費）（含工程管理費600千元，依中央政府各機關工程管理費支用要點估算，按工程結算總價提列0.5%～1%，並配合工程結算總價覈實於得提列數額內執行）。","7","","","true","","","","","","",""
"6557011000","醫政業務","10,819,424","10","韌性國家醫療整備計畫","3000","設備及投資","3030","資訊軟硬體設備費","用途別二級","59298","2.維護及建置韌性國家醫療整備計畫相關系統，計列65,598千元（含資本門59,298千元）（資訊服務費6,300千元、資訊軟硬體設備費59,298千元）。","2","true","","","","","","","","",""
"6557011000","醫政業務","10,819,424","10","韌性國家醫療整備計畫","3000","設備及投資","3035","雜項設備費","用途別二級","300","1.辦理韌性國家醫療整備業務、相關會議及演習等所需行政費用，計列1,148千元（含資本門300千元）（通訊費50千元、按日按件計資酬金528千元、物品10千元、一般事務費50千元、國內旅費200千元、短程車資10千元、雜項設備費300千元）。","1","true","","","","","","","","",""
"6557011000","醫政業務","10,819,424","10","韌性國家醫療整備計畫","4000","獎補助費","","","用途別一級","1379026","","","","","","","","","","","",""
"6557011000","醫政業務","10,819,424","10","韌性國家醫療整備計畫","4000","獎補助費","4030","對特種基金之補助","用途別二級","915888","","","","","","","","","","","",""
"6557011000","醫政業務","10,819,424","10","韌性國家醫療整備計畫","4000","獎補助費","4040","對國內團體之捐助","用途別二級","463138","8.補（捐）助醫療機構辦理急救責任醫院、急救站之設備韌性維護、維生設備備援及穩定能源系統等，計列926,276千元（含資本門689,910千元）（對特種基金之補助463,138千元、對國內團體之捐助463,138千元）。","8","","","true","","","","","","",""
"6557011000","醫政業務","10,819,424","10","韌性國家醫療整備計畫","","","","","未歸戶說明","","9.補助醫療機構精進災難醫療執行經驗，參與整備替代醫療時收治場所等，計列428,750千元（含資本門347,000千元）（對特種基金之補助）。","","","","","","true","","","","",""
"6557011000","醫政業務","10,819,424","10","韌性國家醫療整備計畫","","","","","未歸戶說明","","10.補助醫療機構精進災難醫療執行經驗，參與國際會議研習交流或實地訓練等，計列24,000千元（對特種基金之補助）。","","","","","","true","","","","",""
"6557011000","醫政業務","10,819,424","11","健康台灣深耕計畫","","","","","分支計畫","5942100","","","","","","","","","","","",""
"6557011000","醫政業務","10,819,424","11","健康台灣深耕計畫","2000","業務費","","","用途別一級","91581","","","","","","","","","","","",""
"6557011000","醫政業務","10,819,424","11","健康台灣深耕計畫","2000","業務費","2009","通訊費","用途別二級","850","1.辦理健康台灣深耕計畫相關會議、案件審查、執行評估及成效管理等所需行政費用，計列29,031千元（含資本門300千元）（通訊費850千元、按日按件計資酬金3,271千元、委辦費20,000千元、物品85千元、一般事務費950千元、國內旅費3,300千元、短程車資275千元、資訊軟硬體設備費100千元、雜項設備費200千元）。","1","true","","true","","","","","","",""
"6557011000","醫政業務","10,819,424","11","健康台灣深耕計畫","2000","業務費","2033","約用人員酬金","用途別二級","850","2.約用人員1名，計列850千元（約用人員酬金）。","2","","","true","","","","","","",""
"6557011000","醫政業務","10,819,424","11","健康台灣深耕計畫","2000","業務費","2036","按日按件計資酬金","用途別二級","3271","1.辦理健康台灣深耕計畫相關會議、案件審查、執行評估及成效管理等所需行政費用，計列29,031千元（含資本門300千元）（通訊費850千元、按日按件計資酬金3,271千元、委辦費20,000千元、物品85千元、一般事務費950千元、國內旅費3,300千元、短程車資275千元、資訊軟硬體設備費100千元、雜項設備費200千元）。","1","true","","","","","","","","",""
"6557011000","醫政業務","10,819,424","11","健康台灣深耕計畫","2000","業務費","2039","委辦費","用途別二級","82000","","","","","","","","","","","",""
"6557011000","醫政業務","10,819,424","11","健康台灣深耕計畫","2000","業務費","2051","物品","用途別二級","85","1.辦理健康台灣深耕計畫相關會議、案件審查、執行評估及成效管理等所需行政費用，計列29,031千元（含資本門300千元）（通訊費850千元、按日按件計資酬金3,271千元、委辦費20,000千元、物品85千元、一般事務費950千元、國內旅費3,300千元、短程車資275千元、資訊軟硬體設備費100千元、雜項設備費200千元）。","1","true","","","","","","","","",""
"6557011000","醫政業務","10,819,424","11","健康台灣深耕計畫","2000","業務費","2054","一般事務費","用途別二級","950","1.辦理健康台灣深耕計畫相關會議、案件審查、執行評估及成效管理等所需行政費用，計列29,031千元（含資本門300千元）（通訊費850千元、按日按件計資酬金3,271千元、委辦費20,000千元、物品85千元、一般事務費950千元、國內旅費3,300千元、短程車資275千元、資訊軟硬體設備費100千元、雜項設備費200千元）。","1","true","","","","","","","","",""
"6557011000","醫政業務","10,819,424","11","健康台灣深耕計畫","2000","業務費","2072","國內旅費","用途別二級","3300","1.辦理健康台灣深耕計畫相關會議、案件審查、執行評估及成效管理等所需行政費用，計列29,031千元（含資本門300千元）（通訊費850千元、按日按件計資酬金3,271千元、委辦費20,000千元、物品85千元、一般事務費950千元、國內旅費3,300千元、短程車資275千元、資訊軟硬體設備費100千元、雜項設備費200千元）。","1","true","","","","","","","","",""
"6557011000","醫政業務","10,819,424","11","健康台灣深耕計畫","2000","業務費","2084","短程車資","用途別二級","275","1.辦理健康台灣深耕計畫相關會議、案件審查、執行評估及成效管理等所需行政費用，計列29,031千元（含資本門300千元）（通訊費850千元、按日按件計資酬金3,271千元、委辦費20,000千元、物品85千元、一般事務費950千元、國內旅費3,300千元、短程車資275千元、資訊軟硬體設備費100千元、雜項設備費200千元）。","1","true","","","","","","","","",""
"6557011000","醫政業務","10,819,424","11","健康台灣深耕計畫","3000","設備及投資","","","用途別一級","8300","3.辦理健康台灣深耕計畫相關專案管理費用，計列70,000千元（含資本門8,000千元）（委辦費62,000千元、資訊軟硬體設備費7,700千元、雜項設備費300千元）。","","true","","","true","","","","","",""
"6557011000","醫政業務","10,819,424","11","健康台灣深耕計畫","3000","設備及投資","3030","資訊軟硬體設備費","用途別二級","7800","3.辦理健康台灣深耕計畫相關專案管理費用，計列70,000千元（含資本門8,000千元）（委辦費62,000千元、資訊軟硬體設備費7,700千元、雜項設備費300千元）。","","true","","","true","","","","","",""
"6557011000","醫政業務","10,819,424","11","健康台灣深耕計畫","3000","設備及投資","3035","雜項設備費","用途別二級","500","3.辦理健康台灣深耕計畫相關專案管理費用，計列70,000千元（含資本門8,000千元）（委辦費62,000千元、資訊軟硬體設備費7,700千元、雜項設備費300千元）。","","true","","","true","","","","","",""
"6557011000","醫政業務","10,819,424","11","健康台灣深耕計畫","4000","獎補助費","","","用途別一級","5842219","4.補（捐）助醫療機構、醫學會及醫事公會等辦理優化醫療工作條件，提升醫事人員核心價值與工作環境、優化醫院內資源配置、擴大科技投資以降低工作負荷及制定醫事人力留任策略等，計列1,728,364千元（含資本門12,000千元）（對特種基金之補助533,741千元、對國內團體之捐助1,194,623千元）。5.補（捐）助醫療機構、醫學會及醫事公會等辦理規劃多元人才培訓，提供持續教育與專業發展機會、促進醫事人員跨領域合作與學習、提高急重難科醫師回流醫院誘因及建立明確職涯發展路徑等，計列1,164,614千元（含資本門4,722千元）（對特種基金之補助352,494千元、對國內團體之捐助812,120千元）。6.補（捐）助醫療機構、醫學會及醫事公會等辦理導入智慧醫療科技，以AI科技協助臨床醫療、引進國際接軌醫療科技及技術、優化醫療照護流程與效率、醫療數據共享與安全及朝智慧醫院發展等，計列1,210,874千元（含資本門204,184千元）（對特種基金之補助372,494千元、對國內團體之捐助838,380千元）。7.補（捐）助醫療機構、醫學會及醫事公會等辦理社會責任醫療永續，落實分級醫療、整合照護體系、營造健康生活型態、減少碳足跡及建立ESG管理模式等，計列1,738,367千元（含資本門70,794千元）（對特種基金之補助533,741千元、對國內團體之捐助1,204,626千元）。","4","","","","","","true","","","",""
"6557011000","醫政業務","10,819,424","11","健康台灣深耕計畫","4000","獎補助費","4030","對特種基金之補助","用途別二級","1792470","","","","","","","","","","","",""
"6557011000","醫政業務","10,819,424","11","健康台灣深耕計畫","4000","獎補助費","4040","對國內團體之捐助","用途別二級","4049749","","","","","","","","","","","",""
"6557011100","心理及口腔健康業務","4,641,788","01","心理健康行政管理","","","","","分支計畫","16724","","","","","","","","","","","",""
"6557011100","心理及口腔健康業務","4,641,788","01","心理健康行政管理","2000","業務費","","","用途別一級","16224","","","","","","","","","","","",""
"6557011100","心理及口腔健康業務","4,641,788","01","心理健康行政管理","2000","業務費","2003","教育訓練費","用途別二級","30","1.辦理心理健康促進、精神疾病防治、成癮防治、區域性國際衛生會議、活動及友好國家衛生人員來臺訪問等所需行政費用，計列1,227千元（教育訓練費30千元、通訊費400千元、其他業務租金50千元、保險費50千元、兼職費25千元、按日按件計資酬金90千元、物品9千元、一般事務費200千元、國內旅費363千元、短程車資10千元）。","0","true","","","","","","","","",""
"6557011100","心理及口腔健康業務","4,641,788","01","心理健康行政管理","2000","業務費","2009","通訊費","用途別二級","5450","","","","","","","","","","","",""
"6557011100","心理及口腔健康業務","4,641,788","01","心理健康行政管理","2000","業務費","2021","其他業務租金","用途別二級","50","1.辦理心理健康促進、精神疾病防治、成癮防治、區域性國際衛生會議、活動及友好國家衛生人員來臺訪問等所需行政費用，計列1,227千元（教育訓練費30千元、通訊費400千元、其他業務租金50千元、保險費50千元、兼職費25千元、按日按件計資酬金90千元、物品9千元、一般事務費200千元、國內旅費363千元、短程車資10千元）。","0","true","","true","","","","","","",""
"6557011100","心理及口腔健康業務","4,641,788","01","心理健康行政管理","2000","業務費","2027","保險費","用途別二級","50","1.辦理心理健康促進、精神疾病防治、成癮防治、區域性國際衛生會議、活動及友好國家衛生人員來臺訪問等所需行政費用，計列1,227千元（教育訓練費30千元、通訊費400千元、其他業務租金50千元、保險費50千元、兼職費25千元、按日按件計資酬金90千元、物品9千元、一般事務費200千元、國內旅費363千元、短程車資10千元）。","0","true","","true","","","","","","",""
"6557011100","心理及口腔健康業務","4,641,788","01","心理健康行政管理","2000","業務費","2030","兼職費","用途別二級","25","1.辦理心理健康促進、精神疾病防治、成癮防治、區域性國際衛生會議、活動及友好國家衛生人員來臺訪問等所需行政費用，計列1,227千元（教育訓練費30千元、通訊費400千元、其他業務租金50千元、保險費50千元、兼職費25千元、按日按件計資酬金90千元、物品9千元、一般事務費200千元、國內旅費363千元、短程車資10千元）。","0","true","","","","","","","","",""
"6557011100","心理及口腔健康業務","4,641,788","01","心理健康行政管理","2000","業務費","2036","按日按件計資酬金","用途別二級","5010","","","","","","","","","","","",""
"6557011100","心理及口腔健康業務","4,641,788","01","心理健康行政管理","2000","業務費","2039","委辦費","用途別二級","3170","2.辦理政治暴力創傷療癒及知情推廣等，計列5,033千元（通訊費200千元、按日按件計資酬金20千元、委辦費3,170千元、一般事務費933千元、國內旅費200千元、短程車資10千元、對特種基金之補助250千元、對私校之獎助250千元）（媒體政策及業務宣導168千元）。","1","true","","","","","","","","",""
"6557011100","心理及口腔健康業務","4,641,788","01","心理健康行政管理","2000","業務費","2051","物品","用途別二級","9","1.辦理心理健康促進、精神疾病防治、成癮防治、區域性國際衛生會議、活動及友好國家衛生人員來臺訪問等所需行政費用，計列1,227千元（教育訓練費30千元、通訊費400千元、其他業務租金50千元、保險費50千元、兼職費25千元、按日按件計資酬金90千元、物品9千元、一般事務費200千元、國內旅費363千元、短程車資10千元）。","0","true","","","","","","","","",""
"6557011100","心理及口腔健康業務","4,641,788","01","心理健康行政管理","2000","業務費","2054","一般事務費","用途別二級","1133","2.辦理政治暴力創傷療癒及知情推廣等，計列5,033千元（通訊費200千元、按日按件計資酬金20千元、委辦費3,170千元、一般事務費933千元、國內旅費200千元、短程車資10千元、對特種基金之補助250千元、對私校之獎助250千元）（媒體政策及業務宣導168千元）。","1","true","true","","","","","","","",""
"6557011100","心理及口腔健康業務","4,641,788","01","心理健康行政管理","2000","業務費","2072","國內旅費","用途別二級","1277","","","","","","","","","","","",""
"6557011100","心理及口腔健康業務","4,641,788","01","心理健康行政管理","2000","業務費","2084","短程車資","用途別二級","20","2.辦理政治暴力創傷療癒及知情推廣等，計列5,033千元（通訊費200千元、按日按件計資酬金20千元、委辦費3,170千元、一般事務費933千元、國內旅費200千元、短程車資10千元、對特種基金之補助250千元、對私校之獎助250千元）（媒體政策及業務宣導168千元）。","1","true","","","","","","","","",""
"6557011100","心理及口腔健康業務","4,641,788","01","心理健康行政管理","4000","獎補助費","","","用途別一級","500","","","","","","","","","","","",""
"6557011100","心理及口腔健康業務","4,641,788","01","心理健康行政管理","4000","獎補助費","4030","對特種基金之補助","用途別二級","250","2.辦理政治暴力創傷療癒及知情推廣等，計列5,033千元（通訊費200千元、按日按件計資酬金20千元、委辦費3,170千元、一般事務費933千元、國內旅費200千元、短程車資10千元、對特種基金之補助250千元、對私校之獎助250千元）（媒體政策及業務宣導168千元）。","1","true","","true","","","","","","",""
"6557011100","心理及口腔健康業務","4,641,788","01","心理健康行政管理","4000","獎補助費","4045","對私校之獎助","用途別二級","250","2.辦理政治暴力創傷療癒及知情推廣等，計列5,033千元（通訊費200千元、按日按件計資酬金20千元、委辦費3,170千元、一般事務費933千元、國內旅費200千元、短程車資10千元、對特種基金之補助250千元、對私校之獎助250千元）（媒體政策及業務宣導168千元）。","1","true","","true","","","","","","",""
"6557011100","心理及口腔健康業務","4,641,788","01","心理健康行政管理","","","","","未歸戶說明","","3.辦理安心專線所需通訊費，計列4,850千元（通訊費）。","","","","","","true","","","","",""
"6557011100","心理及口腔健康業務","4,641,788","01","心理健康行政管理","","","","","未歸戶說明","","4.辦理精神衛生法所定精神疾病嚴重病人強制鑑定強制社區治療審查會等，計列5,614千元（按日按件計資酬金4,900千元、國內旅費714千元）。","","","","","","true","","","","",""
"6557011100","心理及口腔健康業務","4,641,788","02","口腔健康行政管理","","","","","分支計畫","824","","","","","","","","","","","",""
"6557011100","心理及口腔健康業務","4,641,788","02","口腔健康行政管理","2000","業務費","","","用途別一級","824","","","","","","","","","","","",""
"6557011100","心理及口腔健康業務","4,641,788","02","口腔健康行政管理","2000","業務費","2009","通訊費","用途別二級","220","2.辦理核發牙醫專科醫師證書作業等費用，計列110千元（通訊費20千元、一般事務費90千元）。","1","","true","","","","","","","",""
"6557011100","心理及口腔健康業務","4,641,788","02","口腔健康行政管理","2000","業務費","2021","其他業務租金","用途別二級","270","1.辦理口腔健康行政管理工作等所需費用，計列623千元（通訊費200千元、其他業務租金270千元、按日按件計資酬金50千元、物品14千元、一般事務費89千元）。","0","true","","","","","","","","",""
"6557011100","心理及口腔健康業務","4,641,788","02","口腔健康行政管理","2000","業務費","2036","按日按件計資酬金","用途別二級","115","","","","","","","","","","","",""
"6557011100","心理及口腔健康業務","4,641,788","02","口腔健康行政管理","2000","業務費","2051","物品","用途別二級","14","1.辦理口腔健康行政管理工作等所需費用，計列623千元（通訊費200千元、其他業務租金270千元、按日按件計資酬金50千元、物品14千元、一般事務費89千元）。","0","true","","","","","","","","",""
"6557011100","心理及口腔健康業務","4,641,788","02","口腔健康行政管理","2000","業務費","2054","一般事務費","用途別二級","179","","","","","","","","","","","",""
"6557011100","心理及口腔健康業務","4,641,788","02","口腔健康行政管理","2000","業務費","2072","國內旅費","用途別二級","18","3.辦理口腔管理法規及召開相關會議、活動及訪查等所需行政費用，計列91千元（按日按件計資酬金65千元、國內旅費18千元、短程車資8千元）。","2","true","","","","","","","","",""
"6557011100","心理及口腔健康業務","4,641,788","02","口腔健康行政管理","2000","業務費","2084","短程車資","用途別二級","8","3.辦理口腔管理法規及召開相關會議、活動及訪查等所需行政費用，計列91千元（按日按件計資酬金65千元、國內旅費18千元、短程車資8千元）。","2","true","","","","","","","","",""
"6557011100","心理及口腔健康業務","4,641,788","03","全民心理健康韌性計畫","","","","","分支計畫","892583","","","","","","","","","","","",""
"6557011100","心理及口腔健康業務","4,641,788","03","全民心理健康韌性計畫","2000","業務費","","","用途別一級","194426","","","","","","","","","","","",""
"6557011100","心理及口腔健康業務","4,641,788","03","全民心理健康韌性計畫","2000","業務費","2018","資訊服務費","用途別二級","12852","1.維護及增修精神照護資訊管理及自殺防治通報資訊系統等，計列23,650千元（含資本門10,798千元）（資訊服務費12,852千元、資訊軟硬體設備費10,798千元）。","1","true","","","","","","","","",""
"6557011100","心理及口腔健康業務","4,641,788","03","全民心理健康韌性計畫","2000","業務費","2021","其他業務租金","用途別二級","750","2.辦理鴉片類藥癮病人美沙冬治療藥品、倉儲、配送等，計列15,000千元（其他業務租金750千元、物品13,000千元、運費1,250千元）。","2","true","","","","","","","","",""
"6557011100","心理及口腔健康業務","4,641,788","03","全民心理健康韌性計畫","2000","業務費","2033","約用人員酬金","用途別二級","1400","3.約用人員2名，計列1,400千元（約用人員酬金）。","3","","","true","","","","","","",""
"6557011100","心理及口腔健康業務","4,641,788","03","全民心理健康韌性計畫","2000","業務費","2036","按日按件計資酬金","用途別二級","1509","4.辦理強化風險個案早期介入及追蹤管理等，計列9,405千元（按日按件計資酬金1,509千元、委辦費7,000千元、物品42千元、一般事務費420千元、國內旅費434千元）。","4","true","","","","","","","","",""
"6557011100","心理及口腔健康業務","4,641,788","03","全民心理健康韌性計畫","2000","業務費","2039","委辦費","用途別二級","160275","","","","","","","","","","","",""
"6557011100","心理及口腔健康業務","4,641,788","03","全民心理健康韌性計畫","2000","業務費","2051","物品","用途別二級","13042","","","","","","","","","","","",""
"6557011100","心理及口腔健康業務","4,641,788","03","全民心理健康韌性計畫","2000","業務費","2054","一般事務費","用途別二級","1423","","","","","","","","","","","",""
"6557011100","心理及口腔健康業務","4,641,788","03","全民心理健康韌性計畫","2000","業務費","2072","國內旅費","用途別二級","434","4.辦理強化風險個案早期介入及追蹤管理等，計列9,405千元（按日按件計資酬金1,509千元、委辦費7,000千元、物品42千元、一般事務費420千元、國內旅費434千元）。","4","true","","","","","","","","",""
"6557011100","心理及口腔健康業務","4,641,788","03","全民心理健康韌性計畫","2000","業務費","2078","國外旅費","用途別二級","1491","6.參加第79屆世界衛生大會及赴歐洲參加心理健康相關會議，計列272千元；舉辦雙邊或多邊會議及活動，計列521千元；赴歐洲交流與考察精神衛生法強制住院專家參審制國際經驗，計列488千元；參與2026年藥物依賴問題學院年會，計列210千元，合共1,491千元（國外旅費）。","6","","","true","","","","","","",""
"6557011100","心理及口腔健康業務","4,641,788","03","全民心理健康韌性計畫","2000","業務費","2081","運費","用途別二級","1250","2.辦理鴉片類藥癮病人美沙冬治療藥品、倉儲、配送等，計列15,000千元（其他業務租金750千元、物品13,000千元、運費1,250千元）。","2","true","","","","","","","","",""
"6557011100","心理及口腔健康業務","4,641,788","03","全民心理健康韌性計畫","3000","設備及投資","","","用途別一級","10798","1.維護及增修精神照護資訊管理及自殺防治通報資訊系統等，計列23,650千元（含資本門10,798千元）（資訊服務費12,852千元、資訊軟硬體設備費10,798千元）。","1","true","","","","","","","","",""
"6557011100","心理及口腔健康業務","4,641,788","03","全民心理健康韌性計畫","3000","設備及投資","3030","資訊軟硬體設備費","用途別二級","10798","1.維護及增修精神照護資訊管理及自殺防治通報資訊系統等，計列23,650千元（含資本門10,798千元）（資訊服務費12,852千元、資訊軟硬體設備費10,798千元）。","1","true","","","","","","","","",""
"6557011100","心理及口腔健康業務","4,641,788","03","全民心理健康韌性計畫","4000","獎補助費","","","用途別一級","687359","5.辦理全國自殺防治中心、酒癮防治中心、安心專線服務、心理健康學習平臺維運、網路成癮介入發展計畫、心理健康、自殺防治衛教資源發展與人員培訓、心理健康及精神疾病調查、精神醫療網、精神照護機構評鑑、精神疾病嚴重病人強制鑑定及強制社區治療審查會、龍發堂家屬培力、精神衛生法法令政策研究、心理健康與精神疾病防治等相關業務及衛生行政人員研討會等，計列154,278千元（含資本門2,694千元）（委辦費153,275千元、一般事務費1,003千元）（媒體政策及業務宣導1,003千元）。7.補（捐）助醫療機構、民間機構及國內團體辦理酒癮戒治服務及防治模式發展等，計列33,842千元（含資本門50千元）（對特種基金之補助18,000千元、對國內團體之捐助15,842千元）。8.補（捐）助精神衛生相關機構及國內團體辦理指定醫療機構視訊設備購置、病人社區照顧、支持及復健等，計列2,000千元（含資本門500千元）（對特種基金之補助800千元、對國內團體之捐助1,200千元）。9.撥充家庭暴力及性侵害防治基金辦理暴力防治處遇計畫，計列40,000千元（對特種基金之補助）。10.捐助民間機構及國內團體辦理心理健康促進與支持服務、相關人員訓練、個案追蹤輔導、心理衛生教育、心理重建及精神病人權益保障等，計列26,820千元（對國內團體之捐助）（預計投注於原住民族7,000千元）。","","true","","","true","","","","","",""
"6557011100","心理及口腔健康業務","4,641,788","03","全民心理健康韌性計畫","4000","獎補助費","4030","對特種基金之補助","用途別二級","58800","5.辦理全國自殺防治中心、酒癮防治中心、安心專線服務、心理健康學習平臺維運、網路成癮介入發展計畫、心理健康、自殺防治衛教資源發展與人員培訓、心理健康及精神疾病調查、精神醫療網、精神照護機構評鑑、精神疾病嚴重病人強制鑑定及強制社區治療審查會、龍發堂家屬培力、精神衛生法法令政策研究、心理健康與精神疾病防治等相關業務及衛生行政人員研討會等，計列154,278千元（含資本門2,694千元）（委辦費153,275千元、一般事務費1,003千元）（媒體政策及業務宣導1,003千元）。7.補（捐）助醫療機構、民間機構及國內團體辦理酒癮戒治服務及防治模式發展等，計列33,842千元（含資本門50千元）（對特種基金之補助18,000千元、對國內團體之捐助15,842千元）。8.補（捐）助精神衛生相關機構及國內團體辦理指定醫療機構視訊設備購置、病人社區照顧、支持及復健等，計列2,000千元（含資本門500千元）（對特種基金之補助800千元、對國內團體之捐助1,200千元）。9.撥充家庭暴力及性侵害防治基金辦理暴力防治處遇計畫，計列40,000千元（對特種基金之補助）。10.捐助民間機構及國內團體辦理心理健康促進與支持服務、相關人員訓練、個案追蹤輔導、心理衛生教育、心理重建及精神病人權益保障等，計列26,820千元（對國內團體之捐助）（預計投注於原住民族7,000千元）。","","true","","","true","","","","","",""
"6557011100","心理及口腔健康業務","4,641,788","03","全民心理健康韌性計畫","4000","獎補助費","4040","對國內團體之捐助","用途別二級","43862","5.辦理全國自殺防治中心、酒癮防治中心、安心專線服務、心理健康學習平臺維運、網路成癮介入發展計畫、心理健康、自殺防治衛教資源發展與人員培訓、心理健康及精神疾病調查、精神醫療網、精神照護機構評鑑、精神疾病嚴重病人強制鑑定及強制社區治療審查會、龍發堂家屬培力、精神衛生法法令政策研究、心理健康與精神疾病防治等相關業務及衛生行政人員研討會等，計列154,278千元（含資本門2,694千元）（委辦費153,275千元、一般事務費1,003千元）（媒體政策及業務宣導1,003千元）。7.補（捐）助醫療機構、民間機構及國內團體辦理酒癮戒治服務及防治模式發展等，計列33,842千元（含資本門50千元）（對特種基金之補助18,000千元、對國內團體之捐助15,842千元）。8.補（捐）助精神衛生相關機構及國內團體辦理指定醫療機構視訊設備購置、病人社區照顧、支持及復健等，計列2,000千元（含資本門500千元）（對特種基金之補助800千元、對國內團體之捐助1,200千元）。9.撥充家庭暴力及性侵害防治基金辦理暴力防治處遇計畫，計列40,000千元（對特種基金之補助）。10.捐助民間機構及國內團體辦理心理健康促進與支持服務、相關人員訓練、個案追蹤輔導、心理衛生教育、心理重建及精神病人權益保障等，計列26,820千元（對國內團體之捐助）（預計投注於原住民族7,000千元）。","","true","","","true","","","","","",""
"6557011100","心理及口腔健康業務","4,641,788","03","全民心理健康韌性計畫","4000","獎補助費","4065","社會福利津貼及濟助","用途別二級","107746","11.濟助精神疾病嚴重病人強制處置醫療費用、弱勢精神病人伙食及醫療等，計列107,746千元（社會福利津貼及濟助）。","11","","","true","","","","","","",""
"6557011100","心理及口腔健康業務","4,641,788","03","全民心理健康韌性計畫","4000","獎補助費","4090","其他補助及捐助","用途別二級","476951","12.捐助特定人口群心理支持服務，計列349,951千元（其他補助及捐助）。13.捐助社區酒癮個案治療處遇及鴉片類藥癮病人美沙冬治療醫療等，計列127,000千元（其他補助及捐助）。","12","","","","","","true","","","",""
"6557011100","心理及口腔健康業務","4,641,788","04","強化藥癮治療服務","","","","","分支計畫","361581","","","","","","","","","","","",""
"6557011100","心理及口腔健康業務","4,641,788","04","強化藥癮治療服務","2000","業務費","","","用途別一級","112089","","","","","","","","","","","",""
"6557011100","心理及口腔健康業務","4,641,788","04","強化藥癮治療服務","2000","業務費","2009","通訊費","用途別二級","1500","1.辦理毒品危害防制中心諮詢專線所需通訊費、毒品危害防制中心相關資訊系統對外傳輸頻寬費用，計列1,500千元（通訊費）。","0","","","true","","","","","","",""
"6557011100","心理及口腔健康業務","4,641,788","04","強化藥癮治療服務","2000","業務費","2018","資訊服務費","用途別二級","10009","2.維護及增修成癮醫療個案管理及毒品危害防制中心資訊系統等，計列14,539千元（含資本門4,530千元）（資訊服務費10,009千元、資訊軟硬體設備費4,530千元）。","1","true","","","","","","","","",""
"6557011100","心理及口腔健康業務","4,641,788","04","強化藥癮治療服務","2000","業務費","2039","委辦費","用途別二級","98946","3.辦理成癮防治人才培訓、成癮醫療政策轉譯中心與成癮醫療調查、毒品危害防制諮詢專線話務中心等業務，計列85,550千元（含資本門50千元）（委辦費）。","2","","","","true","","","false","","",""
"6557011100","心理及口腔健康業務","4,641,788","04","強化藥癮治療服務","2000","業務費","2054","一般事務費","用途別二級","1634","4.辦理成癮防治國內及國際性研討會、會議、活動及國外專家來臺訪問等，計列1,634千元（一般事務費）（媒體政策及業務宣導1,118千元）。","3","","","true","","","","","","",""
"6557011100","心理及口腔健康業務","4,641,788","04","強化藥癮治療服務","","","","","未歸戶說明","","5.建置整合性藥癮醫療示範中心，計列111,987千元（含資本門560千元）（對特種基金之補助60,000千元、對國內團體之捐助51,987千元）。","","","","","","true","","","","",""
"6557011100","心理及口腔健康業務","4,641,788","04","強化藥癮治療服務","","","","","未歸戶說明","","6.辦理治療性社區，計列87,975千元（含資本門60千元）（對特種基金之補助49,500千元、對國內團體之捐助38,475千元）。","","","","","","true","","","","",""
"6557011100","心理及口腔健康業務","4,641,788","04","強化藥癮治療服務","","","","","未歸戶說明","","7.辦理成癮治療模式（含緩起訴戒癮治療）開發及試辦推廣，計列23,396千元（委辦費13,396千元、對特種基金之補助5,000千元、對國內團體之捐助5,000千元）。","","","","","","true","","","","",""
"6557011100","心理及口腔健康業務","4,641,788","04","強化藥癮治療服務","","","","","未歸戶說明","","8.辦理維持治療品質提升，計列35,000千元（含資本門300千元）（對特種基金之補助15,000千元、對國內團體之捐助20,000千元）。","","","","","","true","","","","",""
"6557011100","心理及口腔健康業務","4,641,788","04","強化藥癮治療服務","3000","設備及投資","","","用途別一級","4530","2.維護及增修成癮醫療個案管理及毒品危害防制中心資訊系統等，計列14,539千元（含資本門4,530千元）（資訊服務費10,009千元、資訊軟硬體設備費4,530千元）。","1","true","","","","","","","","",""
"6557011100","心理及口腔健康業務","4,641,788","04","強化藥癮治療服務","3000","設備及投資","3030","資訊軟硬體設備費","用途別二級","4530","2.維護及增修成癮醫療個案管理及毒品危害防制中心資訊系統等，計列14,539千元（含資本門4,530千元）（資訊服務費10,009千元、資訊軟硬體設備費4,530千元）。","1","true","","","","","","","","",""
"6557011100","心理及口腔健康業務","4,641,788","04","強化藥癮治療服務","4000","獎補助費","","","用途別一級","244962","","","","","","","","","","","",""
"6557011100","心理及口腔健康業務","4,641,788","04","強化藥癮治療服務","4000","獎補助費","4030","對特種基金之補助","用途別二級","129500","","","","","","","","","","","",""
"6557011100","心理及口腔健康業務","4,641,788","04","強化藥癮治療服務","4000","獎補助費","4040","對國內團體之捐助","用途別二級","115462","","","","","","","","","","","",""
"6557011100","心理及口腔健康業務","4,641,788","05","強化社會安全網","","","","","分支計畫","985421","","","","","","","","","","","",""
"6557011100","心理及口腔健康業務","4,641,788","05","強化社會安全網","","","","","未歸戶說明","","1.辦理強化社會安全網2.0，共需經費862,697千元，其內容如下：(1)辦理多重議題個案服務人才培訓、處遇社工教育訓練、社區心理衛生中心輔導訪查及共識營等，計列19,500千元（委辦費）。","","","","","","true","","","","",""
"6557011100","心理及口腔健康業務","4,641,788","05","強化社會安全網","","","","","未歸戶說明","","(2)約用人員6名，計列4,860千元（約用人員酬金）。","","","","","","true","","","","",""
"6557011100","心理及口腔健康業務","4,641,788","05","強化社會安全網","2000","業務費","","","用途別一級","50459","","","","","","","","","","","",""
"6557011100","心理及口腔健康業務","4,641,788","05","強化社會安全網","2000","業務費","2033","約用人員酬金","用途別二級","11410","","","","","","","","","","","",""
"6557011100","心理及口腔健康業務","4,641,788","05","強化社會安全網","2000","業務費","2036","按日按件計資酬金","用途別二級","270","2.辦理司法精神醫療保安處分處所籌備中心，共需經費122,724千元，其內容如下：(1)辦理籌備工作所需行政費用，計列689千元（按日按件計資酬金270千元、國內旅費419千元）。(2)約用人員8名，計列6,550千元（約用人員酬金）。(3)辦理司法精神醫療保安處分處所人才培訓計畫，計列115,485千元（含資本門12,272千元）（對特種基金之補助）。","6","","","","","","","","true","",""
"6557011100","心理及口腔健康業務","4,641,788","05","強化社會安全網","2000","業務費","2039","委辦費","用途別二級","35650","","","","","","","","","","","",""
"6557011100","心理及口腔健康業務","4,641,788","05","強化社會安全網","2000","業務費","2054","一般事務費","用途別二級","2270","(4)辦理深化司法精神醫療及處遇服務，計列230,920千元（委辦費13,150千元、一般事務費2,270千元、對特種基金之補助215,500千元）。","3","","","true","","","","","","",""
"6557011100","心理及口腔健康業務","4,641,788","05","強化社會安全網","2000","業務費","2072","國內旅費","用途別二級","419","2.辦理司法精神醫療保安處分處所籌備中心，共需經費122,724千元，其內容如下：(1)辦理籌備工作所需行政費用，計列689千元（按日按件計資酬金270千元、國內旅費419千元）。","6","","","","","","","","","",""
"6557011100","心理及口腔健康業務","4,641,788","05","強化社會安全網","2000","業務費","2078","國外旅費","用途別二級","440","(5)赴芬蘭考察與交流精神障礙觸法者醫療處遇政策，計列440千元（國外旅費）。","4","","","true","","","","","","",""
"6557011100","心理及口腔健康業務","4,641,788","05","強化社會安全網","","","","","未歸戶說明","","(6)辦理司法精神病房照護系統及治療模式發展，計列251,003千元（對特種基金之補助）。","","","","","","true","","","","",""
"6557011100","心理及口腔健康業務","4,641,788","05","強化社會安全網","4000","獎補助費","","","用途別一級","934962","","","","","","","","","","","",""
"6557011100","心理及口腔健康業務","4,641,788","05","強化社會安全網","4000","獎補助費","4030","對特種基金之補助","用途別二級","581988","","","","","","","","","","","",""
"6557011100","心理及口腔健康業務","4,641,788","05","強化社會安全網","4000","獎補助費","4040","對國內團體之捐助","用途別二級","352974","(3)辦理疑似或社區精神病人照護優化等服務及成立緊急精神醫療處置管理協調中心，計列355,974千元（委辦費3,000千元、對國內團體之捐助352,974千元）。","2","","","true","","","","","","",""
"6557011100","心理及口腔健康業務","4,641,788","06","國民口腔健康促進計畫第二期","","","","","分支計畫","596769","","","","","","","","","","","",""
"6557011100","心理及口腔健康業務","4,641,788","06","國民口腔健康促進計畫第二期","2000","業務費","","","用途別一級","50822","","","","","","","","","","","",""
"6557011100","心理及口腔健康業務","4,641,788","06","國民口腔健康促進計畫第二期","2000","業務費","2009","通訊費","用途別二級","250","1.辦理國民口腔健康促進計畫等所需行政費用，計列2,342千元（通訊費250千元、保險費20千元、按日按件計資酬金350千元、一般事務費1,698千元、國內旅費24千元）（媒體政策及業務宣導1,350千元）。","1","true","","","","","","","","",""
"6557011100","心理及口腔健康業務","4,641,788","06","國民口腔健康促進計畫第二期","2000","業務費","2027","保險費","用途別二級","50","","","","","","","","","","","",""
"6557011100","心理及口腔健康業務","4,641,788","06","國民口腔健康促進計畫第二期","2000","業務費","2030","兼職費","用途別二級","2120","2.召開口腔醫學委員會、牙醫專科醫師訓練計畫認定會、特殊需求者口腔醫學科及植牙專科醫師聯合甄審委員會、口腔醫療品質諮詢會等相關會議，計列2,214千元（保險費30千元、兼職費2,120千元、國內旅費64千元）。","2","","","true","","","","","","",""
"6557011100","心理及口腔健康業務","4,641,788","06","國民口腔健康促進計畫第二期","2000","業務費","2036","按日按件計資酬金","用途別二級","350","1.辦理國民口腔健康促進計畫等所需行政費用，計列2,342千元（通訊費250千元、保險費20千元、按日按件計資酬金350千元、一般事務費1,698千元、國內旅費24千元）（媒體政策及業務宣導1,350千元）。","1","true","","","","","","","","",""
"6557011100","心理及口腔健康業務","4,641,788","06","國民口腔健康促進計畫第二期","2000","業務費","2039","委辦費","用途別二級","46266","3.辦理兒童牙齒塗氟保健服務之審查核付、口腔醫事機構品質提升、推動口腔健康及醫療新興服務及科技研發計畫、輔導醫療機構及牙材業者產業發展及國際交流、成人口腔保健暨機構口腔照護輔導計畫、牙醫專科認定及專業人力管理計畫及口腔健康適能促進等，計列46,266千元（委辦費）。","3","","","true","","","","","","",""
"6557011100","心理及口腔健康業務","4,641,788","06","國民口腔健康促進計畫第二期","2000","業務費","2054","一般事務費","用途別二級","1698","1.辦理國民口腔健康促進計畫等所需行政費用，計列2,342千元（通訊費250千元、保險費20千元、按日按件計資酬金350千元、一般事務費1,698千元、國內旅費24千元）（媒體政策及業務宣導1,350千元）。","1","true","","","","","","","","",""
"6557011100","心理及口腔健康業務","4,641,788","06","國民口腔健康促進計畫第二期","2000","業務費","2072","國內旅費","用途別二級","88","","","","","","","","","","","",""
"6557011100","心理及口腔健康業務","4,641,788","06","國民口腔健康促進計畫第二期","3000","設備及投資","","","用途別一級","960","4.辦理網絡協調平臺功能增修費用等，計列960千元（資本門）（資訊軟硬體設備費910千元、雜項設備費50千元）。","4","true","","","","","","","","",""
"6557011100","心理及口腔健康業務","4,641,788","06","國民口腔健康促進計畫第二期","3000","設備及投資","3030","資訊軟硬體設備費","用途別二級","910","4.辦理網絡協調平臺功能增修費用等，計列960千元（資本門）（資訊軟硬體設備費910千元、雜項設備費50千元）。","4","true","","","","","","","","",""
"6557011100","心理及口腔健康業務","4,641,788","06","國民口腔健康促進計畫第二期","3000","設備及投資","3035","雜項設備費","用途別二級","50","4.辦理網絡協調平臺功能增修費用等，計列960千元（資本門）（資訊軟硬體設備費910千元、雜項設備費50千元）。","4","true","","true","","","","","","",""
"6557011100","心理及口腔健康業務","4,641,788","06","國民口腔健康促進計畫第二期","4000","獎補助費","","","用途別一級","544987","","","","","","","","","","","",""
"6557011100","心理及口腔健康業務","4,641,788","06","國民口腔健康促進計畫第二期","4000","獎補助費","4030","對特種基金之補助","用途別二級","16293","5.補（捐）助醫療機構、國內團體及學術團體辦理促進口腔健康、身障牙科繼續教育及專業訓練、牙醫專科醫師稀有人力羅致計畫、口腔健康數位推廣與國際合作及口腔全人照護模式發展及研究等，計列32,587千元（對特種基金之補助16,293千元、對國內團體之捐助16,294千元）。","5","true","","","","","","","","",""
"6557011100","心理及口腔健康業務","4,641,788","06","國民口腔健康促進計畫第二期","4000","獎補助費","4040","對國內團體之捐助","用途別二級","16294","5.補（捐）助醫療機構、國內團體及學術團體辦理促進口腔健康、身障牙科繼續教育及專業訓練、牙醫專科醫師稀有人力羅致計畫、口腔健康數位推廣與國際合作及口腔全人照護模式發展及研究等，計列32,587千元（對特種基金之補助16,293千元、對國內團體之捐助16,294千元）。","5","true","","","","","","","","",""
"6557011100","心理及口腔健康業務","4,641,788","06","國民口腔健康促進計畫第二期","4000","獎補助費","4090","其他補助及捐助","用途別二級","512400","6.捐助未滿6歲兒童及未滿12歲之低收入戶、身心障礙、原住民族與偏遠及離島地區兒童之牙醫師專業牙齒塗氟服務、口腔健康檢查及口腔衛生教育等，計列512,400千元（其他補助及捐助）（預計投注於原住民族地區50,000千元）。","6","","","true","","","","","","",""
"6557011100","心理及口腔健康業務","4,641,788","07","新南向醫衛合作與產業鏈發展","","","","","分支計畫","10238","","","","","","","","","","","",""
"6557011100","心理及口腔健康業務","4,641,788","07","新南向醫衛合作與產業鏈發展","2000","業務費","","","用途別一級","10238","","","","","","","","","","","",""
"6557011100","心理及口腔健康業務","4,641,788","07","新南向醫衛合作與產業鏈發展","2000","業務費","2036","按日按件計資酬金","用途別二級","40","1.辦理優化新南向口腔醫衛產學合作與整合行銷計畫等所需行政費用，計列66千元（按日按件計資酬金40千元、一般事務費18千元、國內旅費8千元）。","0","true","","","","","","","","",""
"6557011100","心理及口腔健康業務","4,641,788","07","新南向醫衛合作與產業鏈發展","2000","業務費","2039","委辦費","用途別二級","9570","2.辦理優化新南向口腔醫衛產學合作與整合行銷計畫等，計列9,570千元（委辦費）。","1","","","true","","","","","","",""
"6557011100","心理及口腔健康業務","4,641,788","07","新南向醫衛合作與產業鏈發展","2000","業務費","2054","一般事務費","用途別二級","18","1.辦理優化新南向口腔醫衛產學合作與整合行銷計畫等所需行政費用，計列66千元（按日按件計資酬金40千元、一般事務費18千元、國內旅費8千元）。","0","true","","","","","","","","",""
"6557011100","心理及口腔健康業務","4,641,788","07","新南向醫衛合作與產業鏈發展","2000","業務費","2072","國內旅費","用途別二級","8","1.辦理優化新南向口腔醫衛產學合作與整合行銷計畫等所需行政費用，計列66千元（按日按件計資酬金40千元、一般事務費18千元、國內旅費8千元）。","0","true","","","","","","","","",""
"6557011100","心理及口腔健康業務","4,641,788","07","新南向醫衛合作與產業鏈發展","2000","業務費","2078","國外旅費","用途別二級","602","3.參加2026世界牙醫聯盟（FDI）大會，計列415千元；參加亞太牙醫聯盟年會暨牙材展（APDC2026），計列79千元；考察日本口腔健康政策、醫學訓練制度及牙材產業發展，計列108千元，合共602千元（國外旅費）。","2","","","true","","","","","","",""
"6557011100","心理及口腔健康業務","4,641,788","08","身心障礙照顧服務資源布建計畫","","","","","分支計畫","182640","","","","","","","","","","","",""
"6557011100","心理及口腔健康業務","4,641,788","08","身心障礙照顧服務資源布建計畫","2000","業務費","","","用途別一級","4510","","","","","","","","","","","",""
"6557011100","心理及口腔健康業務","4,641,788","08","身心障礙照顧服務資源布建計畫","2000","業務費","2036","按日按件計資酬金","用途別二級","1000","1.布建精神病人社區資源等所需行政費用，計列2,900千元（按日按件計資酬金1,000千元、物品50千元、一般事務費1,200千元、國內旅費650千元）。","1","true","","","","","","","","",""
"6557011100","心理及口腔健康業務","4,641,788","08","身心障礙照顧服務資源布建計畫","2000","業務費","2039","委辦費","用途別二級","1610","2.辦理精神復健機構改善公共安全推動管理計畫，計列1,610千元（委辦費）。","2","","","true","","","","","","",""
"6557011100","心理及口腔健康業務","4,641,788","08","身心障礙照顧服務資源布建計畫","2000","業務費","2051","物品","用途別二級","50","1.布建精神病人社區資源等所需行政費用，計列2,900千元（按日按件計資酬金1,000千元、物品50千元、一般事務費1,200千元、國內旅費650千元）。","1","true","","","","","","","","",""
"6557011100","心理及口腔健康業務","4,641,788","08","身心障礙照顧服務資源布建計畫","2000","業務費","2054","一般事務費","用途別二級","1200","1.布建精神病人社區資源等所需行政費用，計列2,900千元（按日按件計資酬金1,000千元、物品50千元、一般事務費1,200千元、國內旅費650千元）。","1","true","","","","","","","","",""
"6557011100","心理及口腔健康業務","4,641,788","08","身心障礙照顧服務資源布建計畫","2000","業務費","2072","國內旅費","用途別二級","650","1.布建精神病人社區資源等所需行政費用，計列2,900千元（按日按件計資酬金1,000千元、物品50千元、一般事務費1,200千元、國內旅費650千元）。","1","true","","","","","","","","",""
"6557011100","心理及口腔健康業務","4,641,788","08","身心障礙照顧服務資源布建計畫","4000","獎補助費","","","用途別一級","178130","3.補（捐）助醫療機構建立嚴重情緒行為身心障礙者精神醫療轉介機制與外展醫療服務模式等，計列178,130千元（對特種基金之補助121,130千元、對國內團體之捐助57,000千元）。","3","true","","","","","","","","",""
"6557011100","心理及口腔健康業務","4,641,788","08","身心障礙照顧服務資源布建計畫","4000","獎補助費","4030","對特種基金之補助","用途別二級","121130","3.補（捐）助醫療機構建立嚴重情緒行為身心障礙者精神醫療轉介機制與外展醫療服務模式等，計列178,130千元（對特種基金之補助121,130千元、對國內團體之捐助57,000千元）。","3","true","","","","","","","","",""
"6557011100","心理及口腔健康業務","4,641,788","08","身心障礙照顧服務資源布建計畫","4000","獎補助費","4040","對國內團體之捐助","用途別二級","57000","3.補（捐）助醫療機構建立嚴重情緒行為身心障礙者精神醫療轉介機制與外展醫療服務模式等，計列178,130千元（對特種基金之補助121,130千元、對國內團體之捐助57,000千元）。","3","true","","","","","","","","",""
"6557011100","心理及口腔健康業務","4,641,788","09","優化偏鄉醫療精進計畫第二期","","","","","分支計畫","621800","","","","","","","","","","","",""
"6557011100","心理及口腔健康業務","4,641,788","09","優化偏鄉醫療精進計畫第二期","2000","業務費","","","用途別一級","4500","1.辦理偏鄉醫療導入牙醫人力遴選及訓練履約管理，計列4,500千元（委辦費）。","1","true","","","","","","","","",""
"6557011100","心理及口腔健康業務","4,641,788","09","優化偏鄉醫療精進計畫第二期","2000","業務費","2039","委辦費","用途別二級","4500","1.辦理偏鄉醫療導入牙醫人力遴選及訓練履約管理，計列4,500千元（委辦費）。","1","true","","true","","","","","","",""
"6557011100","心理及口腔健康業務","4,641,788","09","優化偏鄉醫療精進計畫第二期","4000","獎補助費","","","用途別一級","617300","2.補（捐）助醫療機構及國內團體充實偏鄉牙醫量能，辦理偏鄉牙醫臨床訓練等，計列617,300千元（含資本門73,028千元）（對特種基金之補助130,870千元、對國內團體之捐助130,870千元、其他補助及捐助355,560千元）。","2","true","","","","","","","","",""
"6557011100","心理及口腔健康業務","4,641,788","09","優化偏鄉醫療精進計畫第二期","4000","獎補助費","4030","對特種基金之補助","用途別二級","130870","2.補（捐）助醫療機構及國內團體充實偏鄉牙醫量能，辦理偏鄉牙醫臨床訓練等，計列617,300千元（含資本門73,028千元）（對特種基金之補助130,870千元、對國內團體之捐助130,870千元、其他補助及捐助355,560千元）。","2","true","","true","","","","","","",""
"6557011100","心理及口腔健康業務","4,641,788","09","優化偏鄉醫療精進計畫第二期","4000","獎補助費","4040","對國內團體之捐助","用途別二級","130870","2.補（捐）助醫療機構及國內團體充實偏鄉牙醫量能，辦理偏鄉牙醫臨床訓練等，計列617,300千元（含資本門73,028千元）（對特種基金之補助130,870千元、對國內團體之捐助130,870千元、其他補助及捐助355,560千元）。","2","true","","true","","","","","","",""
"6557011100","心理及口腔健康業務","4,641,788","09","優化偏鄉醫療精進計畫第二期","4000","獎補助費","4090","其他補助及捐助","用途別二級","355560","2.補（捐）助醫療機構及國內團體充實偏鄉牙醫量能，辦理偏鄉牙醫臨床訓練等，計列617,300千元（含資本門73,028千元）（對特種基金之補助130,870千元、對國內團體之捐助130,870千元、其他補助及捐助355,560千元）。","2","true","","","","","","","","",""
"6557011100","心理及口腔健康業務","4,641,788","10","第2期優化兒童醫療照護計畫","","","","","分支計畫","231600","","","","","","","","","","","",""
"6557011100","心理及口腔健康業務","4,641,788","10","第2期優化兒童醫療照護計畫","","","","","未歸戶說明","","1.辦理優化精神醫療照護資源，共需經費126,000千元，其內容如下：(1)辦理精神醫療照護資源所需行政費用，計列50千元（按日按件計資酬金40千元、國內旅費10千元）。","","","","","","true","","","","",""
"6557011100","心理及口腔健康業務","4,641,788","10","第2期優化兒童醫療照護計畫","","","","","未歸戶說明","","(2)補（捐）助醫療機構辦理兒童（青少年）心智病房試辦計畫，計列125,950千元（含資本門40,000千元）（對特種基金之補助72,000千元、對國內團體之捐助53,950千元）。","","","","","","true","","","","",""
"6557011100","心理及口腔健康業務","4,641,788","10","第2期優化兒童醫療照護計畫","2000","業務費","","","用途別一級","8233","","","","","","","","","","","",""
"6557011100","心理及口腔健康業務","4,641,788","10","第2期優化兒童醫療照護計畫","2000","業務費","2036","按日按件計資酬金","用途別二級","125","","","","","","","","","","","",""
"6557011100","心理及口腔健康業務","4,641,788","10","第2期優化兒童醫療照護計畫","2000","業務費","2039","委辦費","用途別二級","8000","(2)辦理專業人員教育訓練及嬰幼兒口腔健康研究評估等，計列8,000千元（委辦費）。","4","","","true","","","","","","",""
"6557011100","心理及口腔健康業務","4,641,788","10","第2期優化兒童醫療照護計畫","","","","","未歸戶說明","","(3)補（捐）助醫療機構及國內團體辦理口腔親善院所中心、提供個案管理、衛教居訪、追蹤關懷及發展連續性照護網絡等，計列97,417千元（對特種基金之補助48,708千元、對國內團體之捐助48,709千元）。","","","","","","true","","","","",""
"6557011100","心理及口腔健康業務","4,641,788","10","第2期優化兒童醫療照護計畫","2000","業務費","2054","一般事務費","用途別二級","54","2.辦理優化嬰幼兒口腔照護服務，共需經費105,600千元，其內容如下：(1)辦理建立嬰幼兒口腔親善之家照護服務等所需行政費用，計列183千元（按日按件計資酬金85千元、一般事務費54千元、國內旅費44千元）。","3","","","true","","","","","","",""
"6557011100","心理及口腔健康業務","4,641,788","10","第2期優化兒童醫療照護計畫","2000","業務費","2072","國內旅費","用途別二級","54","","","","","","","","","","","",""
"6557011100","心理及口腔健康業務","4,641,788","10","第2期優化兒童醫療照護計畫","4000","獎補助費","","","用途別一級","223367","","","","","","","","","","","",""
"6557011100","心理及口腔健康業務","4,641,788","10","第2期優化兒童醫療照護計畫","4000","獎補助費","4030","對特種基金之補助","用途別二級","120708","","","","","","","","","","","",""
"6557011100","心理及口腔健康業務","4,641,788","10","第2期優化兒童醫療照護計畫","4000","獎補助費","4040","對國內團體之捐助","用途別二級","102659","","","","","","","","","","","",""
"6557011100","心理及口腔健康業務","4,641,788","11","國家癌症防治及品質改善計畫","","","","","分支計畫","280425","","","","","","","","","","","",""
"6557011100","心理及口腔健康業務","4,641,788","11","國家癌症防治及品質改善計畫","2000","業務費","","","用途別一級","86692","","","","","","","","","","","",""
"6557011100","心理及口腔健康業務","4,641,788","11","國家癌症防治及品質改善計畫","2000","業務費","2009","通訊費","用途別二級","150","1.「第五期國家癌症防治計畫」奉行政院112年11月15日院臺衛字第1121039424號函核定，總經費55,924,920千元，公務預算負擔21,565,116千元，執行期間為113至119年，113至114年度已編列3,926,309千元，本年度續編第3年經費4,178,254千元，本科目編列189,153千元，其內容如下：(1)辦理第五期國家癌症防治計畫、檳榔健康危害防制工作、召開檳榔危害管理會議及維護調整癌症篩檢與資訊管理整合系統等所需行政費用，計列3,590千元（通訊費150千元、保險費50千元、按日按件計資酬金800千元、一般事務費2,470千元、國內旅費120千元）（媒體政策及業務宣導2,000千元）。(2)辦理全民健保代謝症候群防治計畫之戒檳服務指導及口腔黏膜篩檢審查核付、推動無檳榔支持環境計畫、口腔癌防治行政事務管理計畫、口腔癌防治及檳榔危害防制政策發展與研究等，計列34,830千元（委辦費）。(5)捐助有嚼檳榔（含已戒）或吸菸習慣者口腔黏膜篩檢服務，及全民健保代謝症候群之戒檳指導獎勵，計列134,380千元（其他補助及捐助）。","0","","","","","","","","true","",""
"6557011100","心理及口腔健康業務","4,641,788","11","國家癌症防治及品質改善計畫","2000","業務費","2018","資訊服務費","用途別二級","2000","(3)維護及增修癌症篩檢與資訊管理整合系統等，計列2,500千元（含資本門500千元）（資訊服務費2,000千元、資訊軟硬體設備費450千元、雜項設備費50千元）。","2","true","","true","","","","","","",""
"6557011100","心理及口腔健康業務","4,641,788","11","國家癌症防治及品質改善計畫","2000","業務費","2027","保險費","用途別二級","50","1.「第五期國家癌症防治計畫」奉行政院112年11月15日院臺衛字第1121039424號函核定，總經費55,924,920千元，公務預算負擔21,565,116千元，執行期間為113至119年，113至114年度已編列3,926,309千元，本年度續編第3年經費4,178,254千元，本科目編列189,153千元，其內容如下：(1)辦理第五期國家癌症防治計畫、檳榔健康危害防制工作、召開檳榔危害管理會議及維護調整癌症篩檢與資訊管理整合系統等所需行政費用，計列3,590千元（通訊費150千元、保險費50千元、按日按件計資酬金800千元、一般事務費2,470千元、國內旅費120千元）（媒體政策及業務宣導2,000千元）。","0","true","","true","","","","","","",""
"6557011100","心理及口腔健康業務","4,641,788","11","國家癌症防治及品質改善計畫","2000","業務費","2036","按日按件計資酬金","用途別二級","1300","","","","","","","","","","","",""
"6557011100","心理及口腔健康業務","4,641,788","11","國家癌症防治及品質改善計畫","2000","業務費","2039","委辦費","用途別二級","80432","","","","","","","","","","","",""
"6557011100","心理及口腔健康業務","4,641,788","11","國家癌症防治及品質改善計畫","2000","業務費","2054","一般事務費","用途別二級","2560","","","","","","","","","","","",""
"6557011100","心理及口腔健康業務","4,641,788","11","國家癌症防治及品質改善計畫","2000","業務費","2072","國內旅費","用途別二級","200","1.「第五期國家癌症防治計畫」奉行政院112年11月15日院臺衛字第1121039424號函核定，總經費55,924,920千元，公務預算負擔21,565,116千元，執行期間為113至119年，113至114年度已編列3,926,309千元，本年度續編第3年經費4,178,254千元，本科目編列189,153千元，其內容如下：(1)辦理第五期國家癌症防治計畫、檳榔健康危害防制工作、召開檳榔危害管理會議及維護調整癌症篩檢與資訊管理整合系統等所需行政費用，計列3,590千元（通訊費150千元、保險費50千元、按日按件計資酬金800千元、一般事務費2,470千元、國內旅費120千元）（媒體政策及業務宣導2,000千元）。","0","true","true","","","","","","","",""
"6557011100","心理及口腔健康業務","4,641,788","11","國家癌症防治及品質改善計畫","3000","設備及投資","","","用途別一級","500","(3)維護及增修癌症篩檢與資訊管理整合系統等，計列2,500千元（含資本門500千元）（資訊服務費2,000千元、資訊軟硬體設備費450千元、雜項設備費50千元）。","2","true","true","","","","","","","",""
"6557011100","心理及口腔健康業務","4,641,788","11","國家癌症防治及品質改善計畫","3000","設備及投資","3030","資訊軟硬體設備費","用途別二級","450","(3)維護及增修癌症篩檢與資訊管理整合系統等，計列2,500千元（含資本門500千元）（資訊服務費2,000千元、資訊軟硬體設備費450千元、雜項設備費50千元）。","2","true","","","","","","","","",""
"6557011100","心理及口腔健康業務","4,641,788","11","國家癌症防治及品質改善計畫","3000","設備及投資","3035","雜項設備費","用途別二級","50","(3)維護及增修癌症篩檢與資訊管理整合系統等，計列2,500千元（含資本門500千元）（資訊服務費2,000千元、資訊軟硬體設備費450千元、雜項設備費50千元）。","2","true","","true","","","","","","",""
"6557011100","心理及口腔健康業務","4,641,788","11","國家癌症防治及品質改善計畫","4000","獎補助費","","","用途別一級","193233","","","","","","","","","","","",""
"6557011100","心理及口腔健康業務","4,641,788","11","國家癌症防治及品質改善計畫","4000","獎補助費","4030","對特種基金之補助","用途別二級","6927","(4)補（捐）助醫療機構、國內團體及學術團體辦理口腔癌篩檢及檳榔健康危害防制計畫等，計列13,853千元（對特種基金之補助6,927千元、對國內團體之捐助6,926千元）。","3","true","","","","","","","","",""
"6557011100","心理及口腔健康業務","4,641,788","11","國家癌症防治及品質改善計畫","4000","獎補助費","4040","對國內團體之捐助","用途別二級","6926","(4)補（捐）助醫療機構、國內團體及學術團體辦理口腔癌篩檢及檳榔健康危害防制計畫等，計列13,853千元（對特種基金之補助6,927千元、對國內團體之捐助6,926千元）。","3","true","","","","","","","","",""
"6557011100","心理及口腔健康業務","4,641,788","11","國家癌症防治及品質改善計畫","","","","","未歸戶說明","","2.辦理癌症治療品質改善服務，共需經費91,272千元，其內容如下：(1)辦理癌症治療品質改善服務等所需行政費用，計列670千元（按日按件計資酬金500千元、一般事務費90千元、國內旅費80千元）。","","","","","","true","","","","",""
"6557011100","心理及口腔健康業務","4,641,788","11","國家癌症防治及品質改善計畫","","","","","未歸戶說明","","(2)辦理全民健保癌症治療品質改善審查核付計畫及癌症精準醫療品質提升計畫等，計列45,602千元（委辦費）。","","","","","","true","","","","",""
"6557011100","心理及口腔健康業務","4,641,788","11","國家癌症防治及品質改善計畫","","","","","未歸戶說明","","(3)捐助口腔黏膜篩檢有高癌化異常或其他經評估需作切片者之追蹤管理費及診斷品質管理費，計列45,000千元（其他補助及捐助）。","","","","","","true","","","","",""
"6557011100","心理及口腔健康業務","4,641,788","11","國家癌症防治及品質改善計畫","4000","獎補助費","4090","其他補助及捐助","用途別二級","179380","","","","","","","","","","","",""
"6557011100","心理及口腔健康業務","4,641,788","12","衛福數位基礎建設","","","","","分支計畫","31183","","","","","","","","","","","",""
"6557011100","心理及口腔健康業務","4,641,788","12","衛福數位基礎建設","","","","","未歸戶說明","","1.強化自殺防治通報資訊系統、精神照護資訊管理系統、藥酒癮醫療個案管理系統及毒品危害防制中心服務系統基礎建設及資料整合，計列12,473千元（含資本門8,316千元）（資訊服務費4,157千元、資訊軟硬體設備費8,316千元）。","","","","","","true","","","","",""
"6557011100","心理及口腔健康業務","4,641,788","12","衛福數位基礎建設","2000","業務費","","","用途別一級","10393","","","","","","","","","","","",""
"6557011100","心理及口腔健康業務","4,641,788","12","衛福數位基礎建設","2000","業務費","2018","資訊服務費","用途別二級","7183","","","","","","","","","","","",""
"6557011100","心理及口腔健康業務","4,641,788","12","衛福數位基礎建設","2000","業務費","2036","按日按件計資酬金","用途別二級","110","(2)辦理優化口腔健康照護服務及提升管理效能與醫療品質所需行政費用，計列310千元（按日按件計資酬金110千元、物品50千元、一般事務費100千元、國內旅費50千元）。","2","true","","","","","","","","",""
"6557011100","心理及口腔健康業務","4,641,788","12","衛福數位基礎建設","2000","業務費","2039","委辦費","用途別二級","2900","2.辦理整合口腔照護與管理相關系統計畫，共需經費18,710千元，其內容如下：(1)整合口腔照護與管理相關系統及輔導醫療院所完成導入標準化格式等，計列18,400千元（含資本門12,474千元）（資訊服務費3,026千元、委辦費2,900千元、資訊軟硬體設備費12,174千元、雜項設備費300千元）。","1","true","","","","","","","","",""
"6557011100","心理及口腔健康業務","4,641,788","12","衛福數位基礎建設","2000","業務費","2051","物品","用途別二級","50","(2)辦理優化口腔健康照護服務及提升管理效能與醫療品質所需行政費用，計列310千元（按日按件計資酬金110千元、物品50千元、一般事務費100千元、國內旅費50千元）。","2","true","","true","","","","","","",""
"6557011100","心理及口腔健康業務","4,641,788","12","衛福數位基礎建設","2000","業務費","2054","一般事務費","用途別二級","100","(2)辦理優化口腔健康照護服務及提升管理效能與醫療品質所需行政費用，計列310千元（按日按件計資酬金110千元、物品50千元、一般事務費100千元、國內旅費50千元）。","2","true","","","","","","","","",""
"6557011100","心理及口腔健康業務","4,641,788","12","衛福數位基礎建設","2000","業務費","2072","國內旅費","用途別二級","50","(2)辦理優化口腔健康照護服務及提升管理效能與醫療品質所需行政費用，計列310千元（按日按件計資酬金110千元、物品50千元、一般事務費100千元、國內旅費50千元）。","2","true","","true","","","","","","",""
"6557011100","心理及口腔健康業務","4,641,788","12","衛福數位基礎建設","3000","設備及投資","","","用途別一級","20790","","","","","","","","","","","",""
"6557011100","心理及口腔健康業務","4,641,788","12","衛福數位基礎建設","3000","設備及投資","3030","資訊軟硬體設備費","用途別二級","20490","","","","","","","","","","","",""
"6557011100","心理及口腔健康業務","4,641,788","12","衛福數位基礎建設","3000","設備及投資","3035","雜項設備費","用途別二級","300","2.辦理整合口腔照護與管理相關系統計畫，共需經費18,710千元，其內容如下：(1)整合口腔照護與管理相關系統及輔導醫療院所完成導入標準化格式等，計列18,400千元（含資本門12,474千元）（資訊服務費3,026千元、委辦費2,900千元、資訊軟硬體設備費12,174千元、雜項設備費300千元）。","1","true","","","","","","","","",""
"6557011100","心理及口腔健康業務","4,641,788","13","口腔智慧醫療與產業永續發展","","","","","分支計畫","430000","","","","","","","","","","","",""
"6557011100","心理及口腔健康業務","4,641,788","13","口腔智慧醫療與產業永續發展","2000","業務費","","","用途別一級","220","1.辦理口腔智慧醫療與產業永續發展所需行政費用，計列220千元（按日按件計資酬金130千元、一般事務費30千元、國內旅費60千元）。","0","true","","","","","","","","",""
"6557011100","心理及口腔健康業務","4,641,788","13","口腔智慧醫療與產業永續發展","2000","業務費","2036","按日按件計資酬金","用途別二級","130","1.辦理口腔智慧醫療與產業永續發展所需行政費用，計列220千元（按日按件計資酬金130千元、一般事務費30千元、國內旅費60千元）。","0","true","","","","","","","","",""
"6557011100","心理及口腔健康業務","4,641,788","13","口腔智慧醫療與產業永續發展","2000","業務費","2054","一般事務費","用途別二級","30","1.辦理口腔智慧醫療與產業永續發展所需行政費用，計列220千元（按日按件計資酬金130千元、一般事務費30千元、國內旅費60千元）。","0","true","","","","","","","","",""
"6557011100","心理及口腔健康業務","4,641,788","13","口腔智慧醫療與產業永續發展","2000","業務費","2072","國內旅費","用途別二級","60","1.辦理口腔智慧醫療與產業永續發展所需行政費用，計列220千元（按日按件計資酬金130千元、一般事務費30千元、國內旅費60千元）。","0","true","","","","","","","","",""
"6557011100","心理及口腔健康業務","4,641,788","13","口腔智慧醫療與產業永續發展","4000","獎補助費","","","用途別一級","429780","2.補（捐）助醫療機構及國內團體辦理口腔臨床醫學研究及實證中心，輔導牙醫醫院推動基礎研究、人才培育及產業合作，設立示範牙醫醫院等，計列429,780千元（對特種基金之補助214,890千元、對國內團體之捐助214,890千元）。","1","true","","","","","","","","",""
"6557011100","心理及口腔健康業務","4,641,788","13","口腔智慧醫療與產業永續發展","4000","獎補助費","4030","對特種基金之補助","用途別二級","214890","2.補（捐）助醫療機構及國內團體辦理口腔臨床醫學研究及實證中心，輔導牙醫醫院推動基礎研究、人才培育及產業合作，設立示範牙醫醫院等，計列429,780千元（對特種基金之補助214,890千元、對國內團體之捐助214,890千元）。","1","true","","true","","","","","","",""
"6557011100","心理及口腔健康業務","4,641,788","13","口腔智慧醫療與產業永續發展","4000","獎補助費","4040","對國內團體之捐助","用途別二級","214890","2.補（捐）助醫療機構及國內團體辦理口腔臨床醫學研究及實證中心，輔導牙醫醫院推動基礎研究、人才培育及產業合作，設立示範牙醫醫院等，計列429,780千元（對特種基金之補助214,890千元、對國內團體之捐助214,890千元）。","1","true","","true","","","","","","",""
"6557011200","護理及健康照護業務","9,869,486","01","護理行政","","","","","分支計畫","716","","","","","","","","","","","",""
"6557011200","護理及健康照護業務","9,869,486","01","護理行政","2000","業務費","","","用途別一級","716","辦理護理行政工作等所需費用，計列716千元（通訊費30千元、保險費7千元、按日按件計資酬金277千元、一般事務費302千元、國內旅費100千元）。","0","true","","","","","","","","",""
"6557011200","護理及健康照護業務","9,869,486","01","護理行政","2000","業務費","2009","通訊費","用途別二級","30","辦理護理行政工作等所需費用，計列716千元（通訊費30千元、保險費7千元、按日按件計資酬金277千元、一般事務費302千元、國內旅費100千元）。","0","true","","","","","","","","",""
"6557011200","護理及健康照護業務","9,869,486","01","護理行政","2000","業務費","2027","保險費","用途別二級","7","辦理護理行政工作等所需費用，計列716千元（通訊費30千元、保險費7千元、按日按件計資酬金277千元、一般事務費302千元、國內旅費100千元）。","0","true","","","","","","","","",""
"6557011200","護理及健康照護業務","9,869,486","01","護理行政","2000","業務費","2036","按日按件計資酬金","用途別二級","277","辦理護理行政工作等所需費用，計列716千元（通訊費30千元、保險費7千元、按日按件計資酬金277千元、一般事務費302千元、國內旅費100千元）。","0","true","","","","","","","","",""
"6557011200","護理及健康照護業務","9,869,486","01","護理行政","2000","業務費","2054","一般事務費","用途別二級","302","辦理護理行政工作等所需費用，計列716千元（通訊費30千元、保險費7千元、按日按件計資酬金277千元、一般事務費302千元、國內旅費100千元）。","0","true","","","","","","","","",""
"6557011200","護理及健康照護業務","9,869,486","01","護理行政","2000","業務費","2072","國內旅費","用途別二級","100","辦理護理行政工作等所需費用，計列716千元（通訊費30千元、保險費7千元、按日按件計資酬金277千元、一般事務費302千元、國內旅費100千元）。","0","true","","","","","","","","",""
"6557011200","護理及健康照護業務","9,869,486","02","強化護理及健康照護量能","","","","","分支計畫","108538","","","","","","","","","","","",""
"6557011200","護理及健康照護業務","9,869,486","02","強化護理及健康照護量能","2000","業務費","","","用途別一級","49372","","","","","","","","","","","",""
"6557011200","護理及健康照護業務","9,869,486","02","強化護理及健康照護量能","2000","業務費","2009","通訊費","用途別二級","84","2.辦理原住民族及離島地區醫療照護服務與緊急救護空轉後送等業務，共需經費76,273千元，其內容如下：(1)辦理原住民族及離島地區醫療保健與照護等所需行政費用，計列1,429千元（通訊費84千元、保險費15千元、按日按件計資酬金320千元、一般事務費692千元、車輛及辦公器具養護費16千元、國內旅費300千元、短程車資2千元）。(3)約用人員4名，計列3,200千元（約用人員酬金）。(4)維護及增修原住民族及離島地區衛生所醫療資訊相關系統等，計列15,441千元（含資本門2,001千元）（資訊服務費13,440千元、資訊軟硬體設備費2,001千元）（預計投注於原住民族地區10,866千元）。(5)辦理提升原住民族及離島地區健康照護品質相關計畫等，計列8,200千元（委辦費）（預計投注於原住民族地區160千元）。(6)參與原住民健康照護相關國際會議及考察，計列335千元（國外旅費）（預計投注於原住民族）。(10)捐助國內團體辦理原住民族及離島地區健康照護相關服務、教育、國際事務與兩岸少數民族交流及健康照護活動、研討會等，計列1,000千元；醫事人員至原住民族及離島地區開業醫療機構獎勵及輔導計畫，計列2,401千元，合共3,401千元（含資本門1,600千元）（對國內團體之捐助）（預計投注於原住民族地區1,700千元）。","7","","","","","","","","true","",""
"6557011200","護理及健康照護業務","9,869,486","02","強化護理及健康照護量能","2000","業務費","2018","資訊服務費","用途別二級","15440","","","","","","","","","","","",""
"6557011200","護理及健康照護業務","9,869,486","02","強化護理及健康照護量能","2000","業務費","2027","保險費","用途別二級","68","","","","","","","","","","","",""
"6557011200","護理及健康照護業務","9,869,486","02","強化護理及健康照護量能","2000","業務費","2030","兼職費","用途別二級","120","(2)召開原住民族健康政策會等相關會議，計列170千元（兼職費120千元、國內旅費50千元）（預計投注於原住民族）。","8","","","true","","","","","","",""
"6557011200","護理及健康照護業務","9,869,486","02","強化護理及健康照護量能","2000","業務費","2033","約用人員酬金","用途別二級","5600","","","","","","","","","","","",""
"6557011200","護理及健康照護業務","9,869,486","02","強化護理及健康照護量能","2000","業務費","2036","按日按件計資酬金","用途別二級","2236","","","","","","","","","","","",""
"6557011200","護理及健康照護業務","9,869,486","02","強化護理及健康照護量能","2000","業務費","2039","委辦費","用途別二級","23075","","","","","","","","","","","",""
"6557011200","護理及健康照護業務","9,869,486","02","強化護理及健康照護量能","2000","業務費","2051","物品","用途別二級","148","1.辦理強化護理人力培育及提升專業知能，共需經費32,265千元，其內容如下：(1)辦理強化護理人力培育及提升專業知能計畫等所需行政費用，計列2,407千元（保險費53千元、按日按件計資酬金1,916千元、物品148千元、一般事務費158千元、國內旅費132千元）（媒體政策及業務宣導30千元）。(2)約用人員3名，計列2,400千元（約用人員酬金）。(3)辦理護理、助產業務政策規劃及護理品質提升、推動專科護理師之培育、制度規範及專業服務、產後護理之家輔導及評鑑計畫等，計列14,875千元（委辦費）（媒體政策及業務宣導195千元）。(4)辦理產後護理之家與助產機構管理及法規解釋等，計列500千元（一般事務費370千元、國內旅費130千元）。(5)參加國際護理會議，計列169千元；參加國際組織辦理護理專業進階與執業環境改善等相關會議，計列247千元，合共416千元（國外旅費）。(6)維護及增修護理人員暨機構管理系統，計列7,067千元（含資本門5,067千元）（資訊服務費2,000千元、資訊軟硬體設備費5,067千元）。(7)捐助護理助產相關團體及機構辦理護產領域執業範圍、繼續教育、留任措施，推動專科護理師制度之相關研習及活動等，計列4,600千元（對國內團體之捐助）。","0","","","true","","","","","true","",""
"6557011200","護理及健康照護業務","9,869,486","02","強化護理及健康照護量能","2000","業務費","2054","一般事務費","用途別二級","1220","","","","","","","","","","","",""
"6557011200","護理及健康照護業務","9,869,486","02","強化護理及健康照護量能","2000","業務費","2066","器具養護費","用途別二級","16","2.辦理原住民族及離島地區醫療照護服務與緊急救護空轉後送等業務，共需經費76,273千元，其內容如下：(1)辦理原住民族及離島地區醫療保健與照護等所需行政費用，計列1,429千元（通訊費84千元、保險費15千元、按日按件計資酬金320千元、一般事務費692千元、車輛及辦公器具養護費16千元、國內旅費300千元、短程車資2千元）。","7","true","","","","","","","","",""
"6557011200","護理及健康照護業務","9,869,486","02","強化護理及健康照護量能","2000","業務費","2072","國內旅費","用途別二級","612","","","","","","","","","","","",""
"6557011200","護理及健康照護業務","9,869,486","02","強化護理及健康照護量能","2000","業務費","2078","國外旅費","用途別二級","751","","","","","","","","","","","",""
"6557011200","護理及健康照護業務","9,869,486","02","強化護理及健康照護量能","2000","業務費","2084","短程車資","用途別二級","2","2.辦理原住民族及離島地區醫療照護服務與緊急救護空轉後送等業務，共需經費76,273千元，其內容如下：(1)辦理原住民族及離島地區醫療保健與照護等所需行政費用，計列1,429千元（通訊費84千元、保險費15千元、按日按件計資酬金320千元、一般事務費692千元、車輛及辦公器具養護費16千元、國內旅費300千元、短程車資2千元）。","7","true","","","","","","","","",""
"6557011200","護理及健康照護業務","9,869,486","02","強化護理及健康照護量能","3000","設備及投資","","","用途別一級","7068","","","","","","","","","","","",""
"6557011200","護理及健康照護業務","9,869,486","02","強化護理及健康照護量能","3000","設備及投資","3030","資訊軟硬體設備費","用途別二級","7068","","","","","","","","","","","",""
"6557011200","護理及健康照護業務","9,869,486","02","強化護理及健康照護量能","4000","獎補助費","","","用途別一級","52098","","","","","","","","","","","",""
"6557011200","護理及健康照護業務","9,869,486","02","強化護理及健康照護量能","4000","獎補助費","4030","對特種基金之補助","用途別二級","44097","(7)補助本部所屬醫療機構辦理偏鄉醫療影像判讀（IRC）整合計畫，計列1,800千元（含資本門100千元）（對特種基金之補助）。(8)補助離島地區醫院提升優質照護服務計畫等，計列26,554千元（對特種基金之補助）。(9)補助原住民族及離島地區健康與遠距醫療照護之服務品質提升相關計畫等，計列15,743千元（對特種基金之補助）。","13","","","","","","true","","","",""
"6557011200","護理及健康照護業務","9,869,486","02","強化護理及健康照護量能","4000","獎補助費","4040","對國內團體之捐助","用途別二級","8001","","","","","","","","","","","",""
"6557011200","護理及健康照護業務","9,869,486","03","加強原住民族及離島地區醫療保健服務","","","","","分支計畫","44113","","","","","","","","","","","",""
"6557011200","護理及健康照護業務","9,869,486","03","加強原住民族及離島地區醫療保健服務","2000","業務費","","","用途別一級","44013","","","","","","","","","","","",""
"6557011200","護理及健康照護業務","9,869,486","03","加強原住民族及離島地區醫療保健服務","2000","業務費","2018","資訊服務費","用途別二級","37100","4.維護原住民族及離島地區衛生所遠距醫療專科門診及巡迴醫療固線網路服務，計列37,200千元（含資本門100千元）（資訊服務費37,100千元、資訊軟硬體設備費100千元）。","3","true","","","","","","","","",""
"6557011200","護理及健康照護業務","9,869,486","03","加強原住民族及離島地區醫療保健服務","2000","業務費","2027","保險費","用途別二級","2","1.辦理原住民族及離島地區醫療保健與照護等所需行政費用，計列199千元（保險費2千元、按日按件計資酬金88千元、一般事務費109千元）。","0","true","","","","","","","","",""
"6557011200","護理及健康照護業務","9,869,486","03","加強原住民族及離島地區醫療保健服務","2000","業務費","2036","按日按件計資酬金","用途別二級","88","1.辦理原住民族及離島地區醫療保健與照護等所需行政費用，計列199千元（保險費2千元、按日按件計資酬金88千元、一般事務費109千元）。","0","true","","","","","","","","",""
"6557011200","護理及健康照護業務","9,869,486","03","加強原住民族及離島地區醫療保健服務","2000","業務費","2039","委辦費","用途別二級","6479","2.辦理原住民族及離島地區社區健康照護相關議題及輔導計畫等，計列6,479千元（委辦費）。","1","","","true","","","","","","",""
"6557011200","護理及健康照護業務","9,869,486","03","加強原住民族及離島地區醫療保健服務","2000","業務費","2054","一般事務費","用途別二級","109","1.辦理原住民族及離島地區醫療保健與照護等所需行政費用，計列199千元（保險費2千元、按日按件計資酬金88千元、一般事務費109千元）。","0","true","","","","","","","","",""
"6557011200","護理及健康照護業務","9,869,486","03","加強原住民族及離島地區醫療保健服務","2000","業務費","2078","國外旅費","用途別二級","235","3.考察離島特殊醫療照護服務體系，計列235千元（國外旅費）。","2","","","true","","","","","","",""
"6557011200","護理及健康照護業務","9,869,486","03","加強原住民族及離島地區醫療保健服務","3000","設備及投資","","","用途別一級","100","4.維護原住民族及離島地區衛生所遠距醫療專科門診及巡迴醫療固線網路服務，計列37,200千元（含資本門100千元）（資訊服務費37,100千元、資訊軟硬體設備費100千元）。","3","true","","","","","","","","",""
"6557011200","護理及健康照護業務","9,869,486","03","加強原住民族及離島地區醫療保健服務","3000","設備及投資","3030","資訊軟硬體設備費","用途別二級","100","4.維護原住民族及離島地區衛生所遠距醫療專科門診及巡迴醫療固線網路服務，計列37,200千元（含資本門100千元）（資訊服務費37,100千元、資訊軟硬體設備費100千元）。","3","true","","","","","","","","",""
"6557011200","護理及健康照護業務","9,869,486","04","護理法規與護理人員及機構管理","","","","","分支計畫","8144","","","","","","","","","","","",""
"6557011200","護理及健康照護業務","9,869,486","04","護理法規與護理人員及機構管理","2000","業務費","","","用途別一級","3005","","","","","","","","","","","",""
"6557011200","護理及健康照護業務","9,869,486","04","護理法規與護理人員及機構管理","2000","業務費","2018","資訊服務費","用途別二級","160","2.維護及增修護理機構照護管理資訊系統等，計列500千元（含資本門340千元）（資訊服務費160千元、資訊軟硬體設備費340千元）。","1","true","","","","","","","","",""
"6557011200","護理及健康照護業務","9,869,486","04","護理法規與護理人員及機構管理","2000","業務費","2027","保險費","用途別二級","10","1.辦理護理機構及人員管理法規等所需行政費用，計列345千元（保險費10千元、按日按件計資酬金120千元、一般事務費165千元、國內旅費50千元）。","0","true","","","","","","","","",""
"6557011200","護理及健康照護業務","9,869,486","04","護理法規與護理人員及機構管理","2000","業務費","2033","約用人員酬金","用途別二級","850","3.約用人員1名，計列850千元（約用人員酬金）。","2","","","true","","","","","","",""
"6557011200","護理及健康照護業務","9,869,486","04","護理法規與護理人員及機構管理","2000","業務費","2036","按日按件計資酬金","用途別二級","120","1.辦理護理機構及人員管理法規等所需行政費用，計列345千元（保險費10千元、按日按件計資酬金120千元、一般事務費165千元、國內旅費50千元）。","0","true","","","","","","","","",""
"6557011200","護理及健康照護業務","9,869,486","04","護理法規與護理人員及機構管理","2000","業務費","2039","委辦費","用途別二級","1650","4.辦理全國護政會議及機構管理計畫，計列1,650千元（委辦費）。","3","","","true","","","","","","",""
"6557011200","護理及健康照護業務","9,869,486","04","護理法規與護理人員及機構管理","2000","業務費","2054","一般事務費","用途別二級","165","1.辦理護理機構及人員管理法規等所需行政費用，計列345千元（保險費10千元、按日按件計資酬金120千元、一般事務費165千元、國內旅費50千元）。","0","true","","","","","","","","",""
"6557011200","護理及健康照護業務","9,869,486","04","護理法規與護理人員及機構管理","2000","業務費","2072","國內旅費","用途別二級","50","1.辦理護理機構及人員管理法規等所需行政費用，計列345千元（保險費10千元、按日按件計資酬金120千元、一般事務費165千元、國內旅費50千元）。","0","true","","","","","","","","",""
"6557011200","護理及健康照護業務","9,869,486","04","護理法規與護理人員及機構管理","3000","設備及投資","","","用途別一級","340","2.維護及增修護理機構照護管理資訊系統等，計列500千元（含資本門340千元）（資訊服務費160千元、資訊軟硬體設備費340千元）。","1","true","","","","","","","","",""
"6557011200","護理及健康照護業務","9,869,486","04","護理法規與護理人員及機構管理","3000","設備及投資","3030","資訊軟硬體設備費","用途別二級","340","2.維護及增修護理機構照護管理資訊系統等，計列500千元（含資本門340千元）（資訊服務費160千元、資訊軟硬體設備費340千元）。","1","true","","","","","","","","",""
"6557011200","護理及健康照護業務","9,869,486","04","護理法規與護理人員及機構管理","4000","獎補助費","","","用途別一級","4799","5.補助公立一般護理之家用電優惠及電價凍漲差額，計列4,799千元（其他補助及捐助）。","4","true","","","","","","","","",""
"6557011200","護理及健康照護業務","9,869,486","04","護理法規與護理人員及機構管理","4000","獎補助費","4090","其他補助及捐助","用途別二級","4799","5.補助公立一般護理之家用電優惠及電價凍漲差額，計列4,799千元（其他補助及捐助）。","4","true","","true","","","","","","",""
"6557011200","護理及健康照護業務","9,869,486","05","離島地區急重症轉診後送精進","","","","","分支計畫","254265","","","","","","","","","","","",""
"6557011200","護理及健康照護業務","9,869,486","05","離島地區急重症轉診後送精進","2000","業務費","","","用途別一級","16201","","","","","","","","","","","",""
"6557011200","護理及健康照護業務","9,869,486","05","離島地區急重症轉診後送精進","2000","業務費","2018","資訊服務費","用途別二級","5001","1.維護及增修空中轉診遠距會診平臺，計列7,701千元（含資本門2,700千元）（資訊服務費5,001千元、資訊軟硬體設備費2,700千元）。","0","true","","","","","","","","",""
"6557011200","護理及健康照護業務","9,869,486","05","離島地區急重症轉診後送精進","2000","業務費","2039","委辦費","用途別二級","11200","2.辦理空中救護審核機制計畫，計列11,200千元（委辦費）。","1","","","true","","","","","","",""
"6557011200","護理及健康照護業務","9,869,486","05","離島地區急重症轉診後送精進","3000","設備及投資","","","用途別一級","2700","1.維護及增修空中轉診遠距會診平臺，計列7,701千元（含資本門2,700千元）（資訊服務費5,001千元、資訊軟硬體設備費2,700千元）。","0","true","","","","","","","","",""
"6557011200","護理及健康照護業務","9,869,486","05","離島地區急重症轉診後送精進","3000","設備及投資","3030","資訊軟硬體設備費","用途別二級","2700","1.維護及增修空中轉診遠距會診平臺，計列7,701千元（含資本門2,700千元）（資訊服務費5,001千元、資訊軟硬體設備費2,700千元）。","0","true","","","","","","","","",""
"6557011200","護理及健康照護業務","9,869,486","05","離島地區急重症轉診後送精進","4000","獎補助費","","","用途別一級","235364","3.補助地方政府辦理離島地區急重症空中轉診後送等相關工作，計列226,510千元（對各縣市政府之補助）。4.補助地方政府辦理離島地區緊急醫療救護船船舶管理等相關工作，計列8,854千元（對各縣市政府之補助）。","2","","","","","","true","","","",""
"6557011200","護理及健康照護業務","9,869,486","05","離島地區急重症轉診後送精進","4000","獎補助費","4010","對各縣市政府之補助","用途別二級","235364","","","","","","","","","","","",""
"6557011200","護理及健康照護業務","9,869,486","06","護理人力政策整備中長程計畫","","","","","分支計畫","6885000","","","","","","","","","","","",""
"6557011200","護理及健康照護業務","9,869,486","06","護理人力政策整備中長程計畫","2000","業務費","","","用途別一級","103371","","","","","","","","","","","",""
"6557011200","護理及健康照護業務","9,869,486","06","護理人力政策整備中長程計畫","2000","業務費","2009","通訊費","用途別二級","270","1.辦理護理人力政策整備計畫所需行政費用，計列7,184千元（通訊費270千元、按日按件計資酬金2,376千元、一般事務費3,100千元、國內旅費1,423千元、短程車資15千元）。","1","true","","","","","","","","",""
"6557011200","護理及健康照護業務","9,869,486","06","護理人力政策整備中長程計畫","2000","業務費","2033","約用人員酬金","用途別二級","4000","2.約用人員5名，計列4,000千元（約用人員酬金）。","2","","","true","","","","","","",""
"6557011200","護理及健康照護業務","9,869,486","06","護理人力政策整備中長程計畫","2000","業務費","2036","按日按件計資酬金","用途別二級","2376","1.辦理護理人力政策整備計畫所需行政費用，計列7,184千元（通訊費270千元、按日按件計資酬金2,376千元、一般事務費3,100千元、國內旅費1,423千元、短程車資15千元）。","1","true","","","","","","","","",""
"6557011200","護理及健康照護業務","9,869,486","06","護理人力政策整備中長程計畫","2000","業務費","2039","委辦費","用途別二級","92187","3.推動護理人員留任及促進護理領證執業最大化等相關計畫，計列92,187千元（委辦費）（媒體政策及業務宣導1,083千元）。","3","","","true","","","","","","",""
"6557011200","護理及健康照護業務","9,869,486","06","護理人力政策整備中長程計畫","2000","業務費","2054","一般事務費","用途別二級","3100","1.辦理護理人力政策整備計畫所需行政費用，計列7,184千元（通訊費270千元、按日按件計資酬金2,376千元、一般事務費3,100千元、國內旅費1,423千元、短程車資15千元）。","1","true","","","","","","","","",""
"6557011200","護理及健康照護業務","9,869,486","06","護理人力政策整備中長程計畫","2000","業務費","2072","國內旅費","用途別二級","1423","1.辦理護理人力政策整備計畫所需行政費用，計列7,184千元（通訊費270千元、按日按件計資酬金2,376千元、一般事務費3,100千元、國內旅費1,423千元、短程車資15千元）。","1","true","","","","","","","","",""
"6557011200","護理及健康照護業務","9,869,486","06","護理人力政策整備中長程計畫","2000","業務費","2084","短程車資","用途別二級","15","1.辦理護理人力政策整備計畫所需行政費用，計列7,184千元（通訊費270千元、按日按件計資酬金2,376千元、一般事務費3,100千元、國內旅費1,423千元、短程車資15千元）。","1","true","","","","","","","","",""
"6557011200","護理及健康照護業務","9,869,486","06","護理人力政策整備中長程計畫","3000","設備及投資","","","用途別一級","8468","4.建置資訊管理整合平臺，辦理護理人力政策整備計畫之執行、管理與成效監測，計列8,468千元（資本門）（資訊軟硬體設備費）。","4","true","","","","","","","","",""
"6557011200","護理及健康照護業務","9,869,486","06","護理人力政策整備中長程計畫","3000","設備及投資","3030","資訊軟硬體設備費","用途別二級","8468","4.建置資訊管理整合平臺，辦理護理人力政策整備計畫之執行、管理與成效監測，計列8,468千元（資本門）（資訊軟硬體設備費）。","4","true","","true","","","","","","",""
"6557011200","護理及健康照護業務","9,869,486","06","護理人力政策整備中長程計畫","4000","獎補助費","","","用途別一級","6773161","5.補（捐）助醫院辦理護理新手臨床教師制度、三班輪值夜班護理人員直接獎勵、三班護病比達標醫院獎勵及護理友善職場典範等相關工作，計列6,773,161千元（對特種基金之補助600,000千元、對國內團體之捐助1,460,000千元、其他補助及捐助4,713,161千元）。","5","true","","","","","","","","",""
"6557011200","護理及健康照護業務","9,869,486","06","護理人力政策整備中長程計畫","4000","獎補助費","4030","對特種基金之補助","用途別二級","600000","5.補（捐）助醫院辦理護理新手臨床教師制度、三班輪值夜班護理人員直接獎勵、三班護病比達標醫院獎勵及護理友善職場典範等相關工作，計列6,773,161千元（對特種基金之補助600,000千元、對國內團體之捐助1,460,000千元、其他補助及捐助4,713,161千元）。","5","true","","","","","","","","",""
"6557011200","護理及健康照護業務","9,869,486","06","護理人力政策整備中長程計畫","4000","獎補助費","4040","對國內團體之捐助","用途別二級","1460000","5.補（捐）助醫院辦理護理新手臨床教師制度、三班輪值夜班護理人員直接獎勵、三班護病比達標醫院獎勵及護理友善職場典範等相關工作，計列6,773,161千元（對特種基金之補助600,000千元、對國內團體之捐助1,460,000千元、其他補助及捐助4,713,161千元）。","5","true","","","","","","","","",""
"6557011200","護理及健康照護業務","9,869,486","06","護理人力政策整備中長程計畫","4000","獎補助費","4090","其他補助及捐助","用途別二級","4713161","5.補（捐）助醫院辦理護理新手臨床教師制度、三班輪值夜班護理人員直接獎勵、三班護病比達標醫院獎勵及護理友善職場典範等相關工作，計列6,773,161千元（對特種基金之補助600,000千元、對國內團體之捐助1,460,000千元、其他補助及捐助4,713,161千元）。","5","true","","","","","","","","",""
"6557011200","護理及健康照護業務","9,869,486","07","建構完善住院整合照護服務及輔佐人力制度","","","","","分支計畫","2550000","","","","","","","","","","","",""
"6557011200","護理及健康照護業務","9,869,486","07","建構完善住院整合照護服務及輔佐人力制度","2000","業務費","","","用途別一級","20200","","","","","","","","","","","",""
"6557011200","護理及健康照護業務","9,869,486","07","建構完善住院整合照護服務及輔佐人力制度","2000","業務費","2036","按日按件計資酬金","用途別二級","95","1.辦理建構完善住院整合照護服務及輔佐人力制度所需行政費用，計列200千元（按日按件計資酬金95千元、一般事務費50千元、國內旅費50千元、短程車資5千元）。","0","true","","","","","","","","",""
"6557011200","護理及健康照護業務","9,869,486","07","建構完善住院整合照護服務及輔佐人力制度","2000","業務費","2039","委辦費","用途別二級","20000","2.推動住院整合照護服務及輔佐人力制度發展、輔導及審查等相關計畫，計列20,000千元（委辦費）。","1","","","true","","","","","","",""
"6557011200","護理及健康照護業務","9,869,486","07","建構完善住院整合照護服務及輔佐人力制度","2000","業務費","2054","一般事務費","用途別二級","50","1.辦理建構完善住院整合照護服務及輔佐人力制度所需行政費用，計列200千元（按日按件計資酬金95千元、一般事務費50千元、國內旅費50千元、短程車資5千元）。","0","true","","true","","","","","","",""
"6557011200","護理及健康照護業務","9,869,486","07","建構完善住院整合照護服務及輔佐人力制度","2000","業務費","2072","國內旅費","用途別二級","50","1.辦理建構完善住院整合照護服務及輔佐人力制度所需行政費用，計列200千元（按日按件計資酬金95千元、一般事務費50千元、國內旅費50千元、短程車資5千元）。","0","true","","true","","","","","","",""
"6557011200","護理及健康照護業務","9,869,486","07","建構完善住院整合照護服務及輔佐人力制度","2000","業務費","2084","短程車資","用途別二級","5","1.辦理建構完善住院整合照護服務及輔佐人力制度所需行政費用，計列200千元（按日按件計資酬金95千元、一般事務費50千元、國內旅費50千元、短程車資5千元）。","0","true","","","","","","","","",""
"6557011200","護理及健康照護業務","9,869,486","07","建構完善住院整合照護服務及輔佐人力制度","4000","獎補助費","","","用途別一級","2529800","3.補（捐）助醫院辦理住院整合照護服務、品質管理及服務精進等，計列2,529,800千元（對特種基金之補助758,940千元、對國內團體之捐助1,770,860千元）。","2","true","","","","","","","","",""
"6557011200","護理及健康照護業務","9,869,486","07","建構完善住院整合照護服務及輔佐人力制度","4000","獎補助費","4030","對特種基金之補助","用途別二級","758940","3.補（捐）助醫院辦理住院整合照護服務、品質管理及服務精進等，計列2,529,800千元（對特種基金之補助758,940千元、對國內團體之捐助1,770,860千元）。","2","true","","","","","","","","",""
"6557011200","護理及健康照護業務","9,869,486","07","建構完善住院整合照護服務及輔佐人力制度","4000","獎補助費","4040","對國內團體之捐助","用途別二級","1770860","3.補（捐）助醫院辦理住院整合照護服務、品質管理及服務精進等，計列2,529,800千元（對特種基金之補助758,940千元、對國內團體之捐助1,770,860千元）。","2","true","","","","","","","","",""
"6557011200","護理及健康照護業務","9,869,486","08","衛福數位基礎建設","","","","","分支計畫","18710","","","","","","","","","","","",""
"6557011200","護理及健康照護業務","9,869,486","08","衛福數位基礎建設","2000","業務費","","","用途別一級","6236","辦理強化護理政策業務管理系統建置及改版，計列18,710千元（含資本門12,474千元）（資訊服務費6,236千元、資訊軟硬體設備費12,474千元）。","0","true","","","","","","","","",""
"6557011200","護理及健康照護業務","9,869,486","08","衛福數位基礎建設","2000","業務費","2018","資訊服務費","用途別二級","6236","辦理強化護理政策業務管理系統建置及改版，計列18,710千元（含資本門12,474千元）（資訊服務費6,236千元、資訊軟硬體設備費12,474千元）。","0","true","","","","","","","","",""
"6557011200","護理及健康照護業務","9,869,486","08","衛福數位基礎建設","3000","設備及投資","","","用途別一級","12474","辦理強化護理政策業務管理系統建置及改版，計列18,710千元（含資本門12,474千元）（資訊服務費6,236千元、資訊軟硬體設備費12,474千元）。","0","true","","","","","","","","",""
"6557011200","護理及健康照護業務","9,869,486","08","衛福數位基礎建設","3000","設備及投資","3030","資訊軟硬體設備費","用途別二級","12474","辦理強化護理政策業務管理系統建置及改版，計列18,710千元（含資本門12,474千元）（資訊服務費6,236千元、資訊軟硬體設備費12,474千元）。","0","true","","","","","","","","",""
"6557011500","中醫藥業務","251,161","01","中醫規劃及管理","","","","","分支計畫","16069","","","","","","","","","","","",""
"6557011500","中醫藥業務","251,161","01","中醫規劃及管理","","","","","未歸戶說明","","1.研（修）訂中醫醫療管理政策、法規、督導中醫醫事及相關團體目的事業等，計列67千元（通訊費12千元、按日按件計資酬金25千元、物品10千元、國內旅費20千元）。","","","","","","true","","","","",""
"6557011500","中醫藥業務","251,161","01","中醫規劃及管理","","","","","未歸戶說明","","2.辦理中醫醫政法令解釋、違法中醫醫療廣告、行為查處及密醫取締工作等，計列210千元（通訊費10千元、一般事務費200千元）。","","","","","","true","","","","",""
"6557011500","中醫藥業務","251,161","01","中醫規劃及管理","2000","業務費","","","用途別一級","15819","","","","","","","","","","","",""
"6557011500","中醫藥業務","251,161","01","中醫規劃及管理","2000","業務費","2009","通訊費","用途別二級","42","","","","","","","","","","","",""
"6557011500","中醫藥業務","251,161","01","中醫規劃及管理","2000","業務費","2027","保險費","用途別二級","4","5.推動民俗調理人員多元證照制度，提升服務品質，落實訓、檢、用產業人才培育制度，共需經費3,274千元，其內容如下：(1)辦理技能規範與職能發展及產業管理等會議，計列724千元（通訊費10千元、保險費4千元、按日按件計資酬金20千元、物品10千元、一般事務費660千元、國內旅費20千元）。(2)辦理民俗調理業服務品質躍升計畫等，計列2,500千元（委辦費）。(3)捐助公協會及國內團體辦理民俗調理專業訓練課程活動，計列50千元（對國內團體之捐助）。","5","","","true","","","","","true","",""
"6557011500","中醫藥業務","251,161","01","中醫規劃及管理","2000","業務費","2036","按日按件計資酬金","用途別二級","70","","","","","","","","","","","",""
"6557011500","中醫藥業務","251,161","01","中醫規劃及管理","2000","業務費","2039","委辦費","用途別二級","13300","","","","","","","","","","","",""
"6557011500","中醫藥業務","251,161","01","中醫規劃及管理","2000","業務費","2051","物品","用途別二級","30","","","","","","","","","","","",""
"6557011500","中醫藥業務","251,161","01","中醫規劃及管理","2000","業務費","2054","一般事務費","用途別二級","2310","","","","","","","","","","","",""
"6557011500","中醫藥業務","251,161","01","中醫規劃及管理","2000","業務費","2072","國內旅費","用途別二級","60","","","","","","","","","","","",""
"6557011500","中醫藥業務","251,161","01","中醫規劃及管理","2000","業務費","2084","短程車資","用途別二級","3","4.辦理改善中醫臨床訓練環境，逐步健全中醫師臨床訓練制度等，共需經費11,618千元，其內容如下：(1)召開中醫臨床訓練相關會議、資料彙整及業務聯繫等，計列818千元（通訊費10千元、按日按件計資酬金25千元、物品10千元、一般事務費750千元、國內旅費20千元、短程車資3千元）。(2)辦理中醫負責醫師主訓診所遴選暨選配及訓練品質確保、中醫臨床師資培訓暨認證計畫等，計列10,800千元（委辦費）。","3","","","true","","","","","true","",""
"6557011500","中醫藥業務","251,161","01","中醫規劃及管理","4000","獎補助費","","","用途別一級","250","","","","","","","","","","","",""
"6557011500","中醫藥業務","251,161","01","中醫規劃及管理","4000","獎補助費","4040","對國內團體之捐助","用途別二級","150","","","","","","","","","","","",""
"6557011500","中醫藥業務","251,161","01","中醫規劃及管理","4000","獎補助費","4045","對私校之獎助","用途別二級","100","3.捐助學校與國內團體辦理中醫師繼續教育及中醫護理訓練相關活動，計列900千元（一般事務費700千元、對國內團體之捐助100千元、對私校之獎助100千元）。","2","","","true","","","","","","",""
"6557011500","中醫藥業務","251,161","02","中藥規劃及管理","","","","","分支計畫","21255","","","","","","","","","","","",""
"6557011500","中醫藥業務","251,161","02","中藥規劃及管理","2000","業務費","","","用途別一級","20651","","","","","","","","","","","",""
"6557011500","中醫藥業務","251,161","02","中藥規劃及管理","2000","業務費","2009","通訊費","用途別二級","160","","","","","","","","","","","",""
"6557011500","中醫藥業務","251,161","02","中藥規劃及管理","2000","業務費","2018","資訊服務費","用途別二級","500","(2)維護及增修輸入中藥材通關系統，計列1,024千元（含資本門524千元）（資訊服務費500千元、資訊軟硬體設備費524千元）。","1","true","","","","","","","","",""
"6557011500","中醫藥業務","251,161","02","中藥規劃及管理","2000","業務費","2027","保險費","用途別二級","4","2.辦理中藥廠輔導等業務，共需經費7,964千元，其內容如下：(1)辦理中藥廠管理與產業提升相關作業等所需行政費用，計列2,799千元（通訊費5千元、保險費4千元、按日按件計資酬金50千元、物品5千元、一般事務費2,708千元、國內旅費24千元、短程車資3千元）。(2)辦理中藥用藥安全、中藥供應監控管理及精進中藥廠檢驗知能教育訓練等相關計畫，計列5,165千元（委辦費）。","5","","","true","","","","","true","",""
"6557011500","中醫藥業務","251,161","02","中藥規劃及管理","","","","","未歸戶說明","","3.辦理中醫藥政策發展規劃與推展、召開相關諮詢會議與研究成果審查、編印相關出版品及參加研習訓練等所需行政費用，計列865千元（通訊費10千元、按日按件計資酬金30千元、物品10千元、一般事務費800千元、國內旅費15千元）。","","","","","","true","","","","",""
"6557011500","中醫藥業務","251,161","02","中藥規劃及管理","2000","業務費","2036","按日按件計資酬金","用途別二級","380","","","","","","","","","","","",""
"6557011500","中醫藥業務","251,161","02","中藥規劃及管理","2000","業務費","2039","委辦費","用途別二級","11770","","","","","","","","","","","",""
"6557011500","中醫藥業務","251,161","02","中藥規劃及管理","2000","業務費","2051","物品","用途別二級","135","","","","","","","","","","","",""
"6557011500","中醫藥業務","251,161","02","中藥規劃及管理","2000","業務費","2054","一般事務費","用途別二級","7308","","","","","","","","","","","",""
"6557011500","中醫藥業務","251,161","02","中藥規劃及管理","2000","業務費","2072","國內旅費","用途別二級","239","","","","","","","","","","","",""
"6557011500","中醫藥業務","251,161","02","中藥規劃及管理","2000","業務費","2078","國外旅費","用途別二級","135","(4)辦理日本藥材品質管理機制及藥用植物種植推廣考察，計列135千元（國外旅費）。","3","","","true","","","","","","",""
"6557011500","中醫藥業務","251,161","02","中藥規劃及管理","2000","業務費","2081","運費","用途別二級","9","1.辦理中藥藥事規劃與管理工作，共需經費12,426千元，其內容如下：(1)辦理中藥藥政管理及中藥公務聯繫與資料彙整等所需行政費用，計列4,582千元（通訊費145千元、按日按件計資酬金300千元、物品120千元、一般事務費3,800千元、國內旅費200千元、運費9千元、短程車資8千元）。(3)辦理中藥藥政相關會議、進口中藥（材）抽查檢驗作業等，計列6,605千元（委辦費）。","0","","","true","","","","","true","",""
"6557011500","中醫藥業務","251,161","02","中藥規劃及管理","2000","業務費","2084","短程車資","用途別二級","11","","","","","","","","","","","",""
"6557011500","中醫藥業務","251,161","02","中藥規劃及管理","3000","設備及投資","","","用途別一級","524","(2)維護及增修輸入中藥材通關系統，計列1,024千元（含資本門524千元）（資訊服務費500千元、資訊軟硬體設備費524千元）。","1","true","","","","","","","","",""
"6557011500","中醫藥業務","251,161","02","中藥規劃及管理","3000","設備及投資","3030","資訊軟硬體設備費","用途別二級","524","(2)維護及增修輸入中藥材通關系統，計列1,024千元（含資本門524千元）（資訊服務費500千元、資訊軟硬體設備費524千元）。","1","true","","","","","","","","",""
"6557011500","中醫藥業務","251,161","02","中藥規劃及管理","4000","獎補助費","","","用途別一級","80","(5)捐助國內團體、公協會、財團法人、中醫藥學術團體及醫療機構辦理中醫藥相關活動或研討會80千元（對國內團體之捐助）。","4","true","","","","","","","","",""
"6557011500","中醫藥業務","251,161","02","中藥規劃及管理","4000","獎補助費","4040","對國內團體之捐助","用途別二級","80","(5)捐助國內團體、公協會、財團法人、中醫藥學術團體及醫療機構辦理中醫藥相關活動或研討會80千元（對國內團體之捐助）。","4","true","","true","","","","","","",""
"6557011500","中醫藥業務","251,161","03","中藥查驗登記及查廠","","","","","分支計畫","11700","","","","","","","","","","","",""
"6557011500","中醫藥業務","251,161","03","中藥查驗登記及查廠","2000","業務費","","","用途別一級","10570","","","","","","","","","","","",""
"6557011500","中醫藥業務","251,161","03","中藥查驗登記及查廠","2000","業務費","2009","通訊費","用途別二級","82","1.辦理中藥查驗登記、展延、變更案件及中藥廠改善報告審查，計列534千元（通訊費82千元、保險費5千元、按日按件計資酬金246千元、一般事務費201千元）。","1","true","","true","","","","","","",""
"6557011500","中醫藥業務","251,161","03","中藥查驗登記及查廠","2000","業務費","2018","資訊服務費","用途別二級","1255","2.維護及增修中藥查驗登記、中藥廣告及用藥安全相關系統，計列2,385千元（含資本門1,130千元）（資訊服務費1,255千元、資訊軟硬體設備費1,130千元）。","2","true","","","","","","","","",""
"6557011500","中醫藥業務","251,161","03","中藥查驗登記及查廠","2000","業務費","2027","保險費","用途別二級","10","3.藥品優良製造規範（GMP）查廠所需行政費用，計列149千元（保險費5千元、按日按件計資酬金115千元、一般事務費29千元）。","3","","","","true","","","false","","",""
"6557011500","中醫藥業務","251,161","03","中藥查驗登記及查廠","2000","業務費","2033","約用人員酬金","用途別二級","5776","4.約用人員7名，計列5,776千元（約用人員酬金）。","4","","","true","","","","","","",""
"6557011500","中醫藥業務","251,161","03","中藥查驗登記及查廠","2000","業務費","2036","按日按件計資酬金","用途別二級","474","5.召開中藥藥物相關諮詢會議，計列166千元（按日按件計資酬金113千元、一般事務費9千元、國內旅費44千元）。","5","","","","true","","","false","","",""
"6557011500","中醫藥業務","251,161","03","中藥查驗登記及查廠","2000","業務費","2039","委辦費","用途別二級","2200","6.辦理優化中藥查驗登記管理規範相關計畫，計列2,200千元（委辦費）。","6","","","true","","","","","","",""
"6557011500","中醫藥業務","251,161","03","中藥查驗登記及查廠","","","","","未歸戶說明","","7.執行國內藥廠GMP相關實地查核作業，計列490千元（國內旅費）。","","","","","","true","","","","",""
"6557011500","中醫藥業務","251,161","03","中藥查驗登記及查廠","2000","業務費","2054","一般事務費","用途別二級","239","","","","","","","","","","","",""
"6557011500","中醫藥業務","251,161","03","中藥查驗登記及查廠","2000","業務費","2072","國內旅費","用途別二級","534","1.辦理中藥查驗登記、展延、變更案件及中藥廠改善報告審查，計列534千元（通訊費82千元、保險費5千元、按日按件計資酬金246千元、一般事務費201千元）。","1","true","","","","","","","","",""
"6557011500","中醫藥業務","251,161","03","中藥查驗登記及查廠","3000","設備及投資","","","用途別一級","1130","2.維護及增修中藥查驗登記、中藥廣告及用藥安全相關系統，計列2,385千元（含資本門1,130千元）（資訊服務費1,255千元、資訊軟硬體設備費1,130千元）。","2","true","","","","","","","","",""
"6557011500","中醫藥業務","251,161","03","中藥查驗登記及查廠","3000","設備及投資","3030","資訊軟硬體設備費","用途別二級","1130","2.維護及增修中藥查驗登記、中藥廣告及用藥安全相關系統，計列2,385千元（含資本門1,130千元）（資訊服務費1,255千元、資訊軟硬體設備費1,130千元）。","2","true","","","","","","","","",""
"6557011500","中醫藥業務","251,161","04","新南向醫衛合作與產業鏈發展","","","","","分支計畫","5695","","","","","","","","","","","",""
"6557011500","中醫藥業務","251,161","04","新南向醫衛合作與產業鏈發展","2000","業務費","","","用途別一級","5695","","","","","","","","","","","",""
"6557011500","中醫藥業務","251,161","04","新南向醫衛合作與產業鏈發展","2000","業務費","2009","通訊費","用途別二級","3","1.辦理中藥產業國際法規研析相關作業等所需行政費用，計列1,056千元（通訊費3千元、按日按件計資酬金120千元、物品90千元、一般事務費800千元、國內旅費23千元、運費20千元）。","0","true","","","","","","","","",""
"6557011500","中醫藥業務","251,161","04","新南向醫衛合作與產業鏈發展","2000","業務費","2036","按日按件計資酬金","用途別二級","120","1.辦理中藥產業國際法規研析相關作業等所需行政費用，計列1,056千元（通訊費3千元、按日按件計資酬金120千元、物品90千元、一般事務費800千元、國內旅費23千元、運費20千元）。","0","true","","","","","","","","",""
"6557011500","中醫藥業務","251,161","04","新南向醫衛合作與產業鏈發展","2000","業務費","2039","委辦費","用途別二級","4415","2.辦理新南向國家傳統醫藥法規制度探討、強化雙向合作交流及藥用植物種植實地考察相關計畫等，計列4,415千元（委辦費）。","1","","","true","","","","","","",""
"6557011500","中醫藥業務","251,161","04","新南向醫衛合作與產業鏈發展","2000","業務費","2051","物品","用途別二級","90","1.辦理中藥產業國際法規研析相關作業等所需行政費用，計列1,056千元（通訊費3千元、按日按件計資酬金120千元、物品90千元、一般事務費800千元、國內旅費23千元、運費20千元）。","0","true","","","","","","","","",""
"6557011500","中醫藥業務","251,161","04","新南向醫衛合作與產業鏈發展","2000","業務費","2054","一般事務費","用途別二級","800","1.辦理中藥產業國際法規研析相關作業等所需行政費用，計列1,056千元（通訊費3千元、按日按件計資酬金120千元、物品90千元、一般事務費800千元、國內旅費23千元、運費20千元）。","0","true","","","","","","","","",""
"6557011500","中醫藥業務","251,161","04","新南向醫衛合作與產業鏈發展","2000","業務費","2072","國內旅費","用途別二級","23","1.辦理中藥產業國際法規研析相關作業等所需行政費用，計列1,056千元（通訊費3千元、按日按件計資酬金120千元、物品90千元、一般事務費800千元、國內旅費23千元、運費20千元）。","0","true","","","","","","","","",""
"6557011500","中醫藥業務","251,161","04","新南向醫衛合作與產業鏈發展","2000","業務費","2078","國外旅費","用途別二級","224","3.辦理新南向國家傳統醫藥事務及藥用植物種植實地考察，計列224千元（國外旅費）。","2","","","true","","","","","","",""
"6557011500","中醫藥業務","251,161","04","新南向醫衛合作與產業鏈發展","2000","業務費","2081","運費","用途別二級","20","1.辦理中藥產業國際法規研析相關作業等所需行政費用，計列1,056千元（通訊費3千元、按日按件計資酬金120千元、物品90千元、一般事務費800千元、國內旅費23千元、運費20千元）。","0","true","","","","","","","","",""
"6557011500","中醫藥業務","251,161","05","中醫藥振興計畫","","","","","分支計畫","184442","","","","","","","","","","","",""
"6557011500","中醫藥業務","251,161","05","中醫藥振興計畫","","","","","未歸戶說明","","1.健全中醫醫療照護體系，建構臨床醫學教育及訓練體制，計列46,584千元。","","","","","","true","","","","",""
"6557011500","中醫藥業務","251,161","05","中醫藥振興計畫","","","","","未歸戶說明","","(1)辦理精進中醫人才培育計畫等，計列22,372千元（通訊費300千元、按日按件計資酬金300千元、物品141千元、一般事務費911千元、國內旅費120千元、對特種基金之補助19,600千元、對國內團體之捐助1,000千元）。","","","","","","true","","","","",""
"6557011500","中醫藥業務","251,161","05","中醫藥振興計畫","","","","","未歸戶說明","","(2)維護及增修中醫師臨床訓練管理系統，計列1,912千元（含資本門1,702千元）（資訊服務費210千元、資訊軟硬體設備費1,702千元）。","","","","","","true","","","","",""
"6557011500","中醫藥業務","251,161","05","中醫藥振興計畫","","","","","未歸戶說明","","(3)優化管理法規及制度，計列9,300千元（委辦費）。","","","","","","true","","","","",""
"6557011500","中醫藥業務","251,161","05","中醫藥振興計畫","","","","","未歸戶說明","","(4)補（捐）助醫療機構及國內團體辦理中醫社區健康照護網絡計畫等，計列13,000千元（對特種基金之補助12,800千元、對國內團體之捐助200千元）。","","","","","","true","","","","",""
"6557011500","中醫藥業務","251,161","05","中醫藥振興計畫","","","","","未歸戶說明","","2.辦理中藥源頭品質控管精進，計列42,648千元。","","","","","","true","","","","",""
"6557011500","中醫藥業務","251,161","05","中醫藥振興計畫","2000","業務費","","","用途別一級","115007","","","","","","","","","","","",""
"6557011500","中醫藥業務","251,161","05","中醫藥振興計畫","2000","業務費","2009","通訊費","用途別二級","500","7.建構與鏈結中醫藥國際夥伴關係，辦理參與中醫藥相關國際研討會及交流等，計列9,090千元（按日按件計資酬金240千元、委辦費7,700千元、對特種基金之補助500千元、對國內團體之捐助450千元、對私校之獎助200千元）。","21","","","","","","","","","",""
"6557011500","中醫藥業務","251,161","05","中醫藥振興計畫","2000","業務費","2018","資訊服務費","用途別二級","1220","","","","","","","","","","","",""
"6557011500","中醫藥業務","251,161","05","中醫藥振興計畫","2000","業務費","2033","約用人員酬金","用途別二級","3321","4.約用人員4名，計列3,321千元（約用人員酬金）。","16","","","true","","","","","","",""
"6557011500","中醫藥業務","251,161","05","中醫藥振興計畫","","","","","未歸戶說明","","5.辦理上市中藥（材）監測計畫，計列11,458千元（委辦費）。","","","","","","true","","","","",""
"6557011500","中醫藥業務","251,161","05","中醫藥振興計畫","","","","","未歸戶說明","","6.辦理中藥藥事服務及衛生教育提升計畫，計列21,065千元。","","","","","","true","","","","",""
"6557011500","中醫藥業務","251,161","05","中醫藥振興計畫","","","","","未歸戶說明","","(1)推廣中醫藥衛生教育等，計列5,650千元（按日按件計資酬金150千元、委辦費5,500千元）（媒體政策及業務宣導1,000千元）。","","","","","","true","","","","",""
"6557011500","中醫藥業務","251,161","05","中醫藥振興計畫","","","","","未歸戶說明","","(2)強化中藥執（從）業人員相關管理法規及專業知能教育等，計列15,415千元（委辦費）。","","","","","","true","","","","",""
"6557011500","中醫藥業務","251,161","05","中醫藥振興計畫","2000","業務費","2036","按日按件計資酬金","用途別二級","1790","","","","","","","","","","","",""
"6557011500","中醫藥業務","251,161","05","中醫藥振興計畫","2000","業務費","2039","委辦費","用途別二級","102301","","","","","","","","","","","",""
"6557011500","中醫藥業務","251,161","05","中醫藥振興計畫","2000","業務費","2051","物品","用途別二級","341","","","","","","","","","","","",""
"6557011500","中醫藥業務","251,161","05","中醫藥振興計畫","2000","業務費","2054","一般事務費","用途別二級","4718","","","","","","","","","","","",""
"6557011500","中醫藥業務","251,161","05","中醫藥振興計畫","2000","業務費","2072","國內旅費","用途別二級","596","","","","","","","","","","","",""
"6557011500","中醫藥業務","251,161","05","中醫藥振興計畫","2000","業務費","2081","運費","用途別二級","120","(1)辦理臺灣中藥典相關計畫等，計列10,830千元（通訊費200千元、按日按件計資酬金100千元、委辦費10,000千元、物品200千元、國內旅費110千元、運費120千元、短程車資100千元）。","7","true","","true","","","","","","",""
"6557011500","中醫藥業務","251,161","05","中醫藥振興計畫","2000","業務費","2084","短程車資","用途別二級","100","(1)辦理臺灣中藥典相關計畫等，計列10,830千元（通訊費200千元、按日按件計資酬金100千元、委辦費10,000千元、物品200千元、國內旅費110千元、運費120千元、短程車資100千元）。","7","true","","","","","","","","",""
"6557011500","中醫藥業務","251,161","05","中醫藥振興計畫","","","","","未歸戶說明","","(2)維護及增修臺灣中藥典及查詢系統等，計列2,018千元（含資本門1,258千元）（資訊服務費760千元、資訊軟硬體設備費1,258千元）。","","","","","","true","","","","",""
"6557011500","中醫藥業務","251,161","05","中醫藥振興計畫","","","","","未歸戶說明","","(3)維護及增修中藥（材）抽驗管理系統等，計列2,250千元（含資本門2,000千元）（資訊服務費250千元、資訊軟硬體設備費2,000千元）。","","","","","","true","","","","",""
"6557011500","中醫藥業務","251,161","05","中醫藥振興計畫","","","","","未歸戶說明","","(4)落實中藥材品質管理及國產中藥材產銷媒合等相關計畫，捐助國內團體、公協會、財團法人、中醫藥學術團體、醫療機構及國內商業組織辦理種植中藥藥用植物等，計列27,550千元（按日按件計資酬金600千元、委辦費13,000千元、一般事務費1,650千元、國內旅費300千元、對國內團體之捐助8,000千元、對私校之獎助4,000千元）。","","","","","","true","","","","",""
"6557011500","中醫藥業務","251,161","05","中醫藥振興計畫","","","","","未歸戶說明","","3.辦理中醫藥產業創新加值，計列50,276千元。","","","","","","true","","","","",""
"6557011500","中醫藥業務","251,161","05","中醫藥振興計畫","","","","","未歸戶說明","","(1)辦理中藥新藥開發環境優化、推動品質管理系統國際化及推動創新中藥品質多元發展等，計列31,226千元（按日按件計資酬金200千元、委辦費18,078千元、一般事務費1,957千元、國內旅費66千元、對特種基金之補助2,000千元、對國內團體之捐助8,925千元）。","","","","","","true","","","","",""
"6557011500","中醫藥業務","251,161","05","中醫藥振興計畫","","","","","未歸戶說明","","(2)辦理中藥用藥知識及文化推廣，促進中藥商產業輔導及技藝傳承等，計列9,000千元（委辦費）。","","","","","","true","","","","",""
"6557011500","中醫藥業務","251,161","05","中醫藥振興計畫","","","","","未歸戶說明","","(3)補（捐）助醫療機構、學術團體及公協會等辦理推展中醫實證研究特色醫療照護計畫，計列6,800千元（含資本門150千元）（對特種基金之補助6,000千元、對國內團體之捐助800千元）。","","","","","","true","","","","",""
"6557011500","中醫藥業務","251,161","05","中醫藥振興計畫","","","","","未歸戶說明","","(4)推動中醫藥發展獎勵及計畫管理等相關行政事務，計列3,250千元（按日按件計資酬金200千元、委辦費2,850千元、一般事務費200千元）（媒體政策及業務宣導600千元）。","","","","","","true","","","","",""
"6557011500","中醫藥業務","251,161","05","中醫藥振興計畫","3000","設備及投資","","","用途別一級","4960","","","","","","","","","","","",""
"6557011500","中醫藥業務","251,161","05","中醫藥振興計畫","3000","設備及投資","3030","資訊軟硬體設備費","用途別二級","4960","","","","","","","","","","","",""
"6557011500","中醫藥業務","251,161","05","中醫藥振興計畫","4000","獎補助費","","","用途別一級","64475","","","","","","","","","","","",""
"6557011500","中醫藥業務","251,161","05","中醫藥振興計畫","4000","獎補助費","4030","對特種基金之補助","用途別二級","40900","","","","","","","","","","","",""
"6557011500","中醫藥業務","251,161","05","中醫藥振興計畫","4000","獎補助費","4040","對國內團體之捐助","用途別二級","19375","","","","","","","","","","","",""
"6557011500","中醫藥業務","251,161","05","中醫藥振興計畫","4000","獎補助費","4045","對私校之獎助","用途別二級","4200","","","","","","","","","","","",""
"6557011500","中醫藥業務","251,161","06","健康台灣深耕計畫","","","","","分支計畫","12000","","","","","","","","","","","",""
"6557011500","中醫藥業務","251,161","06","健康台灣深耕計畫","2000","業務費","","","用途別一級","12000","「健康台灣深耕計畫」奉行政院114年2月27日院臺衛字第1141002810號函核定，總經費48,934,819千元，執行期間為114至118年，114年度已編列5,893,009千元，本年度續編第2年經費6,000,000千元，本科目編列12,000千元，其內容如下：","0","true","","","","","","","","",""
"6557011500","中醫藥業務","251,161","06","健康台灣深耕計畫","2000","業務費","2036","按日按件計資酬金","用途別二級","80","1.召開培育中醫多元人才相關會議、資料彙整及業務聯繫等，計列200千元（按日按件計資酬金80千元、一般事務費90千元、國內旅費30千元）。","1","true","","","","","","","","",""
"6557011500","中醫藥業務","251,161","06","健康台灣深耕計畫","2000","業務費","2039","委辦費","用途別二級","11800","2.辦理中西醫療整合暨品質監測計畫，計列11,800千元（含資本門7,000千元）（委辦費）。","2","","","true","","","","","","",""
"6557011500","中醫藥業務","251,161","06","健康台灣深耕計畫","2000","業務費","2054","一般事務費","用途別二級","90","1.召開培育中醫多元人才相關會議、資料彙整及業務聯繫等，計列200千元（按日按件計資酬金80千元、一般事務費90千元、國內旅費30千元）。","1","true","","","","","","","","",""
"6557011500","中醫藥業務","251,161","06","健康台灣深耕計畫","2000","業務費","2072","國內旅費","用途別二級","30","1.召開培育中醫多元人才相關會議、資料彙整及業務聯繫等，計列200千元（按日按件計資酬金80千元、一般事務費90千元、國內旅費30千元）。","1","true","","","","","","","","",""
"6557011600","綜合規劃業務","169,191","01","企劃重要政策","","","","","分支計畫","9456","","","","","","","","","","","",""
"6557011600","綜合規劃業務","169,191","01","企劃重要政策","2000","業務費","","","用途別一級","9456","","","","","","","","","","","",""
"6557011600","綜合規劃業務","169,191","01","企劃重要政策","2000","業務費","2003","教育訓練費","用途別二級","120","1.辦理培育本部公共事務人才及衛生社福人員訓練等，計列2,050千元（教育訓練費120千元、通訊費85千元、保險費10千元、按日按件計資酬金150千元、一般事務費1,650千元、運費10千元、短程車資25千元）。","0","true","","","","","","","","",""
"6557011600","綜合規劃業務","169,191","01","企劃重要政策","2000","業務費","2009","通訊費","用途別二級","250","","","","","","","","","","","",""
"6557011600","綜合規劃業務","169,191","01","企劃重要政策","2000","業務費","2027","保險費","用途別二級","17","","","","","","","","","","","",""
"6557011600","綜合規劃業務","169,191","01","企劃重要政策","2000","業務費","2036","按日按件計資酬金","用途別二級","600","","","","","","","","","","","",""
"6557011600","綜合規劃業務","169,191","01","企劃重要政策","2000","業務費","2051","物品","用途別二級","15","2.辦理本部政策溝通協商共識會議，計列3,556千元（通訊費85千元、保險費5千元、按日按件計資酬金225千元、物品15千元、一般事務費3,126千元、國內旅費100千元）。","1","","","true","","","","","","",""
"6557011600","綜合規劃業務","169,191","01","企劃重要政策","2000","業務費","2054","一般事務費","用途別二級","7128","3.辦理施政計畫、施政方針、政府重大社會發展類及公共建設類計畫、行政及政策類研究計畫、政策方案規劃等先期審查作業及衛生福利政策國際會議或研討會等，計列2,759千元（通訊費80千元、保險費2千元、按日按件計資酬金225千元、一般事務費2,352千元、國內旅費100千元）。","","true","","","true","","","","","",""
"6557011600","綜合規劃業務","169,191","01","企劃重要政策","2000","業務費","2072","國內旅費","用途別二級","200","3.辦理施政計畫、施政方針、政府重大社會發展類及公共建設類計畫、行政及政策類研究計畫、政策方案規劃等先期審查作業及衛生福利政策國際會議或研討會等，計列2,759千元（通訊費80千元、保險費2千元、按日按件計資酬金225千元、一般事務費2,352千元、國內旅費100千元）。","","true","","","true","","","","","",""
"6557011600","綜合規劃業務","169,191","01","企劃重要政策","2000","業務費","2078","國外旅費","用途別二級","1091","4.參加臺美衛生福利交流會議，計列982千元；參加2026年歐洲公共衛生協會年會（EUPHA），計列109千元，合共1,091千元（國外旅費）。","3","","","true","","","","","","",""
"6557011600","綜合規劃業務","169,191","01","企劃重要政策","2000","業務費","2081","運費","用途別二級","10","1.辦理培育本部公共事務人才及衛生社福人員訓練等，計列2,050千元（教育訓練費120千元、通訊費85千元、保險費10千元、按日按件計資酬金150千元、一般事務費1,650千元、運費10千元、短程車資25千元）。","0","true","","","","","","","","",""
"6557011600","綜合規劃業務","169,191","01","企劃重要政策","2000","業務費","2084","短程車資","用途別二級","25","1.辦理培育本部公共事務人才及衛生社福人員訓練等，計列2,050千元（教育訓練費120千元、通訊費85千元、保險費10千元、按日按件計資酬金150千元、一般事務費1,650千元、運費10千元、短程車資25千元）。","0","true","","","","","","","","",""
"6557011600","綜合規劃業務","169,191","02","管制考核","","","","","分支計畫","4262","","","","","","","","","","","",""
"6557011600","綜合規劃業務","169,191","02","管制考核","2000","業務費","","","用途別一級","3829","","","","","","","","","","","",""
"6557011600","綜合規劃業務","169,191","02","管制考核","2000","業務費","2009","通訊費","用途別二級","10","1.辦理本部個案計畫管制評核，計列468千元（通訊費10千元、保險費5千元、按日按件計資酬金170千元、物品8千元、一般事務費250千元、國內旅費10千元、短程車資15千元）。","0","true","","true","","","","","","",""
"6557011600","綜合規劃業務","169,191","02","管制考核","2000","業務費","2018","資訊服務費","用途別二級","2577","2.維護及增修追蹤管制與部長電子信箱系統等，計列3,010千元（含資本門433千元）（資訊服務費2,577千元、資訊軟硬體設備費433千元）。","1","true","","","","","","","","",""
"6557011600","綜合規劃業務","169,191","02","管制考核","2000","業務費","2027","保險費","用途別二級","5","1.辦理本部個案計畫管制評核，計列468千元（通訊費10千元、保險費5千元、按日按件計資酬金170千元、物品8千元、一般事務費250千元、國內旅費10千元、短程車資15千元）。","0","true","","","","","","","","",""
"6557011600","綜合規劃業務","169,191","02","管制考核","2000","業務費","2036","按日按件計資酬金","用途別二級","192","","","","","","","","","","","",""
"6557011600","綜合規劃業務","169,191","02","管制考核","2000","業務費","2051","物品","用途別二級","8","1.辦理本部個案計畫管制評核，計列468千元（通訊費10千元、保險費5千元、按日按件計資酬金170千元、物品8千元、一般事務費250千元、國內旅費10千元、短程車資15千元）。","0","true","","","","","","","","",""
"6557011600","綜合規劃業務","169,191","02","管制考核","2000","業務費","2054","一般事務費","用途別二級","1012","","","","","","","","","","","",""
"6557011600","綜合規劃業務","169,191","02","管制考核","2000","業務費","2072","國內旅費","用途別二級","10","1.辦理本部個案計畫管制評核，計列468千元（通訊費10千元、保險費5千元、按日按件計資酬金170千元、物品8千元、一般事務費250千元、國內旅費10千元、短程車資15千元）。","0","true","","true","","","","","","",""
"6557011600","綜合規劃業務","169,191","02","管制考核","2000","業務費","2084","短程車資","用途別二級","15","1.辦理本部個案計畫管制評核，計列468千元（通訊費10千元、保險費5千元、按日按件計資酬金170千元、物品8千元、一般事務費250千元、國內旅費10千元、短程車資15千元）。","0","true","","","","","","","","",""
"6557011600","綜合規劃業務","169,191","02","管制考核","3000","設備及投資","","","用途別一級","433","2.維護及增修追蹤管制與部長電子信箱系統等，計列3,010千元（含資本門433千元）（資訊服務費2,577千元、資訊軟硬體設備費433千元）。","1","true","","","","","","","","",""
"6557011600","綜合規劃業務","169,191","02","管制考核","3000","設備及投資","3030","資訊軟硬體設備費","用途別二級","433","2.維護及增修追蹤管制與部長電子信箱系統等，計列3,010千元（含資本門433千元）（資訊服務費2,577千元、資訊軟硬體設備費433千元）。","1","true","","","","","","","","",""
"6557011600","綜合規劃業務","169,191","02","管制考核","","","","","未歸戶說明","","3.辦理公報講座、公文管理講習及公文檢核相關業務等，計列234千元（按日按件計資酬金22千元、一般事務費212千元）。","","","","","","true","","","","",""
"6557011600","綜合規劃業務","169,191","02","管制考核","","","","","未歸戶說明","","4.辦理地方衛生機關綜合考評相關業務，計列550千元（一般事務費）。","","","","","","true","","","","",""
"6557011600","綜合規劃業務","169,191","03","政策推展","","","","","分支計畫","14091","","","","","","","","","","","",""
"6557011600","綜合規劃業務","169,191","03","政策推展","2000","業務費","","","用途別一級","14044","","","","","","","","","","","",""
"6557011600","綜合規劃業務","169,191","03","政策推展","2000","業務費","2009","通訊費","用途別二級","20","1.出版衛生福利季刊，計列4,127千元（通訊費20千元、按日按件計資酬金200千元、物品20千元、一般事務費3,519千元、國內旅費8千元、運費360千元）。","0","","","true","","","","","","",""
"6557011600","綜合規劃業務","169,191","03","政策推展","2000","業務費","2036","按日按件計資酬金","用途別二級","400","2.編製衛生福利年報，計列3,623千元（按日按件計資酬金40千元、一般事務費3,491千元、國內旅費12千元、運費80千元）。3.辦理行政院性別平等會衛生福利家庭組、本部性別平等專案小組及行政院國家永續發展委員會相關業務，計列191千元（按日按件計資酬金135千元、一般事務費25千元、國內旅費31千元）。4.辦理本部主管由政府捐助之財團法人監督管理及查核業務，計列32千元（按日按件計資酬金25千元、國內旅費7千元）。","","true","","","true","","","","","",""
"6557011600","綜合規劃業務","169,191","03","政策推展","2000","業務費","2051","物品","用途別二級","290","2.編製衛生福利年報，計列3,623千元（按日按件計資酬金40千元、一般事務費3,491千元、國內旅費12千元、運費80千元）。3.辦理行政院性別平等會衛生福利家庭組、本部性別平等專案小組及行政院國家永續發展委員會相關業務，計列191千元（按日按件計資酬金135千元、一般事務費25千元、國內旅費31千元）。4.辦理本部主管由政府捐助之財團法人監督管理及查核業務，計列32千元（按日按件計資酬金25千元、國內旅費7千元）。","","true","","","true","","","","","",""
"6557011600","綜合規劃業務","169,191","03","政策推展","2000","業務費","2054","一般事務費","用途別二級","12663","2.編製衛生福利年報，計列3,623千元（按日按件計資酬金40千元、一般事務費3,491千元、國內旅費12千元、運費80千元）。3.辦理行政院性別平等會衛生福利家庭組、本部性別平等專案小組及行政院國家永續發展委員會相關業務，計列191千元（按日按件計資酬金135千元、一般事務費25千元、國內旅費31千元）。4.辦理本部主管由政府捐助之財團法人監督管理及查核業務，計列32千元（按日按件計資酬金25千元、國內旅費7千元）。","","true","","","true","","","","","",""
"6557011600","綜合規劃業務","169,191","03","政策推展","2000","業務費","2072","國內旅費","用途別二級","161","2.編製衛生福利年報，計列3,623千元（按日按件計資酬金40千元、一般事務費3,491千元、國內旅費12千元、運費80千元）。3.辦理行政院性別平等會衛生福利家庭組、本部性別平等專案小組及行政院國家永續發展委員會相關業務，計列191千元（按日按件計資酬金135千元、一般事務費25千元、國內旅費31千元）。4.辦理本部主管由政府捐助之財團法人監督管理及查核業務，計列32千元（按日按件計資酬金25千元、國內旅費7千元）。","","true","","","true","","","","","",""
"6557011600","綜合規劃業務","169,191","03","政策推展","2000","業務費","2081","運費","用途別二級","440","2.編製衛生福利年報，計列3,623千元（按日按件計資酬金40千元、一般事務費3,491千元、國內旅費12千元、運費80千元）。3.辦理行政院性別平等會衛生福利家庭組、本部性別平等專案小組及行政院國家永續發展委員會相關業務，計列191千元（按日按件計資酬金135千元、一般事務費25千元、國內旅費31千元）。4.辦理本部主管由政府捐助之財團法人監督管理及查核業務，計列32千元（按日按件計資酬金25千元、國內旅費7千元）。","","true","","","true","","","","","",""
"6557011600","綜合規劃業務","169,191","03","政策推展","2000","業務費","2084","短程車資","用途別二級","70","2.編製衛生福利年報，計列3,623千元（按日按件計資酬金40千元、一般事務費3,491千元、國內旅費12千元、運費80千元）。3.辦理行政院性別平等會衛生福利家庭組、本部性別平等專案小組及行政院國家永續發展委員會相關業務，計列191千元（按日按件計資酬金135千元、一般事務費25千元、國內旅費31千元）。4.辦理本部主管由政府捐助之財團法人監督管理及查核業務，計列32千元（按日按件計資酬金25千元、國內旅費7千元）。","","true","","","true","","","","","",""
"6557011600","綜合規劃業務","169,191","03","政策推展","3000","設備及投資","","","用途別一級","47","5.強化施政說明、新聞輿情蒐報及回應處理等，計列4,718千元（含資本門47千元）（物品50千元、一般事務費4,586千元、國內旅費15千元、短程車資20千元、雜項設備費47千元）。","4","true","","","","","","","","",""
"6557011600","綜合規劃業務","169,191","03","政策推展","3000","設備及投資","3035","雜項設備費","用途別二級","47","5.強化施政說明、新聞輿情蒐報及回應處理等，計列4,718千元（含資本門47千元）（物品50千元、一般事務費4,586千元、國內旅費15千元、短程車資20千元、雜項設備費47千元）。","4","true","","true","","","","","","",""
"6557011600","綜合規劃業務","169,191","03","政策推展","","","","","未歸戶說明","","6.辦理本部衛生福利工作推展，計列1,400千元（物品220千元、一般事務費1,042千元、國內旅費88千元、短程車資50千元）。","","","","","","true","","","","",""
"6557011600","綜合規劃業務","169,191","04","衛生福利業務協調與推展","","","","","分支計畫","7712","","","","","","","","","","","",""
"6557011600","綜合規劃業務","169,191","04","衛生福利業務協調與推展","2000","業務費","","","用途別一級","7712","","","","","","","","","","","",""
"6557011600","綜合規劃業務","169,191","04","衛生福利業務協調與推展","2000","業務費","2009","通訊費","用途別二級","40","1.辦理本部與各地方政府衛生及社政夥伴聯繫網絡相關工作會議，計列1,533千元（通訊費40千元、物品15千元、一般事務費1,396千元、國內旅費62千元、運費20千元）。","0","true","","true","","","","","","",""
"6557011600","綜合規劃業務","169,191","04","衛生福利業務協調與推展","2000","業務費","2027","保險費","用途別二級","6","","","","","","","","","","","",""
"6557011600","綜合規劃業務","169,191","04","衛生福利業務協調與推展","2000","業務費","2036","按日按件計資酬金","用途別二級","100","","","","","","","","","","","",""
"6557011600","綜合規劃業務","169,191","04","衛生福利業務協調與推展","2000","業務費","2039","委辦費","用途別二級","2295","3.辦理本部推動風險管理（含內部控制）相關業務，計列2,295千元（委辦費）。","2","","","true","","","","","","",""
"6557011600","綜合規劃業務","169,191","04","衛生福利業務協調與推展","","","","","未歸戶說明","","4.辦理整體性之施政滿意度及特定議題民意調查，計列1,226千元（一般事務費）。","","","","","","true","","","","",""
"6557011600","綜合規劃業務","169,191","04","衛生福利業務協調與推展","","","","","未歸戶說明","","5.強化衛生福利政策及重要措施宣導，計列1,759千元（保險費5千元、按日按件計資酬金60千元、物品20千元、一般事務費1,664千元、國內旅費5千元、短程車資5千元）（媒體政策及業務宣導1,604千元）。","","","","","","true","","","","",""
"6557011600","綜合規劃業務","169,191","04","衛生福利業務協調與推展","2000","業務費","2051","物品","用途別二級","57","2.辦理中央與地方衛生福利協調事項、衛生教育及消費者保護業務實地考核相關活動、國家雙語政策及出版品等，計列899千元（保險費1千元、按日按件計資酬金40千元、物品22千元、一般事務費734千元、國內旅費82千元、短程車資20千元）。","1","true","","","","","","","","","true"
"6557011600","綜合規劃業務","169,191","04","衛生福利業務協調與推展","2000","業務費","2054","一般事務費","用途別二級","5020","","","","","","","","","","","",""
"6557011600","綜合規劃業務","169,191","04","衛生福利業務協調與推展","2000","業務費","2072","國內旅費","用途別二級","149","","","","","","","","","","","",""
"6557011600","綜合規劃業務","169,191","04","衛生福利業務協調與推展","2000","業務費","2081","運費","用途別二級","20","1.辦理本部與各地方政府衛生及社政夥伴聯繫網絡相關工作會議，計列1,533千元（通訊費40千元、物品15千元、一般事務費1,396千元、國內旅費62千元、運費20千元）。","0","true","","true","","","","","","",""
"6557011600","綜合規劃業務","169,191","04","衛生福利業務協調與推展","2000","業務費","2084","短程車資","用途別二級","25","2.辦理中央與地方衛生福利協調事項、衛生教育及消費者保護業務實地考核相關活動、國家雙語政策及出版品等，計列899千元（保險費1千元、按日按件計資酬金40千元、物品22千元、一般事務費734千元、國內旅費82千元、短程車資20千元）。","1","true","","","","","","","","","true"
"6557011600","綜合規劃業務","169,191","05","衛生與社會福利統計及調查分析","","","","","分支計畫","97224","","","","","","","","","","","",""
"6557011600","綜合規劃業務","169,191","05","衛生與社會福利統計及調查分析","2000","業務費","","","用途別一級","87758","","","","","","","","","","","",""
"6557011600","綜合規劃業務","169,191","05","衛生與社會福利統計及調查分析","2000","業務費","2003","教育訓練費","用途別二級","220","1.參加歐洲原死因自動選碼系統IRIS訓練會議，計列220千元（教育訓練費）。","0","","","true","","","","","","",""
"6557011600","綜合規劃業務","169,191","05","衛生與社會福利統計及調查分析","","","","","未歸戶說明","","2.辦理衛生及社會福利公務統計方案等所需行政費用，計列2,110千元（通訊費70千元、資訊服務費1,850千元、按日按件計資酬金50千元、一般事務費60千元、國內旅費80千元）。","","","","","","true","","","","",""
"6557011600","綜合規劃業務","169,191","05","衛生與社會福利統計及調查分析","","","","","未歸戶說明","","3.辦理國人醫療、病因及社會福利統計業務，計列2,447千元（通訊費20千元、資訊服務費1,761千元、保險費10千元、按日按件計資酬金86千元、物品540千元、一般事務費20千元、國內旅費10千元）。","","","","","","true","","","","",""
"6557011600","綜合規劃業務","169,191","05","衛生與社會福利統計及調查分析","","","","","未歸戶說明","","4.維護及增修生命統計業務所需死亡通報系統、死因統計作業系統功能；辦理死因統計相關工作，計列6,427千元（含資本門1,666千元）（資訊服務費2,239千元、保險費2千元、委辦費2,500千元、國內旅費20千元、資訊軟硬體設備費1,666千元）。","","","","","","true","","","","",""
"6557011600","綜合規劃業務","169,191","05","衛生與社會福利統計及調查分析","2000","業務費","2006","水電費","用途別二級","1000","8.辦理衛生福利資料統計應用業務及相關行政費用，共需經費68,300千元（收支併列），其內容如下：(1)辦理衛生福利資料科學中心維運及申請案件審查等，計列38,070千元（水電費1,000千元、通訊費1,050千元、資訊服務費34,020千元、按日按件計資酬金550千元、物品1,250千元、一般事務費100千元、國內旅費100千元）。(2)辦理衛生福利資料科學中心及研究分中心服務管理專案計畫，計列23,230千元（委辦費）。(3)增修衛生福利資料科學中心服務所需系統功能及購置相關設備，計列7,000千元（資本門）（資訊軟硬體設備費）。","7","","","true","","","","","true","",""
"6557011600","綜合規劃業務","169,191","05","衛生與社會福利統計及調查分析","2000","業務費","2009","通訊費","用途別二級","1140","","","","","","","","","","","",""
"6557011600","綜合規劃業務","169,191","05","衛生與社會福利統計及調查分析","2000","業務費","2018","資訊服務費","用途別二級","39870","","","","","","","","","","","",""
"6557011600","綜合規劃業務","169,191","05","衛生與社會福利統計及調查分析","2000","業務費","2027","保險費","用途別二級","12","","","","","","","","","","","",""
"6557011600","綜合規劃業務","169,191","05","衛生與社會福利統計及調查分析","2000","業務費","2033","約用人員酬金","用途別二級","2528","5.約用人員5名，計列2,528千元（約用人員酬金）。","4","","","true","","","","","","",""
"6557011600","綜合規劃業務","169,191","05","衛生與社會福利統計及調查分析","","","","","未歸戶說明","","6.辦理國民醫療保健支出、社會福利調查統計，計列11,792千元（含資本門800千元）（委辦費10,000千元、一般事務費992千元、資訊軟硬體設備費800千元）。","","","","","","true","","","","",""
"6557011600","綜合規劃業務","169,191","05","衛生與社會福利統計及調查分析","","","","","未歸戶說明","","7.辦理衛生與社會福利經費之專案查核及補（捐）助核銷諮詢平臺，計列3,400千元（委辦費）。","","","","","","true","","","","",""
"6557011600","綜合規劃業務","169,191","05","衛生與社會福利統計及調查分析","2000","業務費","2036","按日按件計資酬金","用途別二級","686","","","","","","","","","","","",""
"6557011600","綜合規劃業務","169,191","05","衛生與社會福利統計及調查分析","2000","業務費","2039","委辦費","用途別二級","39130","","","","","","","","","","","",""
"6557011600","綜合規劃業務","169,191","05","衛生與社會福利統計及調查分析","2000","業務費","2051","物品","用途別二級","1790","","","","","","","","","","","",""
"6557011600","綜合規劃業務","169,191","05","衛生與社會福利統計及調查分析","2000","業務費","2054","一般事務費","用途別二級","1172","","","","","","","","","","","",""
"6557011600","綜合規劃業務","169,191","05","衛生與社會福利統計及調查分析","2000","業務費","2072","國內旅費","用途別二級","210","","","","","","","","","","","",""
"6557011600","綜合規劃業務","169,191","05","衛生與社會福利統計及調查分析","3000","設備及投資","","","用途別一級","9466","","","","","","","","","","","",""
"6557011600","綜合規劃業務","169,191","05","衛生與社會福利統計及調查分析","3000","設備及投資","3030","資訊軟硬體設備費","用途別二級","9466","","","","","","","","","","","",""
"6557011600","綜合規劃業務","169,191","06","衛生福利人員訓練","","","","","分支計畫","32316","","","","","","","","","","","",""
"6557011600","綜合規劃業務","169,191","06","衛生福利人員訓練","2000","業務費","","","用途別一級","29875","","","","","","","","","","","",""
"6557011600","綜合規劃業務","169,191","06","衛生福利人員訓練","2000","業務費","2003","教育訓練費","用途別二級","5222","1.衛生福利人員訓練中心管理維持及辦理訓練相關業務等所需行政費用，計列29,776千元（教育訓練費5,222千元、水電費2,225千元、通訊費517千元、權利使用費20千元、資訊服務費318千元、其他業務租金130千元、稅捐及規費30千元、保險費85千元、按日按件計資酬金3,120千元、國內組織會費20千元、物品1,482千元、一般事務費15,027千元、房屋建築養護費546千元、車輛及辦公器具養護費88千元、設施及機械設備養護費216千元、國內旅費700千元、運費20千元、短程車資10千元）。","0","true","","","","","","","","",""
"6557011600","綜合規劃業務","169,191","06","衛生福利人員訓練","2000","業務費","2006","水電費","用途別二級","2225","1.衛生福利人員訓練中心管理維持及辦理訓練相關業務等所需行政費用，計列29,776千元（教育訓練費5,222千元、水電費2,225千元、通訊費517千元、權利使用費20千元、資訊服務費318千元、其他業務租金130千元、稅捐及規費30千元、保險費85千元、按日按件計資酬金3,120千元、國內組織會費20千元、物品1,482千元、一般事務費15,027千元、房屋建築養護費546千元、車輛及辦公器具養護費88千元、設施及機械設備養護費216千元、國內旅費700千元、運費20千元、短程車資10千元）。","0","true","","","","","","","","",""
"6557011600","綜合規劃業務","169,191","06","衛生福利人員訓練","2000","業務費","2009","通訊費","用途別二級","517","1.衛生福利人員訓練中心管理維持及辦理訓練相關業務等所需行政費用，計列29,776千元（教育訓練費5,222千元、水電費2,225千元、通訊費517千元、權利使用費20千元、資訊服務費318千元、其他業務租金130千元、稅捐及規費30千元、保險費85千元、按日按件計資酬金3,120千元、國內組織會費20千元、物品1,482千元、一般事務費15,027千元、房屋建築養護費546千元、車輛及辦公器具養護費88千元、設施及機械設備養護費216千元、國內旅費700千元、運費20千元、短程車資10千元）。","0","true","","","","","","","","",""
"6557011600","綜合規劃業務","169,191","06","衛生福利人員訓練","2000","業務費","2015","權利使用費","用途別二級","20","1.衛生福利人員訓練中心管理維持及辦理訓練相關業務等所需行政費用，計列29,776千元（教育訓練費5,222千元、水電費2,225千元、通訊費517千元、權利使用費20千元、資訊服務費318千元、其他業務租金130千元、稅捐及規費30千元、保險費85千元、按日按件計資酬金3,120千元、國內組織會費20千元、物品1,482千元、一般事務費15,027千元、房屋建築養護費546千元、車輛及辦公器具養護費88千元、設施及機械設備養護費216千元、國內旅費700千元、運費20千元、短程車資10千元）。","0","true","","true","","","","","","",""
"6557011600","綜合規劃業務","169,191","06","衛生福利人員訓練","2000","業務費","2018","資訊服務費","用途別二級","318","1.衛生福利人員訓練中心管理維持及辦理訓練相關業務等所需行政費用，計列29,776千元（教育訓練費5,222千元、水電費2,225千元、通訊費517千元、權利使用費20千元、資訊服務費318千元、其他業務租金130千元、稅捐及規費30千元、保險費85千元、按日按件計資酬金3,120千元、國內組織會費20千元、物品1,482千元、一般事務費15,027千元、房屋建築養護費546千元、車輛及辦公器具養護費88千元、設施及機械設備養護費216千元、國內旅費700千元、運費20千元、短程車資10千元）。","0","true","","","","","","","","",""
"6557011600","綜合規劃業務","169,191","06","衛生福利人員訓練","2000","業務費","2021","其他業務租金","用途別二級","130","1.衛生福利人員訓練中心管理維持及辦理訓練相關業務等所需行政費用，計列29,776千元（教育訓練費5,222千元、水電費2,225千元、通訊費517千元、權利使用費20千元、資訊服務費318千元、其他業務租金130千元、稅捐及規費30千元、保險費85千元、按日按件計資酬金3,120千元、國內組織會費20千元、物品1,482千元、一般事務費15,027千元、房屋建築養護費546千元、車輛及辦公器具養護費88千元、設施及機械設備養護費216千元、國內旅費700千元、運費20千元、短程車資10千元）。","0","true","","","","","","","","",""
"6557011600","綜合規劃業務","169,191","06","衛生福利人員訓練","2000","業務費","2024","稅捐及規費","用途別二級","30","1.衛生福利人員訓練中心管理維持及辦理訓練相關業務等所需行政費用，計列29,776千元（教育訓練費5,222千元、水電費2,225千元、通訊費517千元、權利使用費20千元、資訊服務費318千元、其他業務租金130千元、稅捐及規費30千元、保險費85千元、按日按件計資酬金3,120千元、國內組織會費20千元、物品1,482千元、一般事務費15,027千元、房屋建築養護費546千元、車輛及辦公器具養護費88千元、設施及機械設備養護費216千元、國內旅費700千元、運費20千元、短程車資10千元）。","0","true","","","","","","","","",""
"6557011600","綜合規劃業務","169,191","06","衛生福利人員訓練","2000","業務費","2027","保險費","用途別二級","85","1.衛生福利人員訓練中心管理維持及辦理訓練相關業務等所需行政費用，計列29,776千元（教育訓練費5,222千元、水電費2,225千元、通訊費517千元、權利使用費20千元、資訊服務費318千元、其他業務租金130千元、稅捐及規費30千元、保險費85千元、按日按件計資酬金3,120千元、國內組織會費20千元、物品1,482千元、一般事務費15,027千元、房屋建築養護費546千元、車輛及辦公器具養護費88千元、設施及機械設備養護費216千元、國內旅費700千元、運費20千元、短程車資10千元）。","0","true","","","","","","","","",""
"6557011600","綜合規劃業務","169,191","06","衛生福利人員訓練","2000","業務費","2036","按日按件計資酬金","用途別二級","3120","1.衛生福利人員訓練中心管理維持及辦理訓練相關業務等所需行政費用，計列29,776千元（教育訓練費5,222千元、水電費2,225千元、通訊費517千元、權利使用費20千元、資訊服務費318千元、其他業務租金130千元、稅捐及規費30千元、保險費85千元、按日按件計資酬金3,120千元、國內組織會費20千元、物品1,482千元、一般事務費15,027千元、房屋建築養護費546千元、車輛及辦公器具養護費88千元、設施及機械設備養護費216千元、國內旅費700千元、運費20千元、短程車資10千元）。","0","true","","","","","","","","",""
"6557011600","綜合規劃業務","169,191","06","衛生福利人員訓練","2000","業務費","2045","國內組織會費","用途別二級","20","1.衛生福利人員訓練中心管理維持及辦理訓練相關業務等所需行政費用，計列29,776千元（教育訓練費5,222千元、水電費2,225千元、通訊費517千元、權利使用費20千元、資訊服務費318千元、其他業務租金130千元、稅捐及規費30千元、保險費85千元、按日按件計資酬金3,120千元、國內組織會費20千元、物品1,482千元、一般事務費15,027千元、房屋建築養護費546千元、車輛及辦公器具養護費88千元、設施及機械設備養護費216千元、國內旅費700千元、運費20千元、短程車資10千元）。","0","true","","true","","","","","","",""
"6557011600","綜合規劃業務","169,191","06","衛生福利人員訓練","2000","業務費","2051","物品","用途別二級","1482","1.衛生福利人員訓練中心管理維持及辦理訓練相關業務等所需行政費用，計列29,776千元（教育訓練費5,222千元、水電費2,225千元、通訊費517千元、權利使用費20千元、資訊服務費318千元、其他業務租金130千元、稅捐及規費30千元、保險費85千元、按日按件計資酬金3,120千元、國內組織會費20千元、物品1,482千元、一般事務費15,027千元、房屋建築養護費546千元、車輛及辦公器具養護費88千元、設施及機械設備養護費216千元、國內旅費700千元、運費20千元、短程車資10千元）。","0","true","","","","","","","","",""
"6557011600","綜合規劃業務","169,191","06","衛生福利人員訓練","2000","業務費","2054","一般事務費","用途別二級","15027","1.衛生福利人員訓練中心管理維持及辦理訓練相關業務等所需行政費用，計列29,776千元（教育訓練費5,222千元、水電費2,225千元、通訊費517千元、權利使用費20千元、資訊服務費318千元、其他業務租金130千元、稅捐及規費30千元、保險費85千元、按日按件計資酬金3,120千元、國內組織會費20千元、物品1,482千元、一般事務費15,027千元、房屋建築養護費546千元、車輛及辦公器具養護費88千元、設施及機械設備養護費216千元、國內旅費700千元、運費20千元、短程車資10千元）。","0","true","","","","","","","","",""
"6557011600","綜合規劃業務","169,191","06","衛生福利人員訓練","2000","業務費","2063","房屋建築養護費","用途別二級","546","1.衛生福利人員訓練中心管理維持及辦理訓練相關業務等所需行政費用，計列29,776千元（教育訓練費5,222千元、水電費2,225千元、通訊費517千元、權利使用費20千元、資訊服務費318千元、其他業務租金130千元、稅捐及規費30千元、保險費85千元、按日按件計資酬金3,120千元、國內組織會費20千元、物品1,482千元、一般事務費15,027千元、房屋建築養護費546千元、車輛及辦公器具養護費88千元、設施及機械設備養護費216千元、國內旅費700千元、運費20千元、短程車資10千元）。","0","true","","","","","","","","",""
"6557011600","綜合規劃業務","169,191","06","衛生福利人員訓練","2000","業務費","2066","器具養護費","用途別二級","88","1.衛生福利人員訓練中心管理維持及辦理訓練相關業務等所需行政費用，計列29,776千元（教育訓練費5,222千元、水電費2,225千元、通訊費517千元、權利使用費20千元、資訊服務費318千元、其他業務租金130千元、稅捐及規費30千元、保險費85千元、按日按件計資酬金3,120千元、國內組織會費20千元、物品1,482千元、一般事務費15,027千元、房屋建築養護費546千元、車輛及辦公器具養護費88千元、設施及機械設備養護費216千元、國內旅費700千元、運費20千元、短程車資10千元）。","0","true","","","","","","","","",""
"6557011600","綜合規劃業務","169,191","06","衛生福利人員訓練","2000","業務費","2069","設施及機械設備養護費","用途別二級","216","1.衛生福利人員訓練中心管理維持及辦理訓練相關業務等所需行政費用，計列29,776千元（教育訓練費5,222千元、水電費2,225千元、通訊費517千元、權利使用費20千元、資訊服務費318千元、其他業務租金130千元、稅捐及規費30千元、保險費85千元、按日按件計資酬金3,120千元、國內組織會費20千元、物品1,482千元、一般事務費15,027千元、房屋建築養護費546千元、車輛及辦公器具養護費88千元、設施及機械設備養護費216千元、國內旅費700千元、運費20千元、短程車資10千元）。","0","true","","","","","","","","",""
"6557011600","綜合規劃業務","169,191","06","衛生福利人員訓練","2000","業務費","2072","國內旅費","用途別二級","700","1.衛生福利人員訓練中心管理維持及辦理訓練相關業務等所需行政費用，計列29,776千元（教育訓練費5,222千元、水電費2,225千元、通訊費517千元、權利使用費20千元、資訊服務費318千元、其他業務租金130千元、稅捐及規費30千元、保險費85千元、按日按件計資酬金3,120千元、國內組織會費20千元、物品1,482千元、一般事務費15,027千元、房屋建築養護費546千元、車輛及辦公器具養護費88千元、設施及機械設備養護費216千元、國內旅費700千元、運費20千元、短程車資10千元）。","0","true","","","","","","","","",""
"6557011600","綜合規劃業務","169,191","06","衛生福利人員訓練","2000","業務費","2078","國外旅費","用途別二級","99","2.參加國際培訓總會所辦理人力培訓與人力資源發展相關年會，計列99千元（國外旅費）。","1","","","true","","","","","","",""
"6557011600","綜合規劃業務","169,191","06","衛生福利人員訓練","2000","業務費","2081","運費","用途別二級","20","1.衛生福利人員訓練中心管理維持及辦理訓練相關業務等所需行政費用，計列29,776千元（教育訓練費5,222千元、水電費2,225千元、通訊費517千元、權利使用費20千元、資訊服務費318千元、其他業務租金130千元、稅捐及規費30千元、保險費85千元、按日按件計資酬金3,120千元、國內組織會費20千元、物品1,482千元、一般事務費15,027千元、房屋建築養護費546千元、車輛及辦公器具養護費88千元、設施及機械設備養護費216千元、國內旅費700千元、運費20千元、短程車資10千元）。","0","true","","true","","","","","","",""
"6557011600","綜合規劃業務","169,191","06","衛生福利人員訓練","2000","業務費","2084","短程車資","用途別二級","10","1.衛生福利人員訓練中心管理維持及辦理訓練相關業務等所需行政費用，計列29,776千元（教育訓練費5,222千元、水電費2,225千元、通訊費517千元、權利使用費20千元、資訊服務費318千元、其他業務租金130千元、稅捐及規費30千元、保險費85千元、按日按件計資酬金3,120千元、國內組織會費20千元、物品1,482千元、一般事務費15,027千元、房屋建築養護費546千元、車輛及辦公器具養護費88千元、設施及機械設備養護費216千元、國內旅費700千元、運費20千元、短程車資10千元）。","0","true","","","","","","","","",""
"6557011600","綜合規劃業務","169,191","06","衛生福利人員訓練","3000","設備及投資","","","用途別一級","2441","3.購置育英樓電梯及防火牆，計列2,441千元（資本門）（機械設備費2,271千元、資訊軟硬體設備費170千元）。","2","true","","","","","","","","",""
"6557011600","綜合規劃業務","169,191","06","衛生福利人員訓練","3000","設備及投資","3020","機械設備費","用途別二級","2271","3.購置育英樓電梯及防火牆，計列2,441千元（資本門）（機械設備費2,271千元、資訊軟硬體設備費170千元）。","2","true","","","","","","","","",""
"6557011600","綜合規劃業務","169,191","06","衛生福利人員訓練","3000","設備及投資","3030","資訊軟硬體設備費","用途別二級","170","3.購置育英樓電梯及防火牆，計列2,441千元（資本門）（機械設備費2,271千元、資訊軟硬體設備費170千元）。","2","true","","","","","","","","",""
"6557011600","綜合規劃業務","169,191","07","促進國際衛生福利政策交流","","","","","分支計畫","4130","","","","","","","","","","","",""
"6557011600","綜合規劃業務","169,191","07","促進國際衛生福利政策交流","2000","業務費","","","用途別一級","4130","辦理衛生福利政策交流會議業務等，計列4,130千元（通訊費50千元、委辦費4,060千元、運費20千元）。","0","true","","","","","","","","",""
"6557011600","綜合規劃業務","169,191","07","促進國際衛生福利政策交流","2000","業務費","2009","通訊費","用途別二級","50","辦理衛生福利政策交流會議業務等，計列4,130千元（通訊費50千元、委辦費4,060千元、運費20千元）。","0","true","","","","","","","","",""
"6557011600","綜合規劃業務","169,191","07","促進國際衛生福利政策交流","2000","業務費","2039","委辦費","用途別二級","4060","辦理衛生福利政策交流會議業務等，計列4,130千元（通訊費50千元、委辦費4,060千元、運費20千元）。","0","true","","","","","","","","",""
"6557011600","綜合規劃業務","169,191","07","促進國際衛生福利政策交流","2000","業務費","2081","運費","用途別二級","20","辦理衛生福利政策交流會議業務等，計列4,130千元（通訊費50千元、委辦費4,060千元、運費20千元）。","0","true","","","","","","","","",""
"6557011700","國際衛生業務","155,668","01","參與多邊國際性組織活動","","","","","分支計畫","13015","","","","","","","","","","","",""
"6557011700","國際衛生業務","155,668","01","參與多邊國際性組織活動","2000","業務費","","","用途別一級","12288","","","","","","","","","","","",""
"6557011700","國際衛生業務","155,668","01","參與多邊國際性組織活動","2000","業務費","2009","通訊費","用途別二級","65","1.辦理參與多邊國際性組織活動等所需行政費用，計列709千元（通訊費65千元、其他業務租金69千元、保險費4千元、按日按件計資酬金200千元、物品40千元、一般事務費145千元、車輛及辦公器具養護費4千元、國內旅費50千元、運費100千元、短程車資32千元）。","0","true","","","","","","","","",""
"6557011700","國際衛生業務","155,668","01","參與多邊國際性組織活動","2000","業務費","2018","資訊服務費","用途別二級","130","4.購置電腦相關軟體及辦公設備等，計列300千元（含資本門170千元）（資訊服務費130千元、資訊軟硬體設備費110千元、雜項設備費60千元）。","3","true","","","","","","","","",""
"6557011700","國際衛生業務","155,668","01","參與多邊國際性組織活動","2000","業務費","2021","其他業務租金","用途別二級","69","1.辦理參與多邊國際性組織活動等所需行政費用，計列709千元（通訊費65千元、其他業務租金69千元、保險費4千元、按日按件計資酬金200千元、物品40千元、一般事務費145千元、車輛及辦公器具養護費4千元、國內旅費50千元、運費100千元、短程車資32千元）。","0","true","","","","","","","","",""
"6557011700","國際衛生業務","155,668","01","參與多邊國際性組織活動","2000","業務費","2027","保險費","用途別二級","4","1.辦理參與多邊國際性組織活動等所需行政費用，計列709千元（通訊費65千元、其他業務租金69千元、保險費4千元、按日按件計資酬金200千元、物品40千元、一般事務費145千元、車輛及辦公器具養護費4千元、國內旅費50千元、運費100千元、短程車資32千元）。","0","true","","true","","","","","","",""
"6557011700","國際衛生業務","155,668","01","參與多邊國際性組織活動","2000","業務費","2036","按日按件計資酬金","用途別二級","200","1.辦理參與多邊國際性組織活動等所需行政費用，計列709千元（通訊費65千元、其他業務租金69千元、保險費4千元、按日按件計資酬金200千元、物品40千元、一般事務費145千元、車輛及辦公器具養護費4千元、國內旅費50千元、運費100千元、短程車資32千元）。","0","true","","","","","","","","",""
"6557011700","國際衛生業務","155,668","01","參與多邊國際性組織活動","2000","業務費","2039","委辦費","用途別二級","8638","2.辦理推動參與世界衛生組織、全球衛生趨勢分析計畫，計列8,638千元（委辦費）。","1","","","true","","","","","","",""
"6557011700","國際衛生業務","155,668","01","參與多邊國際性組織活動","2000","業務費","2051","物品","用途別二級","40","1.辦理參與多邊國際性組織活動等所需行政費用，計列709千元（通訊費65千元、其他業務租金69千元、保險費4千元、按日按件計資酬金200千元、物品40千元、一般事務費145千元、車輛及辦公器具養護費4千元、國內旅費50千元、運費100千元、短程車資32千元）。","0","true","","","","","","","","",""
"6557011700","國際衛生業務","155,668","01","參與多邊國際性組織活動","2000","業務費","2054","一般事務費","用途別二級","145","1.辦理參與多邊國際性組織活動等所需行政費用，計列709千元（通訊費65千元、其他業務租金69千元、保險費4千元、按日按件計資酬金200千元、物品40千元、一般事務費145千元、車輛及辦公器具養護費4千元、國內旅費50千元、運費100千元、短程車資32千元）。","0","true","","","","","","","","",""
"6557011700","國際衛生業務","155,668","01","參與多邊國際性組織活動","2000","業務費","2066","器具養護費","用途別二級","4","1.辦理參與多邊國際性組織活動等所需行政費用，計列709千元（通訊費65千元、其他業務租金69千元、保險費4千元、按日按件計資酬金200千元、物品40千元、一般事務費145千元、車輛及辦公器具養護費4千元、國內旅費50千元、運費100千元、短程車資32千元）。","0","true","","true","","","","","","",""
"6557011700","國際衛生業務","155,668","01","參與多邊國際性組織活動","2000","業務費","2072","國內旅費","用途別二級","50","1.辦理參與多邊國際性組織活動等所需行政費用，計列709千元（通訊費65千元、其他業務租金69千元、保險費4千元、按日按件計資酬金200千元、物品40千元、一般事務費145千元、車輛及辦公器具養護費4千元、國內旅費50千元、運費100千元、短程車資32千元）。","0","true","","","","","","","","",""
"6557011700","國際衛生業務","155,668","01","參與多邊國際性組織活動","2000","業務費","2078","國外旅費","用途別二級","2811","3.參加世界衛生大會（WHA）期間醫衛合作及交流，計列2,237千元；世界衛生組織（WHO）專家及技術性會議，計列574千元，合共2,811千元（國外旅費）。","2","","","true","","","","","","",""
"6557011700","國際衛生業務","155,668","01","參與多邊國際性組織活動","2000","業務費","2081","運費","用途別二級","100","1.辦理參與多邊國際性組織活動等所需行政費用，計列709千元（通訊費65千元、其他業務租金69千元、保險費4千元、按日按件計資酬金200千元、物品40千元、一般事務費145千元、車輛及辦公器具養護費4千元、國內旅費50千元、運費100千元、短程車資32千元）。","0","true","","","","","","","","",""
"6557011700","國際衛生業務","155,668","01","參與多邊國際性組織活動","2000","業務費","2084","短程車資","用途別二級","32","1.辦理參與多邊國際性組織活動等所需行政費用，計列709千元（通訊費65千元、其他業務租金69千元、保險費4千元、按日按件計資酬金200千元、物品40千元、一般事務費145千元、車輛及辦公器具養護費4千元、國內旅費50千元、運費100千元、短程車資32千元）。","0","true","","","","","","","","",""
"6557011700","國際衛生業務","155,668","01","參與多邊國際性組織活動","3000","設備及投資","","","用途別一級","170","4.購置電腦相關軟體及辦公設備等，計列300千元（含資本門170千元）（資訊服務費130千元、資訊軟硬體設備費110千元、雜項設備費60千元）。","3","true","","","","","","","","",""
"6557011700","國際衛生業務","155,668","01","參與多邊國際性組織活動","3000","設備及投資","3030","資訊軟硬體設備費","用途別二級","110","4.購置電腦相關軟體及辦公設備等，計列300千元（含資本門170千元）（資訊服務費130千元、資訊軟硬體設備費110千元、雜項設備費60千元）。","3","true","","","","","","","","",""
"6557011700","國際衛生業務","155,668","01","參與多邊國際性組織活動","3000","設備及投資","3035","雜項設備費","用途別二級","60","4.購置電腦相關軟體及辦公設備等，計列300千元（含資本門170千元）（資訊服務費130千元、資訊軟硬體設備費110千元、雜項設備費60千元）。","3","true","","","","","","","","",""
"6557011700","國際衛生業務","155,668","01","參與多邊國際性組織活動","4000","獎補助費","","","用途別一級","557","5.捐助國內團體辦理參與、出席世界衛生組織（WHO）、世界貿易組織（WTO）與經濟合作暨發展組織（OECD）等國際性組織之相關活動及會議，計列557千元（對國內團體之捐助）。","4","true","","","","","","","","",""
"6557011700","國際衛生業務","155,668","01","參與多邊國際性組織活動","4000","獎補助費","4040","對國內團體之捐助","用途別二級","557","5.捐助國內團體辦理參與、出席世界衛生組織（WHO）、世界貿易組織（WTO）與經濟合作暨發展組織（OECD）等國際性組織之相關活動及會議，計列557千元（對國內團體之捐助）。","4","true","","true","","","","","","",""
"6557011700","國際衛生業務","155,668","02","雙邊國際衛生合作與交流","","","","","分支計畫","8945","","","","","","","","","","","",""
"6557011700","國際衛生業務","155,668","02","雙邊國際衛生合作與交流","2000","業務費","","","用途別一級","3990","","","","","","","","","","","",""
"6557011700","國際衛生業務","155,668","02","雙邊國際衛生合作與交流","2000","業務費","2009","通訊費","用途別二級","65","1.推動雙邊國際衛生合作及交流等所需行政費用，計列612千元（通訊費65千元、保險費16千元、按日按件計資酬金161千元、物品35千元、一般事務費175千元、車輛及辦公器具養護費1千元、國內旅費50千元、運費77千元、短程車資32千元）（媒體政策及業務宣導50千元）。","0","true","","","","","","","","",""
"6557011700","國際衛生業務","155,668","02","雙邊國際衛生合作與交流","2000","業務費","2027","保險費","用途別二級","16","1.推動雙邊國際衛生合作及交流等所需行政費用，計列612千元（通訊費65千元、保險費16千元、按日按件計資酬金161千元、物品35千元、一般事務費175千元、車輛及辦公器具養護費1千元、國內旅費50千元、運費77千元、短程車資32千元）（媒體政策及業務宣導50千元）。","0","true","","","","","","","","",""
"6557011700","國際衛生業務","155,668","02","雙邊國際衛生合作與交流","2000","業務費","2036","按日按件計資酬金","用途別二級","161","1.推動雙邊國際衛生合作及交流等所需行政費用，計列612千元（通訊費65千元、保險費16千元、按日按件計資酬金161千元、物品35千元、一般事務費175千元、車輛及辦公器具養護費1千元、國內旅費50千元、運費77千元、短程車資32千元）（媒體政策及業務宣導50千元）。","0","true","","","","","","","","",""
"6557011700","國際衛生業務","155,668","02","雙邊國際衛生合作與交流","2000","業務費","2039","委辦費","用途別二級","1952","2.辦理推動雙邊交流合作計畫等，計列1,952千元（委辦費）。","1","","","true","","","","","","",""
"6557011700","國際衛生業務","155,668","02","雙邊國際衛生合作與交流","2000","業務費","2051","物品","用途別二級","35","1.推動雙邊國際衛生合作及交流等所需行政費用，計列612千元（通訊費65千元、保險費16千元、按日按件計資酬金161千元、物品35千元、一般事務費175千元、車輛及辦公器具養護費1千元、國內旅費50千元、運費77千元、短程車資32千元）（媒體政策及業務宣導50千元）。","0","true","","","","","","","","",""
"6557011700","國際衛生業務","155,668","02","雙邊國際衛生合作與交流","2000","業務費","2054","一般事務費","用途別二級","175","1.推動雙邊國際衛生合作及交流等所需行政費用，計列612千元（通訊費65千元、保險費16千元、按日按件計資酬金161千元、物品35千元、一般事務費175千元、車輛及辦公器具養護費1千元、國內旅費50千元、運費77千元、短程車資32千元）（媒體政策及業務宣導50千元）。","0","true","","","","","","","","",""
"6557011700","國際衛生業務","155,668","02","雙邊國際衛生合作與交流","2000","業務費","2066","器具養護費","用途別二級","1","1.推動雙邊國際衛生合作及交流等所需行政費用，計列612千元（通訊費65千元、保險費16千元、按日按件計資酬金161千元、物品35千元、一般事務費175千元、車輛及辦公器具養護費1千元、國內旅費50千元、運費77千元、短程車資32千元）（媒體政策及業務宣導50千元）。","0","true","","","","","","","","",""
"6557011700","國際衛生業務","155,668","02","雙邊國際衛生合作與交流","2000","業務費","2072","國內旅費","用途別二級","50","1.推動雙邊國際衛生合作及交流等所需行政費用，計列612千元（通訊費65千元、保險費16千元、按日按件計資酬金161千元、物品35千元、一般事務費175千元、車輛及辦公器具養護費1千元、國內旅費50千元、運費77千元、短程車資32千元）（媒體政策及業務宣導50千元）。","0","true","","","","","","","","",""
"6557011700","國際衛生業務","155,668","02","雙邊國際衛生合作與交流","2000","業務費","2075","大陸地區旅費","用途別二級","270","3.參加亞太經濟合作（APEC）相關會議，計列226千元；海峽兩岸醫藥衛生合作協議相關會議，計列22千元；兩岸及港澳衛生交流及合作會議，計列22千元，合共270千元（大陸地區旅費）。","2","","","true","","","","","","",""
"6557011700","國際衛生業務","155,668","02","雙邊國際衛生合作與交流","2000","業務費","2078","國外旅費","用途別二級","1156","4.參加亞太地區計畫評估及雙邊合作會議，計列236千元；美洲雙邊衛生交流與合作活動，計列920千元，合共1,156千元（國外旅費）。","3","","","true","","","","","","",""
"6557011700","國際衛生業務","155,668","02","雙邊國際衛生合作與交流","2000","業務費","2081","運費","用途別二級","77","1.推動雙邊國際衛生合作及交流等所需行政費用，計列612千元（通訊費65千元、保險費16千元、按日按件計資酬金161千元、物品35千元、一般事務費175千元、車輛及辦公器具養護費1千元、國內旅費50千元、運費77千元、短程車資32千元）（媒體政策及業務宣導50千元）。","0","true","","","","","","","","",""
"6557011700","國際衛生業務","155,668","02","雙邊國際衛生合作與交流","2000","業務費","2084","短程車資","用途別二級","32","1.推動雙邊國際衛生合作及交流等所需行政費用，計列612千元（通訊費65千元、保險費16千元、按日按件計資酬金161千元、物品35千元、一般事務費175千元、車輛及辦公器具養護費1千元、國內旅費50千元、運費77千元、短程車資32千元）（媒體政策及業務宣導50千元）。","0","true","","","","","","","","",""
"6557011700","國際衛生業務","155,668","02","雙邊國際衛生合作與交流","4000","獎補助費","","","用途別一級","4955","","","","","","","","","","","",""
"6557011700","國際衛生業務","155,668","02","雙邊國際衛生合作與交流","4000","獎補助費","4030","對特種基金之補助","用途別二級","900","5.補助公立醫院辦理雙邊國際衛生合作交流計畫等，計列900千元（對特種基金之補助）。","4","","","true","","","","","","",""
"6557011700","國際衛生業務","155,668","02","雙邊國際衛生合作與交流","4000","獎補助費","4035","對外之捐助","用途別二級","3200","6.捐助國外團體辦理雙邊國際衛生交流宣達活動、國際人道援助及國內外醫療衛生人員培訓計畫；國內團體辦理雙邊國際衛生合作交流計畫等，計列4,055千元（對外之捐助3,200千元、對國內團體之捐助855千元）。","5","true","","","","","","","","",""
"6557011700","國際衛生業務","155,668","02","雙邊國際衛生合作與交流","4000","獎補助費","4040","對國內團體之捐助","用途別二級","855","6.捐助國外團體辦理雙邊國際衛生交流宣達活動、國際人道援助及國內外醫療衛生人員培訓計畫；國內團體辦理雙邊國際衛生合作交流計畫等，計列4,055千元（對外之捐助3,200千元、對國內團體之捐助855千元）。","5","true","","","","","","","","",""
"6557011700","國際衛生業務","155,668","03","區域性國際衛生合作交流","","","","","分支計畫","7010","","","","","","","","","","","",""
"6557011700","國際衛生業務","155,668","03","區域性國際衛生合作交流","2000","業務費","","","用途別一級","6518","","","","","","","","","","","",""
"6557011700","國際衛生業務","155,668","03","區域性國際衛生合作交流","2000","業務費","2009","通訊費","用途別二級","65","1.加強辦理區域性國際衛生合作交流等所需行政費用，計列613千元（通訊費65千元、保險費5千元、按日按件計資酬金200千元、物品35千元、一般事務費145千元、車輛及辦公器具養護費3千元、國內旅費50千元、運費77千元、短程車資33千元）。","0","true","","","","","","","","",""
"6557011700","國際衛生業務","155,668","03","區域性國際衛生合作交流","2000","業務費","2027","保險費","用途別二級","5","1.加強辦理區域性國際衛生合作交流等所需行政費用，計列613千元（通訊費65千元、保險費5千元、按日按件計資酬金200千元、物品35千元、一般事務費145千元、車輛及辦公器具養護費3千元、國內旅費50千元、運費77千元、短程車資33千元）。","0","true","","","","","","","","",""
"6557011700","國際衛生業務","155,668","03","區域性國際衛生合作交流","2000","業務費","2036","按日按件計資酬金","用途別二級","200","1.加強辦理區域性國際衛生合作交流等所需行政費用，計列613千元（通訊費65千元、保險費5千元、按日按件計資酬金200千元、物品35千元、一般事務費145千元、車輛及辦公器具養護費3千元、國內旅費50千元、運費77千元、短程車資33千元）。","0","true","","","","","","","","",""
"6557011700","國際衛生業務","155,668","03","區域性國際衛生合作交流","2000","業務費","2039","委辦費","用途別二級","5262","2.辦理亞太經濟合作（APEC）衛生相關工作，計列5,262千元（委辦費）。","1","","","true","","","","","","",""
"6557011700","國際衛生業務","155,668","03","區域性國際衛生合作交流","2000","業務費","2051","物品","用途別二級","35","1.加強辦理區域性國際衛生合作交流等所需行政費用，計列613千元（通訊費65千元、保險費5千元、按日按件計資酬金200千元、物品35千元、一般事務費145千元、車輛及辦公器具養護費3千元、國內旅費50千元、運費77千元、短程車資33千元）。","0","true","","","","","","","","",""
"6557011700","國際衛生業務","155,668","03","區域性國際衛生合作交流","2000","業務費","2054","一般事務費","用途別二級","145","1.加強辦理區域性國際衛生合作交流等所需行政費用，計列613千元（通訊費65千元、保險費5千元、按日按件計資酬金200千元、物品35千元、一般事務費145千元、車輛及辦公器具養護費3千元、國內旅費50千元、運費77千元、短程車資33千元）。","0","true","","","","","","","","",""
"6557011700","國際衛生業務","155,668","03","區域性國際衛生合作交流","2000","業務費","2066","器具養護費","用途別二級","3","1.加強辦理區域性國際衛生合作交流等所需行政費用，計列613千元（通訊費65千元、保險費5千元、按日按件計資酬金200千元、物品35千元、一般事務費145千元、車輛及辦公器具養護費3千元、國內旅費50千元、運費77千元、短程車資33千元）。","0","true","","","","","","","","",""
"6557011700","國際衛生業務","155,668","03","區域性國際衛生合作交流","2000","業務費","2072","國內旅費","用途別二級","50","1.加強辦理區域性國際衛生合作交流等所需行政費用，計列613千元（通訊費65千元、保險費5千元、按日按件計資酬金200千元、物品35千元、一般事務費145千元、車輛及辦公器具養護費3千元、國內旅費50千元、運費77千元、短程車資33千元）。","0","true","","","","","","","","",""
"6557011700","國際衛生業務","155,668","03","區域性國際衛生合作交流","2000","業務費","2078","國外旅費","用途別二級","643","3.參加歐洲雙邊衛生交流與合作活動，計列382千元；非洲雙邊合作相關會議，計列261千元，合共643千元（國外旅費）。","2","","","true","","","","","","",""
"6557011700","國際衛生業務","155,668","03","區域性國際衛生合作交流","2000","業務費","2081","運費","用途別二級","77","1.加強辦理區域性國際衛生合作交流等所需行政費用，計列613千元（通訊費65千元、保險費5千元、按日按件計資酬金200千元、物品35千元、一般事務費145千元、車輛及辦公器具養護費3千元、國內旅費50千元、運費77千元、短程車資33千元）。","0","true","","","","","","","","",""
"6557011700","國際衛生業務","155,668","03","區域性國際衛生合作交流","2000","業務費","2084","短程車資","用途別二級","33","1.加強辦理區域性國際衛生合作交流等所需行政費用，計列613千元（通訊費65千元、保險費5千元、按日按件計資酬金200千元、物品35千元、一般事務費145千元、車輛及辦公器具養護費3千元、國內旅費50千元、運費77千元、短程車資33千元）。","0","true","","","","","","","","",""
"6557011700","國際衛生業務","155,668","03","區域性國際衛生合作交流","4000","獎補助費","","","用途別一級","492","","","","","","","","","","","",""
"6557011700","國際衛生業務","155,668","03","區域性國際衛生合作交流","4000","獎補助費","4035","對外之捐助","用途別二級","167","4.開發友我國家之區域性國際衛生交流合作，辦理友我國家之醫療物資援助；捐助國外團體辦理區域性國際衛生交流宣達活動及國際人道援助等，計列167千元（對外之捐助）。","3","","","true","","","","","","",""
"6557011700","國際衛生業務","155,668","03","區域性國際衛生合作交流","4000","獎補助費","4040","對國內團體之捐助","用途別二級","158","5.捐助國內團體及私校辦理區域性國際衛生交流計畫及會議等，計列325千元（對國內團體之捐助158千元、對私校之獎助167千元）。","4","true","","","","","","","","",""
"6557011700","國際衛生業務","155,668","03","區域性國際衛生合作交流","4000","獎補助費","4045","對私校之獎助","用途別二級","167","5.捐助國內團體及私校辦理區域性國際衛生交流計畫及會議等，計列325千元（對國內團體之捐助158千元、對私校之獎助167千元）。","4","true","","true","","","","","","",""
"6557011700","國際衛生業務","155,668","04","國際醫療人才培育及醫衛援助合作","","","","","分支計畫","24874","","","","","","","","","","","",""
"6557011700","國際衛生業務","155,668","04","國際醫療人才培育及醫衛援助合作","2000","業務費","","","用途別一級","24380","","","","","","","","","","","",""
"6557011700","國際衛生業務","155,668","04","國際醫療人才培育及醫衛援助合作","2000","業務費","2003","教育訓練費","用途別二級","266","1.辦理國際緊急醫療援助相關課程；加強人員語文能力訓練；參加美、日、歐盟等先進國家辦理之國際醫療衛生人才研習或訓練，計列266千元（教育訓練費）。","0","","","true","","","","","","",""
"6557011700","國際衛生業務","155,668","04","國際醫療人才培育及醫衛援助合作","2000","業務費","2009","通訊費","用途別二級","65","2.辦理國際緊急醫療援助及合作等所需行政費用，計列580千元（通訊費65千元、保險費15千元、按日按件計資酬金200千元、物品35千元、一般事務費80千元、車輛及辦公器具養護費2千元、國內旅費50千元、運費100千元、短程車資33千元）。","1","true","","","","","","","","",""
"6557011700","國際衛生業務","155,668","04","國際醫療人才培育及醫衛援助合作","2000","業務費","2027","保險費","用途別二級","15","2.辦理國際緊急醫療援助及合作等所需行政費用，計列580千元（通訊費65千元、保險費15千元、按日按件計資酬金200千元、物品35千元、一般事務費80千元、車輛及辦公器具養護費2千元、國內旅費50千元、運費100千元、短程車資33千元）。","1","true","","","","","","","","",""
"6557011700","國際衛生業務","155,668","04","國際醫療人才培育及醫衛援助合作","2000","業務費","2033","約用人員酬金","用途別二級","3333","3.臺灣國際醫衛行動團隊約用人員3名，計列3,333千元（約用人員酬金）。","2","","","true","","","","","","",""
"6557011700","國際衛生業務","155,668","04","國際醫療人才培育及醫衛援助合作","2000","業務費","2036","按日按件計資酬金","用途別二級","200","2.辦理國際緊急醫療援助及合作等所需行政費用，計列580千元（通訊費65千元、保險費15千元、按日按件計資酬金200千元、物品35千元、一般事務費80千元、車輛及辦公器具養護費2千元、國內旅費50千元、運費100千元、短程車資33千元）。","1","true","","","","","","","","",""
"6557011700","國際衛生業務","155,668","04","國際醫療人才培育及醫衛援助合作","2000","業務費","2039","委辦費","用途別二級","20201","4.辦理臺灣國際醫療衛生人員訓練中心、臺灣全球健康論壇、醫療器材援助平臺計畫（臺灣國際醫衛行動團隊），計列20,201千元（委辦費）。","3","","","true","","","","","","",""
"6557011700","國際衛生業務","155,668","04","國際醫療人才培育及醫衛援助合作","2000","業務費","2051","物品","用途別二級","35","2.辦理國際緊急醫療援助及合作等所需行政費用，計列580千元（通訊費65千元、保險費15千元、按日按件計資酬金200千元、物品35千元、一般事務費80千元、車輛及辦公器具養護費2千元、國內旅費50千元、運費100千元、短程車資33千元）。","1","true","","","","","","","","",""
"6557011700","國際衛生業務","155,668","04","國際醫療人才培育及醫衛援助合作","2000","業務費","2054","一般事務費","用途別二級","80","2.辦理國際緊急醫療援助及合作等所需行政費用，計列580千元（通訊費65千元、保險費15千元、按日按件計資酬金200千元、物品35千元、一般事務費80千元、車輛及辦公器具養護費2千元、國內旅費50千元、運費100千元、短程車資33千元）。","1","true","","","","","","","","",""
"6557011700","國際衛生業務","155,668","04","國際醫療人才培育及醫衛援助合作","2000","業務費","2066","器具養護費","用途別二級","2","2.辦理國際緊急醫療援助及合作等所需行政費用，計列580千元（通訊費65千元、保險費15千元、按日按件計資酬金200千元、物品35千元、一般事務費80千元、車輛及辦公器具養護費2千元、國內旅費50千元、運費100千元、短程車資33千元）。","1","true","","","","","","","","",""
"6557011700","國際衛生業務","155,668","04","國際醫療人才培育及醫衛援助合作","2000","業務費","2072","國內旅費","用途別二級","50","2.辦理國際緊急醫療援助及合作等所需行政費用，計列580千元（通訊費65千元、保險費15千元、按日按件計資酬金200千元、物品35千元、一般事務費80千元、車輛及辦公器具養護費2千元、國內旅費50千元、運費100千元、短程車資33千元）。","1","true","","","","","","","","",""
"6557011700","國際衛生業務","155,668","04","國際醫療人才培育及醫衛援助合作","2000","業務費","2081","運費","用途別二級","100","2.辦理國際緊急醫療援助及合作等所需行政費用，計列580千元（通訊費65千元、保險費15千元、按日按件計資酬金200千元、物品35千元、一般事務費80千元、車輛及辦公器具養護費2千元、國內旅費50千元、運費100千元、短程車資33千元）。","1","true","","","","","","","","",""
"6557011700","國際衛生業務","155,668","04","國際醫療人才培育及醫衛援助合作","2000","業務費","2084","短程車資","用途別二級","33","2.辦理國際緊急醫療援助及合作等所需行政費用，計列580千元（通訊費65千元、保險費15千元、按日按件計資酬金200千元、物品35千元、一般事務費80千元、車輛及辦公器具養護費2千元、國內旅費50千元、運費100千元、短程車資33千元）。","1","true","","","","","","","","",""
"6557011700","國際衛生業務","155,668","04","國際醫療人才培育及醫衛援助合作","4000","獎補助費","","","用途別一級","494","","","","","","","","","","","",""
"6557011700","國際衛生業務","155,668","04","國際醫療人才培育及醫衛援助合作","4000","獎補助費","4030","對特種基金之補助","用途別二級","125","5.補助公立醫院辦理國際醫療援助、人員培訓及公共衛生計畫等，計列125千元（對特種基金之補助）。","4","","","true","","","","","","",""
"6557011700","國際衛生業務","155,668","04","國際醫療人才培育及醫衛援助合作","4000","獎補助費","4035","對外之捐助","用途別二級","125","6.援助友好國家醫療器材、醫藥物資、捐助國外團體辦理國際急難救助、人員培訓與醫療援助及公共衛生計畫等，計列125千元（對外之捐助）。","5","","","true","","","","","","",""
"6557011700","國際衛生業務","155,668","04","國際醫療人才培育及醫衛援助合作","4000","獎補助費","4040","對國內團體之捐助","用途別二級","119","7.捐助國內團體及私校辦理國際急難援助、人員培訓、參與國際人道援助、醫療援助相關會議及公共衛生計畫等，計列244千元（對國內團體之捐助119千元、對私校之獎助125千元）。","6","true","","","","","","","","",""
"6557011700","國際衛生業務","155,668","04","國際醫療人才培育及醫衛援助合作","4000","獎補助費","4045","對私校之獎助","用途別二級","125","7.捐助國內團體及私校辦理國際急難援助、人員培訓、參與國際人道援助、醫療援助相關會議及公共衛生計畫等，計列244千元（對國內團體之捐助119千元、對私校之獎助125千元）。","6","true","","true","","","","","","",""
"6557011700","國際衛生業務","155,668","05","新南向醫衛合作與產業鏈發展","","","","","分支計畫","101824","","","","","","","","","","","",""
"6557011700","國際衛生業務","155,668","05","新南向醫衛合作與產業鏈發展","2000","業務費","","","用途別一級","94740","","","","","","","","","","","",""
"6557011700","國際衛生業務","155,668","05","新南向醫衛合作與產業鏈發展","2000","業務費","2003","教育訓練費","用途別二級","50","1.配合新南向政策辦理各項業務規劃與推展，邀請新南向國家重要官員、專家學者來臺等所需行政費用，計列2,455千元（教育訓練費50千元、通訊費150千元、其他業務租金165千元、保險費50千元、按日按件計資酬金350千元、物品200千元、一般事務費1,375千元、車輛及辦公器具養護費3千元、國內旅費50千元、運費30千元、短程車資32千元）。","0","true","","true","","","","","","",""
"6557011700","國際衛生業務","155,668","05","新南向醫衛合作與產業鏈發展","2000","業務費","2009","通訊費","用途別二級","150","1.配合新南向政策辦理各項業務規劃與推展，邀請新南向國家重要官員、專家學者來臺等所需行政費用，計列2,455千元（教育訓練費50千元、通訊費150千元、其他業務租金165千元、保險費50千元、按日按件計資酬金350千元、物品200千元、一般事務費1,375千元、車輛及辦公器具養護費3千元、國內旅費50千元、運費30千元、短程車資32千元）。","0","true","","","","","","","","",""
"6557011700","國際衛生業務","155,668","05","新南向醫衛合作與產業鏈發展","2000","業務費","2021","其他業務租金","用途別二級","165","1.配合新南向政策辦理各項業務規劃與推展，邀請新南向國家重要官員、專家學者來臺等所需行政費用，計列2,455千元（教育訓練費50千元、通訊費150千元、其他業務租金165千元、保險費50千元、按日按件計資酬金350千元、物品200千元、一般事務費1,375千元、車輛及辦公器具養護費3千元、國內旅費50千元、運費30千元、短程車資32千元）。","0","true","","","","","","","","",""
"6557011700","國際衛生業務","155,668","05","新南向醫衛合作與產業鏈發展","2000","業務費","2027","保險費","用途別二級","50","1.配合新南向政策辦理各項業務規劃與推展，邀請新南向國家重要官員、專家學者來臺等所需行政費用，計列2,455千元（教育訓練費50千元、通訊費150千元、其他業務租金165千元、保險費50千元、按日按件計資酬金350千元、物品200千元、一般事務費1,375千元、車輛及辦公器具養護費3千元、國內旅費50千元、運費30千元、短程車資32千元）。","0","true","","true","","","","","","",""
"6557011700","國際衛生業務","155,668","05","新南向醫衛合作與產業鏈發展","2000","業務費","2033","約用人員酬金","用途別二級","2000","2.約用人員2名，計列2,000千元（約用人員酬金）。","1","","","true","","","","","","",""
"6557011700","國際衛生業務","155,668","05","新南向醫衛合作與產業鏈發展","2000","業務費","2036","按日按件計資酬金","用途別二級","350","1.配合新南向政策辦理各項業務規劃與推展，邀請新南向國家重要官員、專家學者來臺等所需行政費用，計列2,455千元（教育訓練費50千元、通訊費150千元、其他業務租金165千元、保險費50千元、按日按件計資酬金350千元、物品200千元、一般事務費1,375千元、車輛及辦公器具養護費3千元、國內旅費50千元、運費30千元、短程車資32千元）。","0","true","","","","","","","","",""
"6557011700","國際衛生業務","155,668","05","新南向醫衛合作與產業鏈發展","2000","業務費","2039","委辦費","用途別二級","89179","3.辦理新南向醫衛資源整合平臺、新南向醫衛合作與產業發展計畫等，計列89,179千元（委辦費）。","2","","","true","","","","","","",""
"6557011700","國際衛生業務","155,668","05","新南向醫衛合作與產業鏈發展","2000","業務費","2051","物品","用途別二級","200","1.配合新南向政策辦理各項業務規劃與推展，邀請新南向國家重要官員、專家學者來臺等所需行政費用，計列2,455千元（教育訓練費50千元、通訊費150千元、其他業務租金165千元、保險費50千元、按日按件計資酬金350千元、物品200千元、一般事務費1,375千元、車輛及辦公器具養護費3千元、國內旅費50千元、運費30千元、短程車資32千元）。","0","true","","","","","","","","",""
"6557011700","國際衛生業務","155,668","05","新南向醫衛合作與產業鏈發展","2000","業務費","2054","一般事務費","用途別二級","1375","1.配合新南向政策辦理各項業務規劃與推展，邀請新南向國家重要官員、專家學者來臺等所需行政費用，計列2,455千元（教育訓練費50千元、通訊費150千元、其他業務租金165千元、保險費50千元、按日按件計資酬金350千元、物品200千元、一般事務費1,375千元、車輛及辦公器具養護費3千元、國內旅費50千元、運費30千元、短程車資32千元）。","0","true","","","","","","","","",""
"6557011700","國際衛生業務","155,668","05","新南向醫衛合作與產業鏈發展","2000","業務費","2066","器具養護費","用途別二級","3","1.配合新南向政策辦理各項業務規劃與推展，邀請新南向國家重要官員、專家學者來臺等所需行政費用，計列2,455千元（教育訓練費50千元、通訊費150千元、其他業務租金165千元、保險費50千元、按日按件計資酬金350千元、物品200千元、一般事務費1,375千元、車輛及辦公器具養護費3千元、國內旅費50千元、運費30千元、短程車資32千元）。","0","true","","","","","","","","",""
"6557011700","國際衛生業務","155,668","05","新南向醫衛合作與產業鏈發展","2000","業務費","2072","國內旅費","用途別二級","50","1.配合新南向政策辦理各項業務規劃與推展，邀請新南向國家重要官員、專家學者來臺等所需行政費用，計列2,455千元（教育訓練費50千元、通訊費150千元、其他業務租金165千元、保險費50千元、按日按件計資酬金350千元、物品200千元、一般事務費1,375千元、車輛及辦公器具養護費3千元、國內旅費50千元、運費30千元、短程車資32千元）。","0","true","","true","","","","","","",""
"6557011700","國際衛生業務","155,668","05","新南向醫衛合作與產業鏈發展","2000","業務費","2078","國外旅費","用途別二級","1106","4.參加臺灣醫衛產業形象相關展覽會或說明會等，計列435千元；新南向雙邊衛生交流與合作會議，計列313千元；新南向國家醫衛國際會議，計列358千元，合共1,106千元（國外旅費）。","3","","","true","","","","","","",""
"6557011700","國際衛生業務","155,668","05","新南向醫衛合作與產業鏈發展","2000","業務費","2081","運費","用途別二級","30","1.配合新南向政策辦理各項業務規劃與推展，邀請新南向國家重要官員、專家學者來臺等所需行政費用，計列2,455千元（教育訓練費50千元、通訊費150千元、其他業務租金165千元、保險費50千元、按日按件計資酬金350千元、物品200千元、一般事務費1,375千元、車輛及辦公器具養護費3千元、國內旅費50千元、運費30千元、短程車資32千元）。","0","true","","","","","","","","",""
"6557011700","國際衛生業務","155,668","05","新南向醫衛合作與產業鏈發展","2000","業務費","2084","短程車資","用途別二級","32","1.配合新南向政策辦理各項業務規劃與推展，邀請新南向國家重要官員、專家學者來臺等所需行政費用，計列2,455千元（教育訓練費50千元、通訊費150千元、其他業務租金165千元、保險費50千元、按日按件計資酬金350千元、物品200千元、一般事務費1,375千元、車輛及辦公器具養護費3千元、國內旅費50千元、運費30千元、短程車資32千元）。","0","true","","","","","","","","",""
"6557011700","國際衛生業務","155,668","05","新南向醫衛合作與產業鏈發展","4000","獎補助費","","","用途別一級","7084","","","","","","","","","","","",""
"6557011700","國際衛生業務","155,668","05","新南向醫衛合作與產業鏈發展","4000","獎補助費","4030","對特種基金之補助","用途別二級","1084","5.補助公立醫院辦理計畫相關之醫衛產官學研合作論壇、研討會、講座課程、人員培訓及其他相關交流會議或活動等，計列1,084千元（對特種基金之補助）。","4","","","true","","","","","","",""
"6557011700","國際衛生業務","155,668","05","新南向醫衛合作與產業鏈發展","4000","獎補助費","4035","對外之捐助","用途別二級","2000","6.捐助國外團體於新南向國家辦理計畫相關之宣達活動、人員培訓等，計列2,000千元（對外之捐助）。","5","","","true","","","","","","",""
"6557011700","國際衛生業務","155,668","05","新南向醫衛合作與產業鏈發展","4000","獎補助費","4040","對國內團體之捐助","用途別二級","2000","7.捐助國內團體辦理產官學研合作計畫、國際會展、課程或研討會、醫衛經貿外交跨領域人才培訓、參與新南向醫衛相關會議、研討會或活動等，計列2,000千元（對國內團體之捐助）。","6","","","true","","","","","","",""
"6557011700","國際衛生業務","155,668","05","新南向醫衛合作與產業鏈發展","4000","獎補助費","4045","對私校之獎助","用途別二級","2000","8.捐助私校辦理計畫相關之研討會、學程或活動、培訓我國醫衛經貿外交跨領域人才及新南向國家醫衛人員等，計列2,000千元（對私校之獎助）。","7","","","true","","","","","","",""
"6557011800","衛生福利資訊業務","986,519","01","衛福行政資訊服務","","","","","分支計畫","15793","","","","","","","","","","","",""
"6557011800","衛生福利資訊業務","986,519","01","衛福行政資訊服務","2000","業務費","","","用途別一級","13231","","","","","","","","","","","",""
"6557011800","衛生福利資訊業務","986,519","01","衛福行政資訊服務","2000","業務費","2003","教育訓練費","用途別二級","6","1.辦理衛福行政資訊等所需行政費用，計列715千元（教育訓練費6千元、通訊費300千元、保險費9千元、按日按件計資酬金357千元、一般事務費10千元、國內旅費28千元、短程車資5千元）。","0","true","","","","","","","","",""
"6557011800","衛生福利資訊業務","986,519","01","衛福行政資訊服務","2000","業務費","2009","通訊費","用途別二級","300","1.辦理衛福行政資訊等所需行政費用，計列715千元（教育訓練費6千元、通訊費300千元、保險費9千元、按日按件計資酬金357千元、一般事務費10千元、國內旅費28千元、短程車資5千元）。","0","true","","","","","","","","",""
"6557011800","衛生福利資訊業務","986,519","01","衛福行政資訊服務","2000","業務費","2018","資訊服務費","用途別二級","12516","2.維護及增修中英文網站、公文、人民申請案線上申辦、衛生機關公文電子交換、員工入口網及電子表單、衛生福利法規檢索、人事差勤、會議資料管理等行政資訊系統，計列15,078千元（含資本門2,562千元）（資訊服務費12,516千元、資訊軟硬體設備費2,562千元）。","1","true","","","","","","","","",""
"6557011800","衛生福利資訊業務","986,519","01","衛福行政資訊服務","2000","業務費","2027","保險費","用途別二級","9","1.辦理衛福行政資訊等所需行政費用，計列715千元（教育訓練費6千元、通訊費300千元、保險費9千元、按日按件計資酬金357千元、一般事務費10千元、國內旅費28千元、短程車資5千元）。","0","true","","","","","","","","",""
"6557011800","衛生福利資訊業務","986,519","01","衛福行政資訊服務","2000","業務費","2036","按日按件計資酬金","用途別二級","357","1.辦理衛福行政資訊等所需行政費用，計列715千元（教育訓練費6千元、通訊費300千元、保險費9千元、按日按件計資酬金357千元、一般事務費10千元、國內旅費28千元、短程車資5千元）。","0","true","","","","","","","","",""
"6557011800","衛生福利資訊業務","986,519","01","衛福行政資訊服務","2000","業務費","2054","一般事務費","用途別二級","10","1.辦理衛福行政資訊等所需行政費用，計列715千元（教育訓練費6千元、通訊費300千元、保險費9千元、按日按件計資酬金357千元、一般事務費10千元、國內旅費28千元、短程車資5千元）。","0","true","","","","","","","","",""
"6557011800","衛生福利資訊業務","986,519","01","衛福行政資訊服務","2000","業務費","2072","國內旅費","用途別二級","28","1.辦理衛福行政資訊等所需行政費用，計列715千元（教育訓練費6千元、通訊費300千元、保險費9千元、按日按件計資酬金357千元、一般事務費10千元、國內旅費28千元、短程車資5千元）。","0","true","","","","","","","","",""
"6557011800","衛生福利資訊業務","986,519","01","衛福行政資訊服務","2000","業務費","2084","短程車資","用途別二級","5","1.辦理衛福行政資訊等所需行政費用，計列715千元（教育訓練費6千元、通訊費300千元、保險費9千元、按日按件計資酬金357千元、一般事務費10千元、國內旅費28千元、短程車資5千元）。","0","true","","","","","","","","",""
"6557011800","衛生福利資訊業務","986,519","01","衛福行政資訊服務","3000","設備及投資","","","用途別一級","2562","2.維護及增修中英文網站、公文、人民申請案線上申辦、衛生機關公文電子交換、員工入口網及電子表單、衛生福利法規檢索、人事差勤、會議資料管理等行政資訊系統，計列15,078千元（含資本門2,562千元）（資訊服務費12,516千元、資訊軟硬體設備費2,562千元）。","1","true","","","","","","","","",""
"6557011800","衛生福利資訊業務","986,519","01","衛福行政資訊服務","3000","設備及投資","3030","資訊軟硬體設備費","用途別二級","2562","2.維護及增修中英文網站、公文、人民申請案線上申辦、衛生機關公文電子交換、員工入口網及電子表單、衛生福利法規檢索、人事差勤、會議資料管理等行政資訊系統，計列15,078千元（含資本門2,562千元）（資訊服務費12,516千元、資訊軟硬體設備費2,562千元）。","1","true","","","","","","","","",""
"6557011800","衛生福利資訊業務","986,519","02","基礎建設及網路服務","","","","","分支計畫","50343","","","","","","","","","","","",""
"6557011800","衛生福利資訊業務","986,519","02","基礎建設及網路服務","2000","業務費","","","用途別一級","45456","","","","","","","","","","","",""
"6557011800","衛生福利資訊業務","986,519","02","基礎建設及網路服務","2000","業務費","2003","教育訓練費","用途別二級","3","1.辦理資訊服務業務、醫療資訊網數據專線通訊、電腦機房操作業務、虛擬化主機更新及軟體購置、醫療資訊網服務中心維運管理、防毒作業、醫療資訊網資訊技術輔導與諮詢、伺服器、網路設備、工作站、個人電腦、印表機維護及各項周邊零件汰換等；個人用套裝軟體採購及資訊技術支援服務等，計列40,148千元（含資本門3,303千元）（教育訓練費3千元、通訊費15,935千元、資訊服務費19,918千元、按日按件計資酬金110千元、物品860千元、一般事務費6千元、國內旅費13千元、資訊軟硬體設備費3,303千元）。","0","true","","true","","","","","","",""
"6557011800","衛生福利資訊業務","986,519","02","基礎建設及網路服務","2000","業務費","2009","通訊費","用途別二級","15935","1.辦理資訊服務業務、醫療資訊網數據專線通訊、電腦機房操作業務、虛擬化主機更新及軟體購置、醫療資訊網服務中心維運管理、防毒作業、醫療資訊網資訊技術輔導與諮詢、伺服器、網路設備、工作站、個人電腦、印表機維護及各項周邊零件汰換等；個人用套裝軟體採購及資訊技術支援服務等，計列40,148千元（含資本門3,303千元）（教育訓練費3千元、通訊費15,935千元、資訊服務費19,918千元、按日按件計資酬金110千元、物品860千元、一般事務費6千元、國內旅費13千元、資訊軟硬體設備費3,303千元）。","0","true","","","","","","","","",""
"6557011800","衛生福利資訊業務","986,519","02","基礎建設及網路服務","2000","業務費","2018","資訊服務費","用途別二級","28197","","","","","","","","","","","",""
"6557011800","衛生福利資訊業務","986,519","02","基礎建設及網路服務","2000","業務費","2021","其他業務租金","用途別二級","3","2.辦理資通安全系統服務、ISO27001資訊安全管理制度認證輔導服務、個資法相關措施推行及租用異地備援保管箱等，計列7,874千元（資訊服務費7,654千元、其他業務租金3千元、一般事務費217千元）（資通安全經費）。","1","","","true","","","","","","",""
"6557011800","衛生福利資訊業務","986,519","02","基礎建設及網路服務","2000","業務費","2036","按日按件計資酬金","用途別二級","110","1.辦理資訊服務業務、醫療資訊網數據專線通訊、電腦機房操作業務、虛擬化主機更新及軟體購置、醫療資訊網服務中心維運管理、防毒作業、醫療資訊網資訊技術輔導與諮詢、伺服器、網路設備、工作站、個人電腦、印表機維護及各項周邊零件汰換等；個人用套裝軟體採購及資訊技術支援服務等，計列40,148千元（含資本門3,303千元）（教育訓練費3千元、通訊費15,935千元、資訊服務費19,918千元、按日按件計資酬金110千元、物品860千元、一般事務費6千元、國內旅費13千元、資訊軟硬體設備費3,303千元）。","0","true","","","","","","","","",""
"6557011800","衛生福利資訊業務","986,519","02","基礎建設及網路服務","2000","業務費","2051","物品","用途別二級","860","1.辦理資訊服務業務、醫療資訊網數據專線通訊、電腦機房操作業務、虛擬化主機更新及軟體購置、醫療資訊網服務中心維運管理、防毒作業、醫療資訊網資訊技術輔導與諮詢、伺服器、網路設備、工作站、個人電腦、印表機維護及各項周邊零件汰換等；個人用套裝軟體採購及資訊技術支援服務等，計列40,148千元（含資本門3,303千元）（教育訓練費3千元、通訊費15,935千元、資訊服務費19,918千元、按日按件計資酬金110千元、物品860千元、一般事務費6千元、國內旅費13千元、資訊軟硬體設備費3,303千元）。","0","true","","","","","","","","",""
"6557011800","衛生福利資訊業務","986,519","02","基礎建設及網路服務","2000","業務費","2054","一般事務費","用途別二級","223","3.維護及增修資訊系統報修網站、軟體管理系統及戶役政資料介接系統，計列1,001千元（含資本門376千元）（資訊服務費625千元、資訊軟硬體設備費376千元）。","2","","","","true","","","false","","",""
"6557011800","衛生福利資訊業務","986,519","02","基礎建設及網路服務","2000","業務費","2066","器具養護費","用途別二級","28","4.維護影印機、傳真機等辦公器具，計列28千元（車輛及辦公器具養護費）。","3","","","true","","","","","","",""
"6557011800","衛生福利資訊業務","986,519","02","基礎建設及網路服務","2000","業務費","2069","設施及機械設備養護費","用途別二級","84","5.維護及購置衛福大樓電腦機房機電設備（含機櫃設施、消防、高壓、低壓電力、不斷電系統＜UPS＞及空調等），計列431千元（含資本門347千元）（設施及機械設備養護費84千元、機械設備費347千元）。","4","true","","","","","","","","",""
"6557011800","衛生福利資訊業務","986,519","02","基礎建設及網路服務","2000","業務費","2072","國內旅費","用途別二級","13","1.辦理資訊服務業務、醫療資訊網數據專線通訊、電腦機房操作業務、虛擬化主機更新及軟體購置、醫療資訊網服務中心維運管理、防毒作業、醫療資訊網資訊技術輔導與諮詢、伺服器、網路設備、工作站、個人電腦、印表機維護及各項周邊零件汰換等；個人用套裝軟體採購及資訊技術支援服務等，計列40,148千元（含資本門3,303千元）（教育訓練費3千元、通訊費15,935千元、資訊服務費19,918千元、按日按件計資酬金110千元、物品860千元、一般事務費6千元、國內旅費13千元、資訊軟硬體設備費3,303千元）。","0","true","","","","","","","","",""
"6557011800","衛生福利資訊業務","986,519","02","基礎建設及網路服務","3000","設備及投資","","","用途別一級","4887","","","","","","","","","","","",""
"6557011800","衛生福利資訊業務","986,519","02","基礎建設及網路服務","3000","設備及投資","3020","機械設備費","用途別二級","347","5.維護及購置衛福大樓電腦機房機電設備（含機櫃設施、消防、高壓、低壓電力、不斷電系統＜UPS＞及空調等），計列431千元（含資本門347千元）（設施及機械設備養護費84千元、機械設備費347千元）。","4","true","","","","","","","","",""
"6557011800","衛生福利資訊業務","986,519","02","基礎建設及網路服務","3000","設備及投資","3030","資訊軟硬體設備費","用途別二級","3882","","","","","","","","","","","",""
"6557011800","衛生福利資訊業務","986,519","02","基礎建設及網路服務","3000","設備及投資","3035","雜項設備費","用途別二級","658","6.購置網際網路通訊協定升級相關設備，計列861千元（資本門）（資訊軟硬體設備費203千元、雜項設備費658千元）。","5","","","true","","","","","","",""
"6557011800","衛生福利資訊業務","986,519","03","公衛、醫療及社政資訊服務","","","","","分支計畫","8801","","","","","","","","","","","",""
"6557011800","衛生福利資訊業務","986,519","03","公衛、醫療及社政資訊服務","2000","業務費","","","用途別一級","6364","","","","","","","","","","","",""
"6557011800","衛生福利資訊業務","986,519","03","公衛、醫療及社政資訊服務","2000","業務費","2003","教育訓練費","用途別二級","8","1.辦理資訊服務及系統建置業務等，計列114千元（教育訓練費8千元、按日按件計資酬金75千元、一般事務費9千元、國內旅費22千元）。","0","true","","true","","","","","","",""
"6557011800","衛生福利資訊業務","986,519","03","公衛、醫療及社政資訊服務","2000","業務費","2018","資訊服務費","用途別二級","3864","2.維護及增修醫事憑證管理中心系統營運、主備援機房管理、時戳服務、資訊安全及教育訓練等，計列6,301千元（含資本門2,437千元）（資訊服務費3,864千元、資訊軟硬體設備費2,437千元）。","1","true","","","","","","","","",""
"6557011800","衛生福利資訊業務","986,519","03","公衛、醫療及社政資訊服務","2000","業務費","2036","按日按件計資酬金","用途別二級","75","1.辦理資訊服務及系統建置業務等，計列114千元（教育訓練費8千元、按日按件計資酬金75千元、一般事務費9千元、國內旅費22千元）。","0","true","","","","","","","","",""
"6557011800","衛生福利資訊業務","986,519","03","公衛、醫療及社政資訊服務","2000","業務費","2045","國內組織會費","用途別二級","8","3.衛生醫療資訊相關學會之常年會費，計列8千元（國內組織會費）。","2","","","true","","","","","","",""
"6557011800","衛生福利資訊業務","986,519","03","公衛、醫療及社政資訊服務","","","","","未歸戶說明","","4.辦理醫事憑證管理中心憑證IC空白卡採購，計列1,718千元（一般事務費）。","","","","","","true","","","","",""
"6557011800","衛生福利資訊業務","986,519","03","公衛、醫療及社政資訊服務","2000","業務費","2054","一般事務費","用途別二級","1727","","","","","","","","","","","",""
"6557011800","衛生福利資訊業務","986,519","03","公衛、醫療及社政資訊服務","2000","業務費","2072","國內旅費","用途別二級","22","1.辦理資訊服務及系統建置業務等，計列114千元（教育訓練費8千元、按日按件計資酬金75千元、一般事務費9千元、國內旅費22千元）。","0","true","","","","","","","","",""
"6557011800","衛生福利資訊業務","986,519","03","公衛、醫療及社政資訊服務","2000","業務費","2075","大陸地區旅費","用途別二級","65","5.參加推動臺灣參與APEC衛生相關會議，計列65千元（大陸地區旅費）。","4","","","true","","","","","","",""
"6557011800","衛生福利資訊業務","986,519","03","公衛、醫療及社政資訊服務","2000","業務費","2078","國外旅費","用途別二級","595","6.參加2026醫療資訊與管理系統協會（HIMSS）年會，計列463千元；參加SNOMED－CT年會，計列132千元，合共595千元（國外旅費）。","5","","","true","","","","","","",""
"6557011800","衛生福利資訊業務","986,519","03","公衛、醫療及社政資訊服務","3000","設備及投資","","","用途別一級","2437","2.維護及增修醫事憑證管理中心系統營運、主備援機房管理、時戳服務、資訊安全及教育訓練等，計列6,301千元（含資本門2,437千元）（資訊服務費3,864千元、資訊軟硬體設備費2,437千元）。","1","true","","","","","","","","",""
"6557011800","衛生福利資訊業務","986,519","03","公衛、醫療及社政資訊服務","3000","設備及投資","3030","資訊軟硬體設備費","用途別二級","2437","2.維護及增修醫事憑證管理中心系統營運、主備援機房管理、時戳服務、資訊安全及教育訓練等，計列6,301千元（含資本門2,437千元）（資訊服務費3,864千元、資訊軟硬體設備費2,437千元）。","1","true","","","","","","","","",""
"6557011800","衛生福利資訊業務","986,519","04","智能醫療及資訊整合應用計畫","","","","","分支計畫","10022","","","","","","","","","","","",""
"6557011800","衛生福利資訊業務","986,519","04","智能醫療及資訊整合應用計畫","2000","業務費","","","用途別一級","10022","","","","","","","","","","","",""
"6557011800","衛生福利資訊業務","986,519","04","智能醫療及資訊整合應用計畫","2000","業務費","2009","通訊費","用途別二級","20","1.辦理推動智能醫療計畫系統支援及技術服務等所需行政費用，計列5,324千元（通訊費20千元、資訊服務費4,933千元、保險費20千元、按日按件計資酬金180千元、一般事務費147千元、國內旅費24千元）。","0","true","","true","","","","","","",""
"6557011800","衛生福利資訊業務","986,519","04","智能醫療及資訊整合應用計畫","2000","業務費","2018","資訊服務費","用途別二級","4933","1.辦理推動智能醫療計畫系統支援及技術服務等所需行政費用，計列5,324千元（通訊費20千元、資訊服務費4,933千元、保險費20千元、按日按件計資酬金180千元、一般事務費147千元、國內旅費24千元）。","0","true","","","","","","","","",""
"6557011800","衛生福利資訊業務","986,519","04","智能醫療及資訊整合應用計畫","2000","業務費","2027","保險費","用途別二級","20","1.辦理推動智能醫療計畫系統支援及技術服務等所需行政費用，計列5,324千元（通訊費20千元、資訊服務費4,933千元、保險費20千元、按日按件計資酬金180千元、一般事務費147千元、國內旅費24千元）。","0","true","","true","","","","","","",""
"6557011800","衛生福利資訊業務","986,519","04","智能醫療及資訊整合應用計畫","2000","業務費","2036","按日按件計資酬金","用途別二級","180","1.辦理推動智能醫療計畫系統支援及技術服務等所需行政費用，計列5,324千元（通訊費20千元、資訊服務費4,933千元、保險費20千元、按日按件計資酬金180千元、一般事務費147千元、國內旅費24千元）。","0","true","","","","","","","","",""
"6557011800","衛生福利資訊業務","986,519","04","智能醫療及資訊整合應用計畫","2000","業務費","2039","委辦費","用途別二級","4698","2.辦理建立醫療機構內資訊整合機制及擴展醫療智能服務產業應用，計列4,698千元（委辦費）。","1","","","true","","","","","","",""
"6557011800","衛生福利資訊業務","986,519","04","智能醫療及資訊整合應用計畫","2000","業務費","2054","一般事務費","用途別二級","147","1.辦理推動智能醫療計畫系統支援及技術服務等所需行政費用，計列5,324千元（通訊費20千元、資訊服務費4,933千元、保險費20千元、按日按件計資酬金180千元、一般事務費147千元、國內旅費24千元）。","0","true","","","","","","","","",""
"6557011800","衛生福利資訊業務","986,519","04","智能醫療及資訊整合應用計畫","2000","業務費","2072","國內旅費","用途別二級","24","1.辦理推動智能醫療計畫系統支援及技術服務等所需行政費用，計列5,324千元（通訊費20千元、資訊服務費4,933千元、保險費20千元、按日按件計資酬金180千元、一般事務費147千元、國內旅費24千元）。","0","true","","","","","","","","",""
"6557011800","衛生福利資訊業務","986,519","05","機關資料傳輸韌性強化暨發放共用基礎平臺建置計畫－衛生","","","","","分支計畫","1000","","","","","","","","","","","",""
"6557011800","衛生福利資訊業務","986,519","05","機關資料傳輸韌性強化暨發放共用基礎平臺建置計畫－衛生","2000","業務費","","","用途別一級","330","「機關資料傳輸韌性強化暨發放共用基礎平臺建置計畫–衛生福利部」奉行政院112年12月12日院臺科字第1125025470號函核定，總經費20,000千元，執行期間為113至116年，113至114年度已編列5,807千元，本年度續編第3年經費1,000千元，係維護及增修本部政府資料傳輸平臺系統，計列1,000千元（含資本門670千元）（資訊服務費330千元、資訊軟硬體設備費670千元）。","0","true","","","","","","","","",""
"6557011800","衛生福利資訊業務","986,519","05","機關資料傳輸韌性強化暨發放共用基礎平臺建置計畫－衛生","2000","業務費","2018","資訊服務費","用途別二級","330","「機關資料傳輸韌性強化暨發放共用基礎平臺建置計畫–衛生福利部」奉行政院112年12月12日院臺科字第1125025470號函核定，總經費20,000千元，執行期間為113至116年，113至114年度已編列5,807千元，本年度續編第3年經費1,000千元，係維護及增修本部政府資料傳輸平臺系統，計列1,000千元（含資本門670千元）（資訊服務費330千元、資訊軟硬體設備費670千元）。","0","true","","","","","","","","",""
"6557011800","衛生福利資訊業務","986,519","05","機關資料傳輸韌性強化暨發放共用基礎平臺建置計畫－衛生","3000","設備及投資","","","用途別一級","670","「機關資料傳輸韌性強化暨發放共用基礎平臺建置計畫–衛生福利部」奉行政院112年12月12日院臺科字第1125025470號函核定，總經費20,000千元，執行期間為113至116年，113至114年度已編列5,807千元，本年度續編第3年經費1,000千元，係維護及增修本部政府資料傳輸平臺系統，計列1,000千元（含資本門670千元）（資訊服務費330千元、資訊軟硬體設備費670千元）。","0","true","","","","","","","","",""
"6557011800","衛生福利資訊業務","986,519","05","機關資料傳輸韌性強化暨發放共用基礎平臺建置計畫－衛生","3000","設備及投資","3030","資訊軟硬體設備費","用途別二級","670","「機關資料傳輸韌性強化暨發放共用基礎平臺建置計畫–衛生福利部」奉行政院112年12月12日院臺科字第1125025470號函核定，總經費20,000千元，執行期間為113至116年，113至114年度已編列5,807千元，本年度續編第3年經費1,000千元，係維護及增修本部政府資料傳輸平臺系統，計列1,000千元（含資本門670千元）（資訊服務費330千元、資訊軟硬體設備費670千元）。","0","true","","","","","","","","",""
"6557011800","衛生福利資訊業務","986,519","06","健康台灣深耕計畫","","","","","分支計畫","45000","","","","","","","","","","","",""
"6557011800","衛生福利資訊業務","986,519","06","健康台灣深耕計畫","2000","業務費","","","用途別一級","40000","","","","","","","","","","","",""
"6557011800","衛生福利資訊業務","986,519","06","健康台灣深耕計畫","2000","業務費","2009","通訊費","用途別二級","3210","1.辦理健康台灣深耕計畫所需行政費用，計列4,570千元（通訊費3,210千元、按日按件計資酬金540千元、物品270千元、一般事務費230千元、國內旅費320千元）。","1","true","","","","","","","","",""
"6557011800","衛生福利資訊業務","986,519","06","健康台灣深耕計畫","2000","業務費","2018","資訊服務費","用途別二級","35430","2.維護及增修資訊系統模組及軟體管理系統，計列40,430千元（含資本門5,000千元）（資訊服務費35,430千元、資訊軟硬體設備費5,000千元）。","2","true","","","","","","","","",""
"6557011800","衛生福利資訊業務","986,519","06","健康台灣深耕計畫","2000","業務費","2036","按日按件計資酬金","用途別二級","540","1.辦理健康台灣深耕計畫所需行政費用，計列4,570千元（通訊費3,210千元、按日按件計資酬金540千元、物品270千元、一般事務費230千元、國內旅費320千元）。","1","true","","","","","","","","",""
"6557011800","衛生福利資訊業務","986,519","06","健康台灣深耕計畫","2000","業務費","2051","物品","用途別二級","270","1.辦理健康台灣深耕計畫所需行政費用，計列4,570千元（通訊費3,210千元、按日按件計資酬金540千元、物品270千元、一般事務費230千元、國內旅費320千元）。","1","true","","","","","","","","",""
"6557011800","衛生福利資訊業務","986,519","06","健康台灣深耕計畫","2000","業務費","2054","一般事務費","用途別二級","230","1.辦理健康台灣深耕計畫所需行政費用，計列4,570千元（通訊費3,210千元、按日按件計資酬金540千元、物品270千元、一般事務費230千元、國內旅費320千元）。","1","true","","","","","","","","",""
"6557011800","衛生福利資訊業務","986,519","06","健康台灣深耕計畫","2000","業務費","2072","國內旅費","用途別二級","320","1.辦理健康台灣深耕計畫所需行政費用，計列4,570千元（通訊費3,210千元、按日按件計資酬金540千元、物品270千元、一般事務費230千元、國內旅費320千元）。","1","true","","","","","","","","",""
"6557011800","衛生福利資訊業務","986,519","06","健康台灣深耕計畫","3000","設備及投資","","","用途別一級","5000","2.維護及增修資訊系統模組及軟體管理系統，計列40,430千元（含資本門5,000千元）（資訊服務費35,430千元、資訊軟硬體設備費5,000千元）。","2","true","","","","","","","","",""
"6557011800","衛生福利資訊業務","986,519","06","健康台灣深耕計畫","3000","設備及投資","3030","資訊軟硬體設備費","用途別二級","5000","2.維護及增修資訊系統模組及軟體管理系統，計列40,430千元（含資本門5,000千元）（資訊服務費35,430千元、資訊軟硬體設備費5,000千元）。","2","true","","","","","","","","",""
"6557011800","衛生福利資訊業務","986,519","07","衛福數位基礎建設","","","","","分支計畫","775560","","","","","","","","","","","",""
"6557011800","衛生福利資訊業務","986,519","07","衛福數位基礎建設","2000","業務費","","","用途別一級","258520","","","","","","","","","","","",""
"6557011800","衛生福利資訊業務","986,519","07","衛福數位基礎建設","2000","業務費","2003","教育訓練費","用途別二級","542","1.辦理衛福數位基礎建設所需行政費用，計列9,591千元（教育訓練費542千元、按日按件計資酬金3,089千元、物品1,806千元、一般事務費2,709千元、國內旅費1,445千元）。","0","true","","","","","","","","",""
"6557011800","衛生福利資訊業務","986,519","07","衛福數位基礎建設","2000","業務費","2009","通訊費","用途別二級","1084","2.辦理資訊資源整合，維運及建置共同資源管理中心與共同教育中心，計列229,059千元（通訊費1,084千元、委辦費227,975千元）。","1","true","","","","","","","","",""
"6557011800","衛生福利資訊業務","986,519","07","衛福數位基礎建設","2000","業務費","2018","資訊服務費","用途別二級","19870","3.建置衛福數位基礎建設系統，進行本部業務集中管理設備更新與增購，辦理系統雲端化之管理與租賃雲端服務及資安服務，計列123,279千元（含資本門103,409千元）（資訊服務費19,870千元、資訊軟硬體設備費103,409千元）。","2","","","true","","","","","","",""
"6557011800","衛生福利資訊業務","986,519","07","衛福數位基礎建設","","","","","未歸戶說明","","4.增修資訊系統模組、軟體管理系統及資料介接系統，計列413,631千元（資本門）（資訊軟硬體設備費）。","","","","","","true","","","","",""
"6557011800","衛生福利資訊業務","986,519","07","衛福數位基礎建設","2000","業務費","2036","按日按件計資酬金","用途別二級","3089","1.辦理衛福數位基礎建設所需行政費用，計列9,591千元（教育訓練費542千元、按日按件計資酬金3,089千元、物品1,806千元、一般事務費2,709千元、國內旅費1,445千元）。","0","true","","","","","","","","",""
"6557011800","衛生福利資訊業務","986,519","07","衛福數位基礎建設","2000","業務費","2039","委辦費","用途別二級","227975","2.辦理資訊資源整合，維運及建置共同資源管理中心與共同教育中心，計列229,059千元（通訊費1,084千元、委辦費227,975千元）。","1","true","","","","","","","","",""
"6557011800","衛生福利資訊業務","986,519","07","衛福數位基礎建設","2000","業務費","2051","物品","用途別二級","1806","1.辦理衛福數位基礎建設所需行政費用，計列9,591千元（教育訓練費542千元、按日按件計資酬金3,089千元、物品1,806千元、一般事務費2,709千元、國內旅費1,445千元）。","0","true","","","","","","","","",""
"6557011800","衛生福利資訊業務","986,519","07","衛福數位基礎建設","2000","業務費","2054","一般事務費","用途別二級","2709","1.辦理衛福數位基礎建設所需行政費用，計列9,591千元（教育訓練費542千元、按日按件計資酬金3,089千元、物品1,806千元、一般事務費2,709千元、國內旅費1,445千元）。","0","true","","","","","","","","",""
"6557011800","衛生福利資訊業務","986,519","07","衛福數位基礎建設","2000","業務費","2072","國內旅費","用途別二級","1445","1.辦理衛福數位基礎建設所需行政費用，計列9,591千元（教育訓練費542千元、按日按件計資酬金3,089千元、物品1,806千元、一般事務費2,709千元、國內旅費1,445千元）。","0","true","","","","","","","","",""
"6557011800","衛生福利資訊業務","986,519","07","衛福數位基礎建設","3000","設備及投資","","","用途別一級","517040","","","","","","","","","","","",""
"6557011800","衛生福利資訊業務","986,519","07","衛福數位基礎建設","3000","設備及投資","3030","資訊軟硬體設備費","用途別二級","517040","","","","","","","","","","","",""
"6557011800","衛生福利資訊業務","986,519","08","無人機載具產業發展統籌","","","","","分支計畫","80000","","","","","","","","","","","",""
"6557011800","衛生福利資訊業務","986,519","08","無人機載具產業發展統籌","2000","業務費","","","用途別一級","20000","","","","","","","","","","","",""
"6557011800","衛生福利資訊業務","986,519","08","無人機載具產業發展統籌","2000","業務費","2018","資訊服務費","用途別二級","4700","1.辦理無人機載具產業發展統籌之無人機任務管理平臺所需行政費用，計列5,000千元（資訊服務費4,700千元、按日按件計資酬金200千元、國內旅費100千元）。","0","true","","","","","","","","",""
"6557011800","衛生福利資訊業務","986,519","08","無人機載具產業發展統籌","2000","業務費","2036","按日按件計資酬金","用途別二級","200","1.辦理無人機載具產業發展統籌之無人機任務管理平臺所需行政費用，計列5,000千元（資訊服務費4,700千元、按日按件計資酬金200千元、國內旅費100千元）。","0","true","","","","","","","","",""
"6557011800","衛生福利資訊業務","986,519","08","無人機載具產業發展統籌","2000","業務費","2039","委辦費","用途別二級","15000","2.辦理無人機載具產業發展統籌之醫療運補應用場域實作計畫，計列75,000千元（含資本門60,000千元）（委辦費15,000千元、資訊軟硬體設備費60,000千元）。","1","true","","","","","","","","",""
"6557011800","衛生福利資訊業務","986,519","08","無人機載具產業發展統籌","2000","業務費","2072","國內旅費","用途別二級","100","1.辦理無人機載具產業發展統籌之無人機任務管理平臺所需行政費用，計列5,000千元（資訊服務費4,700千元、按日按件計資酬金200千元、國內旅費100千元）。","0","true","","","","","","","","",""
"6557011800","衛生福利資訊業務","986,519","08","無人機載具產業發展統籌","3000","設備及投資","","","用途別一級","60000","2.辦理無人機載具產業發展統籌之醫療運補應用場域實作計畫，計列75,000千元（含資本門60,000千元）（委辦費15,000千元、資訊軟硬體設備費60,000千元）。","1","true","","","","","","","","",""
"6557011800","衛生福利資訊業務","986,519","08","無人機載具產業發展統籌","3000","設備及投資","3030","資訊軟硬體設備費","用途別二級","60000","2.辦理無人機載具產業發展統籌之醫療運補應用場域實作計畫，計列75,000千元（含資本門60,000千元）（委辦費15,000千元、資訊軟硬體設備費60,000千元）。","1","true","","","","","","","","",""
"6557011900","醫院營運業務","4,134,700","01","醫院營運輔導","","","","","分支計畫","4080134","","","","","","","","","","","",""
"6557011900","醫院營運業務","4,134,700","01","醫院營運輔導","2000","業務費","","","用途別一級","8939","","","","","","","","","","","",""
"6557011900","醫院營運業務","4,134,700","01","醫院營運輔導","2000","業務費","2003","教育訓練費","用途別二級","261","","","","","","","","","","","",""
"6557011900","醫院營運業務","4,134,700","01","醫院營運輔導","2000","業務費","2006","水電費","用途別二級","80","2.推動資訊業務等所需費用，計列4,496千元（含資本門1,098千元）（教育訓練費30千元、水電費80千元、通訊費840千元、資訊服務費1,571千元、其他業務租金74千元、保險費5千元、按日按件計資酬金358千元、物品35千元、一般事務費46千元、設施及機械設備養護費58千元、國內旅費300千元、短程車資1千元、資訊軟硬體設備費1,098千元）。","1","true","","","","","","","","",""
"6557011900","醫院營運業務","4,134,700","01","醫院營運輔導","2000","業務費","2009","通訊費","用途別二級","947","","","","","","","","","","","",""
"6557011900","醫院營運業務","4,134,700","01","醫院營運輔導","2000","業務費","2018","資訊服務費","用途別二級","1571","2.推動資訊業務等所需費用，計列4,496千元（含資本門1,098千元）（教育訓練費30千元、水電費80千元、通訊費840千元、資訊服務費1,571千元、其他業務租金74千元、保險費5千元、按日按件計資酬金358千元、物品35千元、一般事務費46千元、設施及機械設備養護費58千元、國內旅費300千元、短程車資1千元、資訊軟硬體設備費1,098千元）。","1","true","","","","","","","","",""
"6557011900","醫院營運業務","4,134,700","01","醫院營運輔導","2000","業務費","2021","其他業務租金","用途別二級","380","","","","","","","","","","","",""
"6557011900","醫院營運業務","4,134,700","01","醫院營運輔導","2000","業務費","2027","保險費","用途別二級","33","","","","","","","","","","","",""
"6557011900","醫院營運業務","4,134,700","01","醫院營運輔導","2000","業務費","2036","按日按件計資酬金","用途別二級","2107","","","","","","","","","","","",""
"6557011900","醫院營運業務","4,134,700","01","醫院營運輔導","2000","業務費","2051","物品","用途別二級","240","","","","","","","","","","","",""
"6557011900","醫院營運業務","4,134,700","01","醫院營運輔導","2000","業務費","2054","一般事務費","用途別二級","1376","","","","","","","","","","","",""
"6557011900","醫院營運業務","4,134,700","01","醫院營運輔導","2000","業務費","2066","器具養護費","用途別二級","5","1.輔導所屬醫院建立病患安全就醫作業環境，多元經營，培訓管理人才暨專業能力，藥事作業管理及社區醫療保健、衛生教育及營運成效業務等，計列5,541千元（教育訓練費231千元、通訊費107千元、其他業務租金306千元、保險費28千元、按日按件計資酬金1,749千元、物品205千元、一般事務費1,330千元、車輛及辦公器具養護費5千元、國內旅費1,575千元、短程車資5千元）。","0","","","true","","","","","","",""
"6557011900","醫院營運業務","4,134,700","01","醫院營運輔導","2000","業務費","2069","設施及機械設備養護費","用途別二級","58","2.推動資訊業務等所需費用，計列4,496千元（含資本門1,098千元）（教育訓練費30千元、水電費80千元、通訊費840千元、資訊服務費1,571千元、其他業務租金74千元、保險費5千元、按日按件計資酬金358千元、物品35千元、一般事務費46千元、設施及機械設備養護費58千元、國內旅費300千元、短程車資1千元、資訊軟硬體設備費1,098千元）。","1","true","","","","","","","","",""
"6557011900","醫院營運業務","4,134,700","01","醫院營運輔導","2000","業務費","2072","國內旅費","用途別二級","1875","","","","","","","","","","","",""
"6557011900","醫院營運業務","4,134,700","01","醫院營運輔導","2000","業務費","2084","短程車資","用途別二級","6","","","","","","","","","","","",""
"6557011900","醫院營運業務","4,134,700","01","醫院營運輔導","3000","設備及投資","","","用途別一級","1098","2.推動資訊業務等所需費用，計列4,496千元（含資本門1,098千元）（教育訓練費30千元、水電費80千元、通訊費840千元、資訊服務費1,571千元、其他業務租金74千元、保險費5千元、按日按件計資酬金358千元、物品35千元、一般事務費46千元、設施及機械設備養護費58千元、國內旅費300千元、短程車資1千元、資訊軟硬體設備費1,098千元）。","1","true","","","","","","","","",""
"6557011900","醫院營運業務","4,134,700","01","醫院營運輔導","3000","設備及投資","3030","資訊軟硬體設備費","用途別二級","1098","2.推動資訊業務等所需費用，計列4,496千元（含資本門1,098千元）（教育訓練費30千元、水電費80千元、通訊費840千元、資訊服務費1,571千元、其他業務租金74千元、保險費5千元、按日按件計資酬金358千元、物品35千元、一般事務費46千元、設施及機械設備養護費58千元、國內旅費300千元、短程車資1千元、資訊軟硬體設備費1,098千元）。","1","true","","","","","","","","",""
"6557011900","醫院營運業務","4,134,700","01","醫院營運輔導","4000","獎補助費","","","用途別一級","4070097","","","","","","","","","","","",""
"6557011900","醫院營運業務","4,134,700","01","醫院營運輔導","4000","獎補助費","4030","對特種基金之補助","用途別二級","3865945","3.補助所屬樂生療養院辦理漢生病巡迴檢診及防治管理業務，計列444千元（對特種基金之補助）。4.補助所屬胸腔病院辦理結核及胸腔病防治業務等，計列444千元（對特種基金之補助）。5.補助所屬醫院營運所需人事費，計列2,652,170千元（對特種基金之補助）。6.補助所屬醫院原由銓敘部統籌科目支出之早期退休公務人員照護金、公務人員殮葬補助、公務人員舊制年資退休撫卹金、優惠存款利息差額，及依公務人員退休資遣撫卹法與其施行細則規定，所屬醫院因年金改革節省退撫給付挹注公務人員退休撫卹基金經費等，計列1,212,887千元（對特種基金之補助）。","2","","","","","","true","","","",""
"6557011900","醫院營運業務","4,134,700","01","醫院營運輔導","4000","獎補助費","4070","公費就養及醫療補助","用途別二級","204152","7.所屬樂生療養院、草屯療養院、玉里醫院及新營醫院公費床病患養護經費，依漢生病每人每月19,828元，精神病每人每月14,530元及烏腳病每人每月12,700元編列，計列204,152千元（公費就養及醫療補助）。","6","","","true","","","","","","",""
"6557011900","醫院營運業務","4,134,700","02","精進所屬醫院醫療照護體系","","","","","分支計畫","19053","","","","","","","","","","","",""
"6557011900","醫院營運業務","4,134,700","02","精進所屬醫院醫療照護體系","3000","設備及投資","","","用途別一級","16361","1.發展智能醫院照護模式相關計畫，導入新資訊應用模組，提升相關智慧化服務，計列16,361千元（資本門）（資訊軟硬體設備費）。","0","true","","","","","","","","",""
"6557011900","醫院營運業務","4,134,700","02","精進所屬醫院醫療照護體系","3000","設備及投資","3030","資訊軟硬體設備費","用途別二級","16361","1.發展智能醫院照護模式相關計畫，導入新資訊應用模組，提升相關智慧化服務，計列16,361千元（資本門）（資訊軟硬體設備費）。","0","true","","true","","","","","","",""
"6557011900","醫院營運業務","4,134,700","02","精進所屬醫院醫療照護體系","4000","獎補助費","","","用途別一級","2692","2.補助偏遠地區醫院支援醫師費用，辦理本部所屬偏遠、離島地區醫院充實醫事人力，提供醫療相關服務等費用，計列2,692千元（對特種基金之補助）。","1","true","","","","","","","","",""
"6557011900","醫院營運業務","4,134,700","02","精進所屬醫院醫療照護體系","4000","獎補助費","4030","對特種基金之補助","用途別二級","2692","2.補助偏遠地區醫院支援醫師費用，辦理本部所屬偏遠、離島地區醫院充實醫事人力，提供醫療相關服務等費用，計列2,692千元（對特種基金之補助）。","1","true","","true","","","","","","",""
"6557011900","醫院營運業務","4,134,700","03","健康台灣深耕計畫","","","","","分支計畫","900","","","","","","","","","","","",""
"6557011900","醫院營運業務","4,134,700","03","健康台灣深耕計畫","2000","業務費","","","用途別一級","900","「健康台灣深耕計畫」奉行政院114年2月27日院臺衛字第1141002810號函核定，總經費48,934,819千元，執行期間為114至118年，114年度已編列5,893,009千元，本年度續編第2年經費6,000,000千元，本科目編列900千元，係推動部醫醫療永續推展業務（按日按件計資酬金120千元、物品15千元、一般事務費93千元、國內旅費672千元）。","0","true","","","","","","","","",""
"6557011900","醫院營運業務","4,134,700","03","健康台灣深耕計畫","2000","業務費","2036","按日按件計資酬金","用途別二級","120","「健康台灣深耕計畫」奉行政院114年2月27日院臺衛字第1141002810號函核定，總經費48,934,819千元，執行期間為114至118年，114年度已編列5,893,009千元，本年度續編第2年經費6,000,000千元，本科目編列900千元，係推動部醫醫療永續推展業務（按日按件計資酬金120千元、物品15千元、一般事務費93千元、國內旅費672千元）。","0","true","","","","","","","","",""
"6557011900","醫院營運業務","4,134,700","03","健康台灣深耕計畫","2000","業務費","2051","物品","用途別二級","15","「健康台灣深耕計畫」奉行政院114年2月27日院臺衛字第1141002810號函核定，總經費48,934,819千元，執行期間為114至118年，114年度已編列5,893,009千元，本年度續編第2年經費6,000,000千元，本科目編列900千元，係推動部醫醫療永續推展業務（按日按件計資酬金120千元、物品15千元、一般事務費93千元、國內旅費672千元）。","0","true","","","","","","","","",""
"6557011900","醫院營運業務","4,134,700","03","健康台灣深耕計畫","2000","業務費","2054","一般事務費","用途別二級","93","「健康台灣深耕計畫」奉行政院114年2月27日院臺衛字第1141002810號函核定，總經費48,934,819千元，執行期間為114至118年，114年度已編列5,893,009千元，本年度續編第2年經費6,000,000千元，本科目編列900千元，係推動部醫醫療永續推展業務（按日按件計資酬金120千元、物品15千元、一般事務費93千元、國內旅費672千元）。","0","true","","","","","","","","",""
"6557011900","醫院營運業務","4,134,700","03","健康台灣深耕計畫","2000","業務費","2072","國內旅費","用途別二級","672","「健康台灣深耕計畫」奉行政院114年2月27日院臺衛字第1141002810號函核定，總經費48,934,819千元，執行期間為114至118年，114年度已編列5,893,009千元，本年度續編第2年經費6,000,000千元，本科目編列900千元，係推動部醫醫療永續推展業務（按日按件計資酬金120千元、物品15千元、一般事務費93千元、國內旅費672千元）。","0","true","","","","","","","","",""
"6557011900","醫院營運業務","4,134,700","04","衛福數位基礎建設","","","","","分支計畫","34613","","","","","","","","","","","",""
"6557011900","醫院營運業務","4,134,700","04","衛福數位基礎建設","2000","業務費","","","用途別一級","11537","建立跨院整合資料庫與智慧醫療管理中心，統合本部所屬醫院數據資料，協助醫療研究與創新臨床新價值與新服務，計列34,613千元（含資本門23,076千元）（資訊服務費11,537千元、資訊軟硬體設備費23,076千元）。","0","true","","","","","","","","",""
"6557011900","醫院營運業務","4,134,700","04","衛福數位基礎建設","2000","業務費","2018","資訊服務費","用途別二級","11537","建立跨院整合資料庫與智慧醫療管理中心，統合本部所屬醫院數據資料，協助醫療研究與創新臨床新價值與新服務，計列34,613千元（含資本門23,076千元）（資訊服務費11,537千元、資訊軟硬體設備費23,076千元）。","0","true","","","","","","","","",""
"6557011900","醫院營運業務","4,134,700","04","衛福數位基礎建設","3000","設備及投資","","","用途別一級","23076","建立跨院整合資料庫與智慧醫療管理中心，統合本部所屬醫院數據資料，協助醫療研究與創新臨床新價值與新服務，計列34,613千元（含資本門23,076千元）（資訊服務費11,537千元、資訊軟硬體設備費23,076千元）。","0","true","","","","","","","","",""
"6557011900","醫院營運業務","4,134,700","04","衛福數位基礎建設","3000","設備及投資","3030","資訊軟硬體設備費","用途別二級","23076","建立跨院整合資料庫與智慧醫療管理中心，統合本部所屬醫院數據資料，協助醫療研究與創新臨床新價值與新服務，計列34,613千元（含資本門23,076千元）（資訊服務費11,537千元、資訊軟硬體設備費23,076千元）。","0","true","","","","","","","","",""
"6557018130","醫療藥品基金","592,227","01","衛生福利部朴子醫院東石院區興建計畫","","","","","分支計畫","14586","","","","","","","","","","","",""
"6557018130","醫療藥品基金","592,227","01","衛生福利部朴子醫院東石院區興建計畫","3000","設備及投資","","","用途別一級","14586","「衛生福利部朴子醫院東石院區興建計畫」奉行政院112年11月13日院臺衛字第1121041006號函核定，總經費99,920千元，公務預算負擔50,000千元，執行期間為112至115年，112至114年度已編列35,414千元，本年度續編最後1年經費14,586千元，係國庫增撥所屬朴子醫院辦理東石院區興建計畫經費（資本門）（投資）。","0","true","","","","","","","","",""
"6557018130","醫療藥品基金","592,227","01","衛生福利部朴子醫院東石院區興建計畫","3000","設備及投資","3045","投資","用途別二級","14586","「衛生福利部朴子醫院東石院區興建計畫」奉行政院112年11月13日院臺衛字第1121041006號函核定，總經費99,920千元，公務預算負擔50,000千元，執行期間為112至115年，112至114年度已編列35,414千元，本年度續編最後1年經費14,586千元，係國庫增撥所屬朴子醫院辦理東石院區興建計畫經費（資本門）（投資）。","0","true","","true","","","","","","",""
"6557018130","醫療藥品基金","592,227","02","衛生福利部花蓮醫院0403災後修復及結構補強工程","","","","","分支計畫","43620","","","","","","","","","","","",""
"6557018130","醫療藥品基金","592,227","02","衛生福利部花蓮醫院0403災後修復及結構補強工程","3000","設備及投資","","","用途別一級","43620","辦理花蓮醫院慈愛大樓與宿舍美人館結構補強及空調主機、冷卻水塔、管線更換等工程修繕，計列43,620千元（資本門）（投資）。","0","true","","","","","","","","",""
"6557018130","醫療藥品基金","592,227","02","衛生福利部花蓮醫院0403災後修復及結構補強工程","3000","設備及投資","3045","投資","用途別二級","43620","辦理花蓮醫院慈愛大樓與宿舍美人館結構補強及空調主機、冷卻水塔、管線更換等工程修繕，計列43,620千元（資本門）（投資）。","0","true","","true","","","","","","",""
"6557018130","醫療藥品基金","592,227","03","衛生福利部屏東醫院新醫療大樓興建計畫","","","","","分支計畫","500000","","","","","","","","","","","",""
"6557018130","醫療藥品基金","592,227","03","衛生福利部屏東醫院新醫療大樓興建計畫","3000","設備及投資","","","用途別一級","500000","「衛生福利部屏東醫院新醫療大樓興建計畫」奉行政院111年12月8日院臺衛字第1110036743號函核定，總經費3,560,000千元，公務預算負擔2,860,000千元，執行期間為111至117年，111至114年度已編列13,850千元，本年度續編第5年經費500,000千元，係國庫增撥所屬屏東醫院辦理新醫療大樓興建計畫經費（資本門）（投資）。","0","true","","","","","","","","",""
"6557018130","醫療藥品基金","592,227","03","衛生福利部屏東醫院新醫療大樓興建計畫","3000","設備及投資","3045","投資","用途別二級","500000","「衛生福利部屏東醫院新醫療大樓興建計畫」奉行政院111年12月8日院臺衛字第1110036743號函核定，總經費3,560,000千元，公務預算負擔2,860,000千元，執行期間為111至117年，111至114年度已編列13,850千元，本年度續編第5年經費500,000千元，係國庫增撥所屬屏東醫院辦理新醫療大樓興建計畫經費（資本門）（投資）。","0","true","","true","","","","","","",""
"6557018130","醫療藥品基金","592,227","04","衛生福利部桃園醫院第二醫療大樓新建工程計畫","","","","","分支計畫","34021","","","","","","","","","","","",""
"6557018130","醫療藥品基金","592,227","04","衛生福利部桃園醫院第二醫療大樓新建工程計畫","3000","設備及投資","","","用途別一級","34021","「衛生福利部桃園醫院第二醫療大樓新建工程計畫」奉行政院113年1月17日院臺衛字第1131000192號函核定，總經費8,596,720千元，公務預算負擔3,200,710千元，執行期間為113至120年，本年度編列34,021千元，係國庫增撥所屬桃園醫院辦理第二醫療大樓新建工程計畫經費（資本門）（投資）。","0","true","","","","","","","","",""
"6557018130","醫療藥品基金","592,227","04","衛生福利部桃園醫院第二醫療大樓新建工程計畫","3000","設備及投資","3045","投資","用途別二級","34021","「衛生福利部桃園醫院第二醫療大樓新建工程計畫」奉行政院113年1月17日院臺衛字第1131000192號函核定，總經費8,596,720千元，公務預算負擔3,200,710千元，執行期間為113至120年，本年度編列34,021千元，係國庫增撥所屬桃園醫院辦理第二醫療大樓新建工程計畫經費（資本門）（投資）。","0","true","","true","","","","","","",""
"6557019800","第一預備金","14,000","01","第一預備金","","","","","分支計畫","14000","","","","","","","","","","","",""
"6557019800","第一預備金","14,000","01","第一預備金","6000","預備金","","","用途別一級","14000","","","","","","","","","","","",""
"6557019800","第一預備金","14,000","01","第一預備金","6000","預備金","6005","第一預備金","用途別二級","14000","","","","","","","","","","","",""
"6271570100","一般性社會救助補助－衛生福利部","359,816","01","一般性社會救助補助－衛生福利部","","","","","分支計畫","359816","","","","","","","","","","","",""
"6271570100","一般性社會救助補助－衛生福利部","359,816","01","一般性社會救助補助－衛生福利部","4000","獎補助費","","","用途別一級","359816","1.辦理脫貧方案家庭服務人力，計列203,018千元（對直轄市政府之補助111,879千元、對各縣市政府之補助91,139千元）。2.辦理實物給付服務人力，計列11,667千元（對直轄市政府之補助2,640千元、對各縣市政府之補助9,027千元）。3.辦理急難救助紓困專案，計列145,131千元（對直轄市政府之補助75,814千元、對各縣市政府之補助69,317千元）。","1","","","","","","true","","","",""
"6271570100","一般性社會救助補助－衛生福利部","359,816","01","一般性社會救助補助－衛生福利部","4000","獎補助費","4005","對直轄市政府之補助","用途別二級","190333","","","","","","","","","","","",""
"6271570100","一般性社會救助補助－衛生福利部","359,816","01","一般性社會救助補助－衛生福利部","4000","獎補助費","4010","對各縣市政府之補助","用途別二級","169483","","","","","","","","","","","",""
"6571570100","一般性醫療保健補助－衛生福利部","2,197,001","01","一般性醫療保健補助－衛生福利部","","","","","分支計畫","2197001","","","","","","","","","","","",""
"6571570100","一般性醫療保健補助－衛生福利部","2,197,001","01","一般性醫療保健補助－衛生福利部","","","","","未歸戶說明","","3.護理及健康照護業務：(1)辦理原住民族及離島地區醫療照護服務等業務，共需經費47,867千元，其內容如下：<1>補助地方政府辦理原住民族及離島地區衛生所（室）巡迴醫療車（機車）、醫療儀器及資訊等相關設備更新，計列14,899千元（資本門）（對直轄市政府之補助1,304千元、對各縣市政府之補助13,595千元）（預計投注於原住民族地區10,341千元）。<2>補助地方政府辦理原住民族及離島地區衛生所（室）辦公廳舍與其附設護理之家重擴建（含修繕、空間規劃）、停機坪、相關設施整建（修）及建置，計列7,505千元（含資本門7,005千元）（對直轄市政府之補助676千元、對各縣市政府之補助6,829千元）（預計投注於原住民族地區4,305千元）。<3>補助地方政府辦理原住民族及離島地區部落社區健康營造計畫，計列21,390千元（對直轄市政府之補助3,100千元、對各縣市政府之補助18,290千元）（預計投注於原住民族地區15,500千元）。<4>補助地方政府辦理離島地區醫療院所提升優質照護服務等，計列4,073千元（含資本門125千元）（對各縣市政府之補助）。","","","","","","true","","","","",""
"6571570100","一般性醫療保健補助－衛生福利部","2,197,001","01","一般性醫療保健補助－衛生福利部","","","","","未歸戶說明","","(2)加強原住民族及離島地區醫療保健服務，共需經費33,685千元，其內容如下：<1>補助地方政府辦理原住民族地區原住民就醫及照護資源（含社福機構）使用交通費，計列15,776千元（對直轄市政府之補助3,085千元、對各縣市政府之補助12,691千元）（預計投注於原住民族地區）。<2>補助地方政府辦理離島地區嚴重或緊急傷病患就醫交通費等，計列17,909千元（對各縣市政府之補助）。","","","","","","true","","","","",""
"6571570100","一般性醫療保健補助－衛生福利部","2,197,001","01","一般性醫療保健補助－衛生福利部","4000","獎補助費","","","用途別一級","2197001","","","","","","","","","","","",""
"6571570100","一般性醫療保健補助－衛生福利部","2,197,001","01","一般性醫療保健補助－衛生福利部","4000","獎補助費","4005","對直轄市政府之補助","用途別二級","1127764","","","","","","","","","","","",""
"6571570100","一般性醫療保健補助－衛生福利部","2,197,001","01","一般性醫療保健補助－衛生福利部","4000","獎補助費","4010","對各縣市政府之補助","用途別二級","1069237","","","","","","","","","","","",""